player_id,game_mode,region,day_start,rating,rank,games_played,updated_at,weekly_games_played,day_avg,weekly_avg
2832,0,NA,2026-08-04,13353,45,0,2026-08-05 04:30:29.514014+00,0,,
3130,0,NA,2026-08-04,13287,46,0,2026-08-05 04:30:29.514014+00,0,,
394412122,0,NA,2026-08-04,13240,47,0,2026-08-05 04:30:29.514014+00,0,,
6993178,0,NA,2026-08-04,13227,48,0,2026-08-05 04:30:29.514014+00,0,,
141074875,0,NA,2026-08-04,13193,49,0,2026-08-05 04:30:29.514014+00,0,,
270477972,0,NA,2026-08-04,13185,50,0,2026-08-05 04:30:29.514014+00,0,,
23225876,0,NA,2026-08-04,13168,51,0,2026-08-05 04:30:29.514014+00,0,,
160817716,0,NA,2026-08-04,13150,52,0,2026-08-05 04:30:29.514014+00,0,,
175874742,0,NA,2026-08-04,13125,53,0,2026-08-05 04:30:29.514014+00,0,,
3154,0,NA,2026-08-04,13104,54,0,2026-08-05 04:30:29.514014+00,0,,
213752815,0,NA,2026-08-04,13041,55,0,2026-08-05 04:30:29.514014+00,0,,
333118258,0,NA,2026-08-04,13020,56,0,2026-08-05 04:30:29.514014+00,0,,
134490256,0,NA,2026-08-04,13013,57,0,2026-08-05 04:30:29.514014+00,0,,
38097290,0,NA,2026-08-04,12972,58,0,2026-08-05 04:30:29.514014+00,0,,
294600692,0,NA,2026-08-04,12913,59,0,2026-08-05 04:30:29.514014+00,0,,
3082,0,NA,2026-08-04,12912,60,0,2026-08-05 04:30:29.514014+00,0,,
7886,0,NA,2026-08-04,12906,61,0,2026-08-05 04:30:29.514014+00,0,,
25,0,NA,2026-08-04,12894,62,0,2026-08-05 04:30:29.514014+00,0,,
8212,0,NA,2026-08-04,12867,63,0,2026-08-05 04:30:29.514014+00,0,,
3283,0,NA,2026-08-04,12864,64,0,2026-08-05 04:30:29.514014+00,0,,
152001494,0,NA,2026-08-04,12862,65,0,2026-08-05 04:30:29.514014+00,0,,
2898,0,NA,2026-08-04,12862,66,0,2026-08-05 04:30:29.514014+00,0,,
2960,0,NA,2026-08-04,12763,67,0,2026-08-05 04:30:29.514014+00,0,,
48375072,0,NA,2026-08-04,12720,68,0,2026-08-05 04:30:29.514014+00,0,,
113296149,0,NA,2026-08-04,12719,69,0,2026-08-05 04:30:29.514014+00,0,,
9148,0,NA,2026-08-04,12711,70,0,2026-08-05 04:30:29.514014+00,0,,
7,0,NA,2026-08-04,12673,71,0,2026-08-05 04:30:29.514014+00,0,,
24241026,0,NA,2026-08-04,12653,72,0,2026-08-05 04:30:29.514014+00,0,,
72256497,0,NA,2026-08-04,15734,10,0,2026-08-05 04:30:29.514014+00,0,,
150,0,NA,2026-08-04,15628,11,0,2026-08-05 04:30:29.514014+00,0,,
3068,0,NA,2026-08-04,15613,12,0,2026-08-05 04:30:29.514014+00,0,,
206112057,0,NA,2026-08-04,15583,13,0,2026-08-05 04:30:29.514014+00,0,,
74443142,0,NA,2026-08-04,15491,14,0,2026-08-05 04:30:29.514014+00,0,,
3173,0,NA,2026-08-04,15318,15,0,2026-08-05 04:30:29.514014+00,0,,
3311,0,NA,2026-08-04,15290,16,0,2026-08-05 04:30:29.514014+00,0,,
274493837,0,NA,2026-08-04,15091,17,0,2026-08-05 04:30:29.514014+00,0,,
9583,0,NA,2026-08-04,15085,18,0,2026-08-05 04:30:29.514014+00,0,,
9593,0,NA,2026-08-04,15083,19,0,2026-08-05 04:30:29.514014+00,0,,
273548389,0,NA,2026-08-04,15070,20,0,2026-08-05 04:30:29.514014+00,0,,
165931368,0,NA,2026-08-04,15012,21,0,2026-08-05 04:30:29.514014+00,0,,
79,0,NA,2026-08-04,14901,22,0,2026-08-05 04:30:29.514014+00,0,,
3112,0,NA,2026-08-04,14807,23,0,2026-08-05 04:30:29.514014+00,0,,
402708915,0,NA,2026-08-04,14732,24,0,2026-08-05 04:30:29.514014+00,0,,
279688111,0,NA,2026-08-04,14555,25,0,2026-08-05 04:30:29.514014+00,0,,
99,0,NA,2026-08-04,14402,26,0,2026-08-05 04:30:29.514014+00,0,,
3208,0,NA,2026-08-04,14195,27,0,2026-08-05 04:30:29.514014+00,0,,
3149,0,NA,2026-08-04,14130,28,0,2026-08-05 04:30:29.514014+00,0,,
2807,0,NA,2026-08-04,14100,29,0,2026-08-05 04:30:29.514014+00,0,,
2974,0,NA,2026-08-04,14072,30,0,2026-08-05 04:30:29.514014+00,0,,
3174068,0,NA,2026-08-04,14041,31,0,2026-08-05 04:30:29.514014+00,0,,
8013,0,NA,2026-08-04,14002,32,0,2026-08-05 04:30:29.514014+00,0,,
5010923,0,NA,2026-08-04,13970,33,0,2026-08-05 04:30:29.514014+00,0,,
176492173,0,NA,2026-08-04,13957,34,0,2026-08-05 04:30:29.514014+00,0,,
8141,0,NA,2026-08-04,13848,35,0,2026-08-05 04:30:29.514014+00,0,,
9966,0,NA,2026-08-04,13780,36,0,2026-08-05 04:30:29.514014+00,0,,
51897079,0,NA,2026-08-04,13708,37,0,2026-08-05 04:30:29.514014+00,0,,
140,0,NA,2026-08-04,13700,38,0,2026-08-05 04:30:29.514014+00,0,,
155292439,0,NA,2026-08-04,13622,39,0,2026-08-05 04:30:29.514014+00,0,,
165408714,0,NA,2026-08-04,13453,40,0,2026-08-05 04:30:29.514014+00,0,,
10180,0,NA,2026-08-04,13443,41,0,2026-08-05 04:30:29.514014+00,0,,
2924,0,NA,2026-08-04,13434,42,0,2026-08-05 04:30:29.514014+00,0,,
10102,0,NA,2026-08-04,13372,43,0,2026-08-05 04:30:29.514014+00,0,,
5010554,0,NA,2026-08-04,13355,44,0,2026-08-05 04:30:29.514014+00,0,,
9793,0,NA,2026-08-04,12601,73,0,2026-08-05 04:30:29.514014+00,0,,
3144,0,NA,2026-08-04,12587,74,0,2026-08-05 04:30:29.514014+00,0,,
4221389,0,NA,2026-08-04,12563,75,0,2026-08-05 04:30:29.514014+00,0,,
3635192,0,NA,2026-08-04,12562,76,0,2026-08-05 04:30:29.514014+00,0,,
12615139,0,NA,2026-08-04,12494,77,0,2026-08-05 04:30:29.514014+00,0,,
6862705,0,NA,2026-08-04,12485,78,0,2026-08-05 04:30:29.514014+00,0,,
12193312,0,NA,2026-08-04,12483,79,0,2026-08-05 04:30:29.514014+00,0,,
8191930,0,NA,2026-08-04,12462,80,0,2026-08-05 04:30:29.514014+00,0,,
8749,0,NA,2026-08-04,12451,81,0,2026-08-05 04:30:29.514014+00,0,,
5304076,0,NA,2026-08-04,12431,82,0,2026-08-05 04:30:29.514014+00,0,,
2827,0,NA,2026-08-04,20013,1,0,2026-08-05 04:30:29.514014+00,0,,
73,0,NA,2026-08-04,19577,2,0,2026-08-05 04:30:29.514014+00,0,,
3278,0,NA,2026-08-04,18007,3,0,2026-08-05 04:30:29.514014+00,0,,
3289,0,NA,2026-08-04,17113,4,0,2026-08-05 04:30:29.514014+00,0,,
36,0,NA,2026-08-04,16893,5,0,2026-08-05 04:30:29.514014+00,0,,
3251,0,NA,2026-08-04,16511,6,0,2026-08-05 04:30:29.514014+00,0,,
214242296,0,NA,2026-08-04,16154,7,0,2026-08-05 04:30:29.514014+00,0,,
3164,0,NA,2026-08-04,16077,8,0,2026-08-05 04:30:29.514014+00,0,,
3173662,0,NA,2026-08-04,15742,9,0,2026-08-05 04:30:29.514014+00,0,,
7922,0,NA,2026-08-04,12387,83,0,2026-08-05 04:30:29.514014+00,0,,
299696440,0,NA,2026-08-04,12383,84,0,2026-08-05 04:30:29.514014+00,0,,
2980,0,NA,2026-08-04,12382,85,0,2026-08-05 04:30:29.514014+00,0,,
2831,0,NA,2026-08-04,12370,86,0,2026-08-05 04:30:29.514014+00,0,,
11004,0,NA,2026-08-04,12366,87,0,2026-08-05 04:30:29.514014+00,0,,
33790979,0,NA,2026-08-04,12363,88,0,2026-08-05 04:30:29.514014+00,0,,
334709464,0,NA,2026-08-04,12346,89,0,2026-08-05 04:30:29.514014+00,0,,
274617423,0,NA,2026-08-04,12338,90,0,2026-08-05 04:30:29.514014+00,0,,
8045,0,NA,2026-08-04,12333,91,0,2026-08-05 04:30:29.514014+00,0,,
134664160,0,NA,2026-08-04,12260,92,0,2026-08-05 04:30:29.514014+00,0,,
25616498,0,NA,2026-08-04,12227,93,0,2026-08-05 04:30:29.514014+00,0,,
430323911,0,NA,2026-08-04,12227,94,0,2026-08-05 04:30:29.514014+00,0,,
4844239,0,NA,2026-08-04,12196,95,0,2026-08-05 04:30:29.514014+00,0,,
350550356,0,NA,2026-08-04,12191,96,0,2026-08-05 04:30:29.514014+00,0,,
344819892,0,NA,2026-08-04,12184,97,0,2026-08-05 04:30:29.514014+00,0,,
3173907,0,NA,2026-08-04,12167,98,0,2026-08-05 04:30:29.514014+00,0,,
286420110,0,NA,2026-08-04,12146,99,0,2026-08-05 04:30:29.514014+00,0,,
152653579,0,NA,2026-08-04,12142,100,0,2026-08-05 04:30:29.514014+00,0,,
349106359,0,NA,2026-08-04,12135,101,0,2026-08-05 04:30:29.514014+00,0,,
174144731,0,NA,2026-08-04,12126,102,0,2026-08-05 04:30:29.514014+00,0,,
8841235,0,NA,2026-08-04,12119,103,0,2026-08-05 04:30:29.514014+00,0,,
3284,0,NA,2026-08-04,12118,104,0,2026-08-05 04:30:29.514014+00,0,,
9223,0,NA,2026-08-04,12117,105,0,2026-08-05 04:30:29.514014+00,0,,
81993492,0,NA,2026-08-04,12102,106,0,2026-08-05 04:30:29.514014+00,0,,
8733,0,NA,2026-08-04,12083,107,0,2026-08-05 04:30:29.514014+00,0,,
9076,0,NA,2026-08-04,12083,108,0,2026-08-05 04:30:29.514014+00,0,,
192268475,0,NA,2026-08-04,12079,109,0,2026-08-05 04:30:29.514014+00,0,,
2958,0,NA,2026-08-04,12069,110,0,2026-08-05 04:30:29.514014+00,0,,
141,0,NA,2026-08-04,12068,111,0,2026-08-05 04:30:29.514014+00,0,,
9070,0,NA,2026-08-04,12064,112,0,2026-08-05 04:30:29.514014+00,0,,
298944715,0,NA,2026-08-04,12062,113,0,2026-08-05 04:30:29.514014+00,0,,
22840595,0,NA,2026-08-04,12060,114,0,2026-08-05 04:30:29.514014+00,0,,
7482769,0,NA,2026-08-04,12050,115,0,2026-08-05 04:30:29.514014+00,0,,
305579880,0,NA,2026-08-04,12048,116,0,2026-08-05 04:30:29.514014+00,0,,
51853059,0,NA,2026-08-04,12021,117,0,2026-08-05 04:30:29.514014+00,0,,
192383097,0,NA,2026-08-04,12016,118,0,2026-08-05 04:30:29.514014+00,0,,
3174955,0,NA,2026-08-04,12007,119,0,2026-08-05 04:30:29.514014+00,0,,
3191,0,NA,2026-08-04,12002,120,0,2026-08-05 04:30:29.514014+00,0,,
129153872,0,NA,2026-08-04,12002,121,0,2026-08-05 04:30:29.514014+00,0,,
414326893,0,NA,2026-08-04,11989,122,0,2026-08-05 04:30:29.514014+00,0,,
3286,0,NA,2026-08-04,11989,123,0,2026-08-05 04:30:29.514014+00,0,,
3173843,0,NA,2026-08-04,11942,124,0,2026-08-05 04:30:29.514014+00,0,,
34863216,0,NA,2026-08-04,11940,125,0,2026-08-05 04:30:29.514014+00,0,,
8925,0,NA,2026-08-04,11921,126,0,2026-08-05 04:30:29.514014+00,0,,
160415411,0,NA,2026-08-04,11916,127,0,2026-08-05 04:30:29.514014+00,0,,
178130545,0,NA,2026-08-04,11912,128,0,2026-08-05 04:30:29.514014+00,0,,
13385140,0,NA,2026-08-04,11909,129,0,2026-08-05 04:30:29.514014+00,0,,
8177,0,NA,2026-08-04,11896,130,0,2026-08-05 04:30:29.514014+00,0,,
19109679,0,NA,2026-08-04,11873,131,0,2026-08-05 04:30:29.514014+00,0,,
224987514,0,NA,2026-08-04,11865,132,0,2026-08-05 04:30:29.514014+00,0,,
285615016,0,NA,2026-08-04,11829,133,0,2026-08-05 04:30:29.514014+00,0,,
1385410,0,NA,2026-08-04,11801,134,0,2026-08-05 04:30:29.514014+00,0,,
5687693,0,NA,2026-08-04,11780,135,0,2026-08-05 04:30:29.514014+00,0,,
3287,0,NA,2026-08-04,11770,136,0,2026-08-05 04:30:29.514014+00,0,,
4951489,0,NA,2026-08-04,11765,137,0,2026-08-05 04:30:29.514014+00,0,,
10326,0,NA,2026-08-04,11734,138,0,2026-08-05 04:30:29.514014+00,0,,
3357,0,NA,2026-08-04,11686,139,0,2026-08-05 04:30:29.514014+00,0,,
9498,0,NA,2026-08-04,11684,140,0,2026-08-05 04:30:29.514014+00,0,,
285925701,0,NA,2026-08-04,11659,141,0,2026-08-05 04:30:29.514014+00,0,,
4487939,0,NA,2026-08-04,11658,142,0,2026-08-05 04:30:29.514014+00,0,,
9786,0,NA,2026-08-04,11642,143,0,2026-08-05 04:30:29.514014+00,0,,
801280,0,NA,2026-08-04,11629,144,0,2026-08-05 04:30:29.514014+00,0,,
8778,0,NA,2026-08-04,11622,145,0,2026-08-05 04:30:29.514014+00,0,,
10342,0,NA,2026-08-04,11607,146,0,2026-08-05 04:30:29.514014+00,0,,
16990580,0,NA,2026-08-04,11606,147,0,2026-08-05 04:30:29.514014+00,0,,
3173686,0,NA,2026-08-04,11601,148,0,2026-08-05 04:30:29.514014+00,0,,
2873,0,NA,2026-08-04,11580,149,0,2026-08-05 04:30:29.514014+00,0,,
69996092,0,NA,2026-08-04,11567,150,0,2026-08-05 04:30:29.514014+00,0,,
26060124,0,NA,2026-08-04,11551,151,0,2026-08-05 04:30:29.514014+00,0,,
18986995,0,NA,2026-08-04,11548,152,0,2026-08-05 04:30:29.514014+00,0,,
212921387,0,NA,2026-08-04,11545,153,0,2026-08-05 04:30:29.514014+00,0,,
77730098,0,NA,2026-08-04,11525,154,0,2026-08-05 04:30:29.514014+00,0,,
88633345,0,NA,2026-08-04,11516,155,0,2026-08-05 04:30:29.514014+00,0,,
12625755,0,NA,2026-08-04,11498,156,0,2026-08-05 04:30:29.514014+00,0,,
28646592,0,NA,2026-08-04,11498,157,0,2026-08-05 04:30:29.514014+00,0,,
247762142,0,NA,2026-08-04,11456,158,0,2026-08-05 04:30:29.514014+00,0,,
2834,0,NA,2026-08-04,11444,159,0,2026-08-05 04:30:29.514014+00,0,,
318752116,0,NA,2026-08-04,11438,160,0,2026-08-05 04:30:29.514014+00,0,,
2996,0,NA,2026-08-04,11438,161,0,2026-08-05 04:30:29.514014+00,0,,
339839595,0,NA,2026-08-04,11435,162,0,2026-08-05 04:30:29.514014+00,0,,
168048831,0,NA,2026-08-04,11427,163,0,2026-08-05 04:30:29.514014+00,0,,
8195,0,NA,2026-08-04,11383,164,0,2026-08-05 04:30:29.514014+00,0,,
14368892,0,NA,2026-08-04,11377,165,0,2026-08-05 04:30:29.514014+00,0,,
8762,0,NA,2026-08-04,11373,166,0,2026-08-05 04:30:29.514014+00,0,,
38398160,0,NA,2026-08-04,11371,167,0,2026-08-05 04:30:29.514014+00,0,,
46401423,0,NA,2026-08-04,11363,168,0,2026-08-05 04:30:29.514014+00,0,,
347291677,0,NA,2026-08-04,11349,169,0,2026-08-05 04:30:29.514014+00,0,,
44664524,0,NA,2026-08-04,11346,170,0,2026-08-05 04:30:29.514014+00,0,,
155463410,0,NA,2026-08-04,11343,171,0,2026-08-05 04:30:29.514014+00,0,,
27943635,0,NA,2026-08-04,11326,172,0,2026-08-05 04:30:29.514014+00,0,,
266444149,0,NA,2026-08-04,11324,173,0,2026-08-05 04:30:29.514014+00,0,,
269971791,0,NA,2026-08-04,11314,174,0,2026-08-05 04:30:29.514014+00,0,,
7841,0,NA,2026-08-04,11310,175,0,2026-08-05 04:30:29.514014+00,0,,
63879933,0,NA,2026-08-04,11305,176,0,2026-08-05 04:30:29.514014+00,0,,
7923,0,NA,2026-08-04,11304,177,0,2026-08-05 04:30:29.514014+00,0,,
8409,0,NA,2026-08-04,11288,178,0,2026-08-05 04:30:29.514014+00,0,,
9642,0,NA,2026-08-04,11277,179,0,2026-08-05 04:30:29.514014+00,0,,
253386624,0,NA,2026-08-04,11271,180,0,2026-08-05 04:30:29.514014+00,0,,
208416373,0,NA,2026-08-04,11266,181,0,2026-08-05 04:30:29.514014+00,0,,
8196,0,NA,2026-08-04,11264,182,0,2026-08-05 04:30:29.514014+00,0,,
5010793,0,NA,2026-08-04,11245,183,0,2026-08-05 04:30:29.514014+00,0,,
33472974,0,NA,2026-08-04,11219,184,0,2026-08-05 04:30:29.514014+00,0,,
9226,0,NA,2026-08-04,11195,185,0,2026-08-05 04:30:29.514014+00,0,,
30973382,0,NA,2026-08-04,11193,186,0,2026-08-05 04:30:29.514014+00,0,,
7994,0,NA,2026-08-04,11190,187,0,2026-08-05 04:30:29.514014+00,0,,
10133,0,NA,2026-08-04,11187,188,0,2026-08-05 04:30:29.514014+00,0,,
2938,0,NA,2026-08-04,11172,189,0,2026-08-05 04:30:29.514014+00,0,,
159133839,0,NA,2026-08-04,11169,190,0,2026-08-05 04:30:29.514014+00,0,,
11700110,0,NA,2026-08-04,11169,191,0,2026-08-05 04:30:29.514014+00,0,,
134332855,0,NA,2026-08-04,11159,192,0,2026-08-05 04:30:29.514014+00,0,,
29119989,0,NA,2026-08-04,11151,193,0,2026-08-05 04:30:29.514014+00,0,,
13436310,0,NA,2026-08-04,11145,194,0,2026-08-05 04:30:29.514014+00,0,,
8199,0,NA,2026-08-04,11139,195,0,2026-08-05 04:30:29.514014+00,0,,
9629,0,NA,2026-08-04,11138,196,0,2026-08-05 04:30:29.514014+00,0,,
26560233,0,NA,2026-08-04,11135,197,0,2026-08-05 04:30:29.514014+00,0,,
44329360,0,NA,2026-08-04,11133,198,0,2026-08-05 04:30:29.514014+00,0,,
276724837,0,NA,2026-08-04,11131,199,0,2026-08-05 04:30:29.514014+00,0,,
10060,0,NA,2026-08-04,11129,200,0,2026-08-05 04:30:29.514014+00,0,,
9881,0,NA,2026-08-04,11128,201,0,2026-08-05 04:30:29.514014+00,0,,
51827894,0,NA,2026-08-04,11126,202,0,2026-08-05 04:30:29.514014+00,0,,
8809,0,NA,2026-08-04,11116,203,0,2026-08-05 04:30:29.514014+00,0,,
9564733,0,NA,2026-08-04,11113,204,0,2026-08-05 04:30:29.514014+00,0,,
9043,0,NA,2026-08-04,11102,205,0,2026-08-05 04:30:29.514014+00,0,,
96810440,0,NA,2026-08-04,11102,206,0,2026-08-05 04:30:29.514014+00,0,,
322612206,0,NA,2026-08-04,11096,207,0,2026-08-05 04:30:29.514014+00,0,,
91449306,0,NA,2026-08-04,11092,208,0,2026-08-05 04:30:29.514014+00,0,,
8973,0,NA,2026-08-04,11092,209,0,2026-08-05 04:30:29.514014+00,0,,
8577,0,NA,2026-08-04,11089,210,0,2026-08-05 04:30:29.514014+00,0,,
8999,0,NA,2026-08-04,11088,211,0,2026-08-05 04:30:29.514014+00,0,,
8739,0,NA,2026-08-04,11084,212,0,2026-08-05 04:30:29.514014+00,0,,
282689444,0,NA,2026-08-04,11074,213,0,2026-08-05 04:30:29.514014+00,0,,
4113564,0,NA,2026-08-04,11074,214,0,2026-08-05 04:30:29.514014+00,0,,
6,0,NA,2026-08-04,11068,215,0,2026-08-05 04:30:29.514014+00,0,,
9129,0,NA,2026-08-04,11059,216,0,2026-08-05 04:30:29.514014+00,0,,
24189359,0,NA,2026-08-04,11049,217,0,2026-08-05 04:30:29.514014+00,0,,
3084874,0,NA,2026-08-04,11046,218,0,2026-08-05 04:30:29.514014+00,0,,
247263857,0,NA,2026-08-04,11042,219,0,2026-08-05 04:30:29.514014+00,0,,
8192,0,NA,2026-08-04,11035,220,0,2026-08-05 04:30:29.514014+00,0,,
4226829,0,NA,2026-08-04,11010,221,0,2026-08-05 04:30:29.514014+00,0,,
331797916,0,NA,2026-08-04,11009,222,0,2026-08-05 04:30:29.514014+00,0,,
28977,0,NA,2026-08-04,11006,223,0,2026-08-05 04:30:29.514014+00,0,,
295210408,0,NA,2026-08-04,11005,224,0,2026-08-05 04:30:29.514014+00,0,,
287813894,0,NA,2026-08-04,11001,225,0,2026-08-05 04:30:29.514014+00,0,,
3433,0,NA,2026-08-04,11000,226,0,2026-08-05 04:30:29.514014+00,0,,
10005,0,NA,2026-08-04,11000,227,0,2026-08-05 04:30:29.514014+00,0,,
10146,0,NA,2026-08-04,10998,228,0,2026-08-05 04:30:29.514014+00,0,,
317918887,0,NA,2026-08-04,10981,229,0,2026-08-05 04:30:29.514014+00,0,,
3176495,0,NA,2026-08-04,10962,230,0,2026-08-05 04:30:29.514014+00,0,,
189037455,0,NA,2026-08-04,10956,231,0,2026-08-05 04:30:29.514014+00,0,,
5028034,0,NA,2026-08-04,10951,232,0,2026-08-05 04:30:29.514014+00,0,,
22911359,0,NA,2026-08-04,10938,233,0,2026-08-05 04:30:29.514014+00,0,,
8138,0,NA,2026-08-04,10924,234,0,2026-08-05 04:30:29.514014+00,0,,
8636461,0,NA,2026-08-04,10920,235,0,2026-08-05 04:30:29.514014+00,0,,
28350590,0,NA,2026-08-04,10912,236,0,2026-08-05 04:30:29.514014+00,0,,
3119,0,NA,2026-08-04,10908,237,0,2026-08-05 04:30:29.514014+00,0,,
39112196,0,NA,2026-08-04,10908,238,0,2026-08-05 04:30:29.514014+00,0,,
3243,0,NA,2026-08-04,10906,239,0,2026-08-05 04:30:29.514014+00,0,,
340816671,0,NA,2026-08-04,10900,240,0,2026-08-05 04:30:29.514014+00,0,,
317162113,0,NA,2026-08-04,10898,241,0,2026-08-05 04:30:29.514014+00,0,,
3173647,0,NA,2026-08-04,10884,242,0,2026-08-05 04:30:29.514014+00,0,,
9283,0,NA,2026-08-04,10879,243,0,2026-08-05 04:30:29.514014+00,0,,
3267,0,NA,2026-08-04,10878,244,0,2026-08-05 04:30:29.514014+00,0,,
100099941,0,NA,2026-08-04,10867,245,0,2026-08-05 04:30:29.514014+00,0,,
128944023,0,NA,2026-08-04,10860,246,0,2026-08-05 04:30:29.514014+00,0,,
3289306,0,NA,2026-08-04,10857,247,0,2026-08-05 04:30:29.514014+00,0,,
332469101,0,NA,2026-08-04,10857,248,0,2026-08-05 04:30:29.514014+00,0,,
24494969,0,NA,2026-08-04,10829,249,0,2026-08-05 04:30:29.514014+00,0,,
9436,0,NA,2026-08-04,10826,250,0,2026-08-05 04:30:29.514014+00,0,,
3976339,0,NA,2026-08-04,10812,251,0,2026-08-05 04:30:29.514014+00,0,,
9728,0,NA,2026-08-04,10804,252,0,2026-08-05 04:30:29.514014+00,0,,
4214917,0,NA,2026-08-04,10799,253,0,2026-08-05 04:30:29.514014+00,0,,
50072526,0,NA,2026-08-04,10798,254,0,2026-08-05 04:30:29.514014+00,0,,
46612981,0,NA,2026-08-04,10795,255,0,2026-08-05 04:30:29.514014+00,0,,
9010706,0,NA,2026-08-04,10783,256,0,2026-08-05 04:30:29.514014+00,0,,
12316598,0,NA,2026-08-04,10776,257,0,2026-08-05 04:30:29.514014+00,0,,
8113,0,NA,2026-08-04,10771,258,0,2026-08-05 04:30:29.514014+00,0,,
1644161,0,NA,2026-08-04,10771,259,0,2026-08-05 04:30:29.514014+00,0,,
297930168,0,NA,2026-08-04,10767,260,0,2026-08-05 04:30:29.514014+00,0,,
9461,0,NA,2026-08-04,10767,261,0,2026-08-05 04:30:29.514014+00,0,,
180483732,0,NA,2026-08-04,10762,262,0,2026-08-05 04:30:29.514014+00,0,,
21804315,0,NA,2026-08-04,10748,263,0,2026-08-05 04:30:29.514014+00,0,,
155717269,0,NA,2026-08-04,10742,264,0,2026-08-05 04:30:29.514014+00,0,,
10003,0,NA,2026-08-04,10742,265,0,2026-08-05 04:30:29.514014+00,0,,
431145067,0,NA,2026-08-04,10735,266,0,2026-08-05 04:30:29.514014+00,0,,
152887828,0,NA,2026-08-04,10732,267,0,2026-08-05 04:30:29.514014+00,0,,
298749596,0,NA,2026-08-04,10730,268,0,2026-08-05 04:30:29.514014+00,0,,
2870,0,NA,2026-08-04,10728,269,0,2026-08-05 04:30:29.514014+00,0,,
40680980,0,NA,2026-08-04,10724,270,0,2026-08-05 04:30:29.514014+00,0,,
217134054,0,NA,2026-08-04,10722,271,0,2026-08-05 04:30:29.514014+00,0,,
2215975,0,NA,2026-08-04,10719,272,0,2026-08-05 04:30:29.514014+00,0,,
155373066,0,NA,2026-08-04,10713,273,0,2026-08-05 04:30:29.514014+00,0,,
172994649,0,NA,2026-08-04,10707,274,0,2026-08-05 04:30:29.514014+00,0,,
382207144,0,NA,2026-08-04,10686,275,0,2026-08-05 04:30:29.514014+00,0,,
27721825,0,NA,2026-08-04,10684,276,0,2026-08-05 04:30:29.514014+00,0,,
9746,0,NA,2026-08-04,10683,277,0,2026-08-05 04:30:29.514014+00,0,,
1629389,0,NA,2026-08-04,10681,278,0,2026-08-05 04:30:29.514014+00,0,,
168091815,0,NA,2026-08-04,10660,279,0,2026-08-05 04:30:29.514014+00,0,,
405477820,0,NA,2026-08-04,10660,280,0,2026-08-05 04:30:29.514014+00,0,,
46570548,0,NA,2026-08-04,10660,281,0,2026-08-05 04:30:29.514014+00,0,,
2969,0,NA,2026-08-04,10645,282,0,2026-08-05 04:30:29.514014+00,0,,
12552318,0,NA,2026-08-04,10636,283,0,2026-08-05 04:30:29.514014+00,0,,
98830,0,NA,2026-08-04,10629,284,0,2026-08-05 04:30:29.514014+00,0,,
8470,0,NA,2026-08-04,10628,285,0,2026-08-05 04:30:29.514014+00,0,,
195260655,0,NA,2026-08-04,10623,286,0,2026-08-05 04:30:29.514014+00,0,,
8693,0,NA,2026-08-04,10622,287,0,2026-08-05 04:30:29.514014+00,0,,
31805130,0,NA,2026-08-04,10595,288,0,2026-08-05 04:30:29.514014+00,0,,
3285,0,NA,2026-08-04,10591,289,0,2026-08-05 04:30:29.514014+00,0,,
155405823,0,NA,2026-08-04,10589,290,0,2026-08-05 04:30:29.514014+00,0,,
9882,0,NA,2026-08-04,10588,291,0,2026-08-05 04:30:29.514014+00,0,,
8271,0,NA,2026-08-04,10587,292,0,2026-08-05 04:30:29.514014+00,0,,
9566,0,NA,2026-08-04,10580,293,0,2026-08-05 04:30:29.514014+00,0,,
8483,0,NA,2026-08-04,10577,294,0,2026-08-05 04:30:29.514014+00,0,,
8124,0,NA,2026-08-04,10573,295,0,2026-08-05 04:30:29.514014+00,0,,
65089477,0,NA,2026-08-04,10565,296,0,2026-08-05 04:30:29.514014+00,0,,
3007,0,NA,2026-08-04,10563,297,0,2026-08-05 04:30:29.514014+00,0,,
36956713,0,NA,2026-08-04,10560,298,0,2026-08-05 04:30:29.514014+00,0,,
762821,0,NA,2026-08-04,10553,299,0,2026-08-05 04:30:29.514014+00,0,,
8850,0,NA,2026-08-04,10552,300,0,2026-08-05 04:30:29.514014+00,0,,
216133215,0,NA,2026-08-04,10548,301,0,2026-08-05 04:30:29.514014+00,0,,
213713518,0,NA,2026-08-04,10546,302,0,2026-08-05 04:30:29.514014+00,0,,
152604172,0,NA,2026-08-04,10543,303,0,2026-08-05 04:30:29.514014+00,0,,
297753591,0,NA,2026-08-04,10537,304,0,2026-08-05 04:30:29.514014+00,0,,
381735891,0,NA,2026-08-04,10537,305,0,2026-08-05 04:30:29.514014+00,0,,
2786,0,NA,2026-08-04,10531,306,0,2026-08-05 04:30:29.514014+00,0,,
6254783,0,NA,2026-08-04,10525,307,0,2026-08-05 04:30:29.514014+00,0,,
147744366,0,NA,2026-08-04,10524,308,0,2026-08-05 04:30:29.514014+00,0,,
301484833,0,NA,2026-08-04,10519,309,0,2026-08-05 04:30:29.514014+00,0,,
391993263,0,NA,2026-08-04,10514,310,0,2026-08-05 04:30:29.514014+00,0,,
327939420,0,NA,2026-08-04,10512,311,0,2026-08-05 04:30:29.514014+00,0,,
2620207,0,NA,2026-08-04,10512,312,0,2026-08-05 04:30:29.514014+00,0,,
67446700,0,NA,2026-08-04,10511,313,0,2026-08-05 04:30:29.514014+00,0,,
16189292,0,NA,2026-08-04,10502,314,0,2026-08-05 04:30:29.514014+00,0,,
12727643,0,NA,2026-08-04,10493,315,0,2026-08-05 04:30:29.514014+00,0,,
33449566,0,NA,2026-08-04,10490,316,0,2026-08-05 04:30:29.514014+00,0,,
8503,0,NA,2026-08-04,10486,317,0,2026-08-05 04:30:29.514014+00,0,,
235277404,0,NA,2026-08-04,10485,318,0,2026-08-05 04:30:29.514014+00,0,,
204194841,0,NA,2026-08-04,10467,319,0,2026-08-05 04:30:29.514014+00,0,,
18198630,0,NA,2026-08-04,10466,320,0,2026-08-05 04:30:29.514014+00,0,,
8231,0,NA,2026-08-04,10431,321,0,2026-08-05 04:30:29.514014+00,0,,
106785002,0,NA,2026-08-04,10418,322,0,2026-08-05 04:30:29.514014+00,0,,
46510437,0,NA,2026-08-04,10416,323,0,2026-08-05 04:30:29.514014+00,0,,
191827279,0,NA,2026-08-04,10403,324,0,2026-08-05 04:30:29.514014+00,0,,
13617910,0,NA,2026-08-04,10400,325,0,2026-08-05 04:30:29.514014+00,0,,
3269,0,NA,2026-08-04,10387,326,0,2026-08-05 04:30:29.514014+00,0,,
33627483,0,NA,2026-08-04,10384,327,0,2026-08-05 04:30:29.514014+00,0,,
610605,0,NA,2026-08-04,10376,328,0,2026-08-05 04:30:29.514014+00,0,,
171319199,0,NA,2026-08-04,10376,329,0,2026-08-05 04:30:29.514014+00,0,,
182573453,0,NA,2026-08-04,10371,330,0,2026-08-05 04:30:29.514014+00,0,,
340178143,0,NA,2026-08-04,10370,331,0,2026-08-05 04:30:29.514014+00,0,,
164406013,0,NA,2026-08-04,10364,332,0,2026-08-05 04:30:29.514014+00,0,,
8165880,0,NA,2026-08-04,10363,333,0,2026-08-05 04:30:29.514014+00,0,,
230219698,0,NA,2026-08-04,10351,334,0,2026-08-05 04:30:29.514014+00,0,,
181591295,0,NA,2026-08-04,10347,335,0,2026-08-05 04:30:29.514014+00,0,,
2795,0,NA,2026-08-04,10342,336,0,2026-08-05 04:30:29.514014+00,0,,
8808554,0,NA,2026-08-04,10340,337,0,2026-08-05 04:30:29.514014+00,0,,
124053341,0,NA,2026-08-04,10335,338,0,2026-08-05 04:30:29.514014+00,0,,
192633862,0,NA,2026-08-04,10329,339,0,2026-08-05 04:30:29.514014+00,0,,
9122854,0,NA,2026-08-04,10324,340,0,2026-08-05 04:30:29.514014+00,0,,
17288332,0,NA,2026-08-04,10321,341,0,2026-08-05 04:30:29.514014+00,0,,
26628874,0,NA,2026-08-04,10320,342,0,2026-08-05 04:30:29.514014+00,0,,
12263724,0,NA,2026-08-04,10318,343,0,2026-08-05 04:30:29.514014+00,0,,
291641911,0,NA,2026-08-04,10310,344,0,2026-08-05 04:30:29.514014+00,0,,
335733486,0,NA,2026-08-04,10307,345,0,2026-08-05 04:30:29.514014+00,0,,
63,0,NA,2026-08-04,10302,346,0,2026-08-05 04:30:29.514014+00,0,,
10206,0,NA,2026-08-04,10302,347,0,2026-08-05 04:30:29.514014+00,0,,
46140398,0,NA,2026-08-04,10300,348,0,2026-08-05 04:30:29.514014+00,0,,
274425290,0,NA,2026-08-04,10295,349,0,2026-08-05 04:30:29.514014+00,0,,
166135231,0,NA,2026-08-04,10290,350,0,2026-08-05 04:30:29.514014+00,0,,
45257823,0,NA,2026-08-04,10267,351,0,2026-08-05 04:30:29.514014+00,0,,
11169,0,NA,2026-08-04,10260,352,0,2026-08-05 04:30:29.514014+00,0,,
186707504,0,NA,2026-08-04,10256,353,0,2026-08-05 04:30:29.514014+00,0,,
314873874,0,NA,2026-08-04,10255,354,0,2026-08-05 04:30:29.514014+00,0,,
6087538,0,NA,2026-08-04,10253,355,0,2026-08-05 04:30:29.514014+00,0,,
9993,0,NA,2026-08-04,10252,356,0,2026-08-05 04:30:29.514014+00,0,,
181315213,0,NA,2026-08-04,10250,357,0,2026-08-05 04:30:29.514014+00,0,,
110777427,0,NA,2026-08-04,10248,358,0,2026-08-05 04:30:29.514014+00,0,,
8302,0,NA,2026-08-04,10241,359,0,2026-08-05 04:30:29.514014+00,0,,
202229008,0,NA,2026-08-04,10232,360,0,2026-08-05 04:30:29.514014+00,0,,
166025918,0,NA,2026-08-04,10231,361,0,2026-08-05 04:30:29.514014+00,0,,
348061723,0,NA,2026-08-04,10229,362,0,2026-08-05 04:30:29.514014+00,0,,
258951526,0,NA,2026-08-04,10220,363,0,2026-08-05 04:30:29.514014+00,0,,
188414875,0,NA,2026-08-04,10219,364,0,2026-08-05 04:30:29.514014+00,0,,
10009,0,NA,2026-08-04,10214,365,0,2026-08-05 04:30:29.514014+00,0,,
9206,0,NA,2026-08-04,10213,366,0,2026-08-05 04:30:29.514014+00,0,,
406408709,0,NA,2026-08-04,10207,367,0,2026-08-05 04:30:29.514014+00,0,,
3264,0,NA,2026-08-04,10199,368,0,2026-08-05 04:30:29.514014+00,0,,
209588859,0,NA,2026-08-04,10198,369,0,2026-08-05 04:30:29.514014+00,0,,
3055,0,NA,2026-08-04,10195,370,0,2026-08-05 04:30:29.514014+00,0,,
396906431,0,NA,2026-08-04,10195,371,0,2026-08-05 04:30:29.514014+00,0,,
216265989,0,NA,2026-08-04,10190,372,0,2026-08-05 04:30:29.514014+00,0,,
335501304,0,NA,2026-08-04,10189,373,0,2026-08-05 04:30:29.514014+00,0,,
2494037,0,NA,2026-08-04,10184,374,0,2026-08-05 04:30:29.514014+00,0,,
204682256,0,NA,2026-08-04,10181,375,0,2026-08-05 04:30:29.514014+00,0,,
343590968,0,NA,2026-08-04,10175,376,0,2026-08-05 04:30:29.514014+00,0,,
8591,0,NA,2026-08-04,10173,377,0,2026-08-05 04:30:29.514014+00,0,,
11992486,0,NA,2026-08-04,10167,378,0,2026-08-05 04:30:29.514014+00,0,,
1784682,0,NA,2026-08-04,10167,379,0,2026-08-05 04:30:29.514014+00,0,,
10350,0,NA,2026-08-04,10164,380,0,2026-08-05 04:30:29.514014+00,0,,
8175,0,NA,2026-08-04,10159,381,0,2026-08-05 04:30:29.514014+00,0,,
9568,0,NA,2026-08-04,10155,382,0,2026-08-05 04:30:29.514014+00,0,,
17978071,0,NA,2026-08-04,10149,383,0,2026-08-05 04:30:29.514014+00,0,,
9997,0,NA,2026-08-04,10147,384,0,2026-08-05 04:30:29.514014+00,0,,
85492390,0,NA,2026-08-04,10145,385,0,2026-08-05 04:30:29.514014+00,0,,
8980,0,NA,2026-08-04,10145,386,0,2026-08-05 04:30:29.514014+00,0,,
13012178,0,NA,2026-08-04,10144,387,0,2026-08-05 04:30:29.514014+00,0,,
51827030,0,NA,2026-08-04,10143,388,0,2026-08-05 04:30:29.514014+00,0,,
9386,0,NA,2026-08-04,10143,389,0,2026-08-05 04:30:29.514014+00,0,,
10212,0,NA,2026-08-04,10142,390,0,2026-08-05 04:30:29.514014+00,0,,
23176923,0,NA,2026-08-04,10131,391,0,2026-08-05 04:30:29.514014+00,0,,
35389292,0,NA,2026-08-04,10127,392,0,2026-08-05 04:30:29.514014+00,0,,
5006858,0,NA,2026-08-04,10121,393,0,2026-08-05 04:30:29.514014+00,0,,
177021600,0,NA,2026-08-04,10121,394,0,2026-08-05 04:30:29.514014+00,0,,
49450136,0,NA,2026-08-04,10117,395,0,2026-08-05 04:30:29.514014+00,0,,
220146966,0,NA,2026-08-04,10111,396,0,2026-08-05 04:30:29.514014+00,0,,
282946333,0,NA,2026-08-04,10111,397,0,2026-08-05 04:30:29.514014+00,0,,
3294,0,NA,2026-08-04,10109,398,0,2026-08-05 04:30:29.514014+00,0,,
9119,0,NA,2026-08-04,10108,399,0,2026-08-05 04:30:29.514014+00,0,,
9633093,0,NA,2026-08-04,10108,400,0,2026-08-05 04:30:29.514014+00,0,,
30758147,0,NA,2026-08-04,10106,401,0,2026-08-05 04:30:29.514014+00,0,,
1650901,0,NA,2026-08-04,10102,402,0,2026-08-05 04:30:29.514014+00,0,,
8706782,0,NA,2026-08-04,10101,403,0,2026-08-05 04:30:29.514014+00,0,,
9621,0,NA,2026-08-04,10098,404,0,2026-08-05 04:30:29.514014+00,0,,
8598,0,NA,2026-08-04,10094,405,0,2026-08-05 04:30:29.514014+00,0,,
299075392,0,NA,2026-08-04,10093,406,0,2026-08-05 04:30:29.514014+00,0,,
385419946,0,NA,2026-08-04,10092,407,0,2026-08-05 04:30:29.514014+00,0,,
4354370,0,NA,2026-08-04,10084,408,0,2026-08-05 04:30:29.514014+00,0,,
19204278,0,NA,2026-08-04,10084,409,0,2026-08-05 04:30:29.514014+00,0,,
101735244,0,NA,2026-08-04,10083,410,0,2026-08-05 04:30:29.514014+00,0,,
316250644,0,NA,2026-08-04,10082,411,0,2026-08-05 04:30:29.514014+00,0,,
8580,0,NA,2026-08-04,10080,412,0,2026-08-05 04:30:29.514014+00,0,,
278279693,0,NA,2026-08-04,10079,413,0,2026-08-05 04:30:29.514014+00,0,,
363141388,0,NA,2026-08-04,10076,414,0,2026-08-05 04:30:29.514014+00,0,,
349030618,0,NA,2026-08-04,10075,415,0,2026-08-05 04:30:29.514014+00,0,,
320805291,0,NA,2026-08-04,10073,416,0,2026-08-05 04:30:29.514014+00,0,,
41209338,0,NA,2026-08-04,10072,417,0,2026-08-05 04:30:29.514014+00,0,,
4227771,0,NA,2026-08-04,10071,418,0,2026-08-05 04:30:29.514014+00,0,,
187206012,0,NA,2026-08-04,10069,419,0,2026-08-05 04:30:29.514014+00,0,,
152621063,0,NA,2026-08-04,10068,420,0,2026-08-05 04:30:29.514014+00,0,,
3450904,0,NA,2026-08-04,10067,421,0,2026-08-05 04:30:29.514014+00,0,,
134701812,0,NA,2026-08-04,10062,422,0,2026-08-05 04:30:29.514014+00,0,,
381680220,0,NA,2026-08-04,10061,423,0,2026-08-05 04:30:29.514014+00,0,,
162999688,0,NA,2026-08-04,10060,424,0,2026-08-05 04:30:29.514014+00,0,,
9395,0,NA,2026-08-04,10059,425,0,2026-08-05 04:30:29.514014+00,0,,
5030390,0,NA,2026-08-04,10059,426,0,2026-08-05 04:30:29.514014+00,0,,
370599562,0,NA,2026-08-04,10055,427,0,2026-08-05 04:30:29.514014+00,0,,
9833,0,NA,2026-08-04,10055,428,0,2026-08-05 04:30:29.514014+00,0,,
27004841,0,NA,2026-08-04,10054,429,0,2026-08-05 04:30:29.514014+00,0,,
370002200,0,NA,2026-08-04,10054,430,0,2026-08-05 04:30:29.514014+00,0,,
3302,0,NA,2026-08-04,10053,431,0,2026-08-05 04:30:29.514014+00,0,,
21887221,0,NA,2026-08-04,10053,432,0,2026-08-05 04:30:29.514014+00,0,,
146405014,0,NA,2026-08-04,10052,433,0,2026-08-05 04:30:29.514014+00,0,,
47904181,0,NA,2026-08-04,10052,434,0,2026-08-05 04:30:29.514014+00,0,,
317820207,0,NA,2026-08-04,10051,435,0,2026-08-05 04:30:29.514014+00,0,,
206250011,0,NA,2026-08-04,10050,436,0,2026-08-05 04:30:29.514014+00,0,,
45968515,0,NA,2026-08-04,10048,437,0,2026-08-05 04:30:29.514014+00,0,,
8960,0,NA,2026-08-04,10047,438,0,2026-08-05 04:30:29.514014+00,0,,
14621204,0,NA,2026-08-04,10046,439,0,2026-08-05 04:30:29.514014+00,0,,
321471100,0,NA,2026-08-04,10043,440,0,2026-08-05 04:30:29.514014+00,0,,
8522,0,NA,2026-08-04,10042,441,0,2026-08-05 04:30:29.514014+00,0,,
111617746,0,NA,2026-08-04,10040,442,0,2026-08-05 04:30:29.514014+00,0,,
432525931,0,NA,2026-08-04,10039,443,0,2026-08-05 04:30:29.514014+00,0,,
208255893,0,NA,2026-08-04,10038,444,0,2026-08-05 04:30:29.514014+00,0,,
2989,0,NA,2026-08-04,10037,445,0,2026-08-05 04:30:29.514014+00,0,,
19146192,0,NA,2026-08-04,10036,446,0,2026-08-05 04:30:29.514014+00,0,,
72244965,0,NA,2026-08-04,10035,447,0,2026-08-05 04:30:29.514014+00,0,,
3163,0,NA,2026-08-04,10033,448,0,2026-08-05 04:30:29.514014+00,0,,
8232,0,NA,2026-08-04,10028,449,0,2026-08-05 04:30:29.514014+00,0,,
295590277,0,NA,2026-08-04,10028,450,0,2026-08-05 04:30:29.514014+00,0,,
3174271,0,NA,2026-08-04,10028,451,0,2026-08-05 04:30:29.514014+00,0,,
39742945,0,NA,2026-08-04,10026,452,0,2026-08-05 04:30:29.514014+00,0,,
348295753,0,NA,2026-08-04,10026,453,0,2026-08-05 04:30:29.514014+00,0,,
168833523,0,NA,2026-08-04,10026,454,0,2026-08-05 04:30:29.514014+00,0,,
9450,0,NA,2026-08-04,10026,455,0,2026-08-05 04:30:29.514014+00,0,,
10616,0,NA,2026-08-04,10025,456,0,2026-08-05 04:30:29.514014+00,0,,
42393608,0,NA,2026-08-04,10024,457,0,2026-08-05 04:30:29.514014+00,0,,
120767488,0,NA,2026-08-04,10022,458,0,2026-08-05 04:30:29.514014+00,0,,
26298705,0,NA,2026-08-04,10020,459,0,2026-08-05 04:30:29.514014+00,0,,
191149094,0,NA,2026-08-04,10018,460,0,2026-08-05 04:30:29.514014+00,0,,
388438982,0,NA,2026-08-04,10018,461,0,2026-08-05 04:30:29.514014+00,0,,
151837868,0,NA,2026-08-04,10016,462,0,2026-08-05 04:30:29.514014+00,0,,
201153542,0,NA,2026-08-04,10016,463,0,2026-08-05 04:30:29.514014+00,0,,
2404085,0,NA,2026-08-04,10015,464,0,2026-08-05 04:30:29.514014+00,0,,
434761838,0,NA,2026-08-04,10015,465,0,2026-08-05 04:30:29.514014+00,0,,
401348699,0,NA,2026-08-04,10014,466,0,2026-08-05 04:30:29.514014+00,0,,
168570777,0,NA,2026-08-04,10014,467,0,2026-08-05 04:30:29.514014+00,0,,
18532368,0,NA,2026-08-04,10013,468,0,2026-08-05 04:30:29.514014+00,0,,
24205368,0,NA,2026-08-04,10011,469,0,2026-08-05 04:30:29.514014+00,0,,
164702788,0,NA,2026-08-04,10011,470,0,2026-08-05 04:30:29.514014+00,0,,
9648,0,NA,2026-08-04,10009,471,0,2026-08-05 04:30:29.514014+00,0,,
297786920,0,NA,2026-08-04,10008,472,0,2026-08-05 04:30:29.514014+00,0,,
9292,0,NA,2026-08-04,10008,473,0,2026-08-05 04:30:29.514014+00,0,,
9068161,0,NA,2026-08-04,10008,474,0,2026-08-05 04:30:29.514014+00,0,,
215550087,0,NA,2026-08-04,10005,475,0,2026-08-05 04:30:29.514014+00,0,,
400801309,0,NA,2026-08-04,10004,476,0,2026-08-05 04:30:29.514014+00,0,,
236460352,0,NA,2026-08-04,10004,477,0,2026-08-05 04:30:29.514014+00,0,,
54580776,0,NA,2026-08-04,10003,478,0,2026-08-05 04:30:29.514014+00,0,,
9850,0,NA,2026-08-04,10003,479,0,2026-08-05 04:30:29.514014+00,0,,
401355662,0,NA,2026-08-04,10002,480,0,2026-08-05 04:30:29.514014+00,0,,
204421417,0,NA,2026-08-04,10001,481,0,2026-08-05 04:30:29.514014+00,0,,
44974264,0,NA,2026-08-04,10001,482,0,2026-08-05 04:30:29.514014+00,0,,
27807018,0,NA,2026-08-04,9999,483,0,2026-08-05 04:30:29.514014+00,0,,
9969,0,NA,2026-08-04,9999,484,0,2026-08-05 04:30:29.514014+00,0,,
380950615,0,NA,2026-08-04,9995,485,0,2026-08-05 04:30:29.514014+00,0,,
87753811,0,NA,2026-08-04,9984,486,0,2026-08-05 04:30:29.514014+00,0,,
306535871,0,NA,2026-08-04,9982,487,0,2026-08-05 04:30:29.514014+00,0,,
427566944,0,NA,2026-08-04,9971,488,0,2026-08-05 04:30:29.514014+00,0,,
360716784,0,NA,2026-08-04,9970,489,0,2026-08-05 04:30:29.514014+00,0,,
129062056,0,NA,2026-08-04,9968,490,0,2026-08-05 04:30:29.514014+00,0,,
135053114,0,NA,2026-08-04,9956,491,0,2026-08-05 04:30:29.514014+00,0,,
233225682,0,NA,2026-08-04,9952,492,0,2026-08-05 04:30:29.514014+00,0,,
14160598,0,NA,2026-08-04,9952,493,0,2026-08-05 04:30:29.514014+00,0,,
30793336,0,NA,2026-08-04,9947,494,0,2026-08-05 04:30:29.514014+00,0,,
9972,0,NA,2026-08-04,9945,495,0,2026-08-05 04:30:29.514014+00,0,,
18240493,0,NA,2026-08-04,9944,496,0,2026-08-05 04:30:29.514014+00,0,,
334288714,0,NA,2026-08-04,9943,497,0,2026-08-05 04:30:29.514014+00,0,,
10164,0,NA,2026-08-04,9940,498,0,2026-08-05 04:30:29.514014+00,0,,
227481342,0,NA,2026-08-04,9938,499,0,2026-08-05 04:30:29.514014+00,0,,
9038289,0,NA,2026-08-04,9937,500,0,2026-08-05 04:30:29.514014+00,0,,
68130831,0,NA,2026-08-04,9928,501,0,2026-08-05 04:30:29.514014+00,0,,
340533941,0,NA,2026-08-04,9927,502,0,2026-08-05 04:30:29.514014+00,0,,
8089,0,NA,2026-08-04,9919,503,0,2026-08-05 04:30:29.514014+00,0,,
8765,0,NA,2026-08-04,9915,504,0,2026-08-05 04:30:29.514014+00,0,,
218108617,0,NA,2026-08-04,9910,505,0,2026-08-05 04:30:29.514014+00,0,,
3136,0,NA,2026-08-04,9899,506,0,2026-08-05 04:30:29.514014+00,0,,
3174104,0,NA,2026-08-04,9890,507,0,2026-08-05 04:30:29.514014+00,0,,
8760,0,NA,2026-08-04,9882,508,0,2026-08-05 04:30:29.514014+00,0,,
134834188,0,NA,2026-08-04,9880,509,0,2026-08-05 04:30:29.514014+00,0,,
203953638,0,NA,2026-08-04,9879,510,0,2026-08-05 04:30:29.514014+00,0,,
8350,0,NA,2026-08-04,9876,511,0,2026-08-05 04:30:29.514014+00,0,,
5006307,0,NA,2026-08-04,9868,512,0,2026-08-05 04:30:29.514014+00,0,,
93904894,0,NA,2026-08-04,9866,513,0,2026-08-05 04:30:29.514014+00,0,,
293430866,0,NA,2026-08-04,9864,514,0,2026-08-05 04:30:29.514014+00,0,,
8257692,0,NA,2026-08-04,9860,515,0,2026-08-05 04:30:29.514014+00,0,,
23172373,0,NA,2026-08-04,9858,516,0,2026-08-05 04:30:29.514014+00,0,,
67442758,0,NA,2026-08-04,9853,517,0,2026-08-05 04:30:29.514014+00,0,,
118609696,0,NA,2026-08-04,9851,518,0,2026-08-05 04:30:29.514014+00,0,,
445740606,0,NA,2026-08-04,9850,519,0,2026-08-05 04:30:29.514014+00,0,,
135386078,0,NA,2026-08-04,9846,520,0,2026-08-05 04:30:29.514014+00,0,,
183702062,0,NA,2026-08-04,9840,521,0,2026-08-05 04:30:29.514014+00,0,,
8151,0,NA,2026-08-04,9830,522,0,2026-08-05 04:30:29.514014+00,0,,
217474102,0,NA,2026-08-04,9824,523,0,2026-08-05 04:30:29.514014+00,0,,
174642542,0,NA,2026-08-04,9821,524,0,2026-08-05 04:30:29.514014+00,0,,
10148127,0,NA,2026-08-04,9816,525,0,2026-08-05 04:30:29.514014+00,0,,
411853770,0,NA,2026-08-04,9816,526,0,2026-08-05 04:30:29.514014+00,0,,
3316670,0,NA,2026-08-04,9813,527,0,2026-08-05 04:30:29.514014+00,0,,
2888,0,NA,2026-08-04,9812,528,0,2026-08-05 04:30:29.514014+00,0,,
117943425,0,NA,2026-08-04,9807,529,0,2026-08-05 04:30:29.514014+00,0,,
18452422,0,NA,2026-08-04,9796,530,0,2026-08-05 04:30:29.514014+00,0,,
447856156,0,NA,2026-08-04,9793,531,0,2026-08-05 04:30:29.514014+00,0,,
240295188,0,NA,2026-08-04,9789,532,0,2026-08-05 04:30:29.514014+00,0,,
241727162,0,NA,2026-08-04,9787,533,0,2026-08-05 04:30:29.514014+00,0,,
2949,0,NA,2026-08-04,9781,534,0,2026-08-05 04:30:29.514014+00,0,,
7890,0,NA,2026-08-04,9774,535,0,2026-08-05 04:30:29.514014+00,0,,
3175585,0,NA,2026-08-04,9773,536,0,2026-08-05 04:30:29.514014+00,0,,
3394998,0,NA,2026-08-04,9764,537,0,2026-08-05 04:30:29.514014+00,0,,
24292906,0,NA,2026-08-04,9763,538,0,2026-08-05 04:30:29.514014+00,0,,
11070324,0,NA,2026-08-04,9761,539,0,2026-08-05 04:30:29.514014+00,0,,
177392489,0,NA,2026-08-04,9761,540,0,2026-08-05 04:30:29.514014+00,0,,
272836773,0,NA,2026-08-04,9757,541,0,2026-08-05 04:30:29.514014+00,0,,
290825920,0,NA,2026-08-04,9755,542,0,2026-08-05 04:30:29.514014+00,0,,
63064772,0,NA,2026-08-04,9755,543,0,2026-08-05 04:30:29.514014+00,0,,
219913562,0,NA,2026-08-04,9752,544,0,2026-08-05 04:30:29.514014+00,0,,
162194517,0,NA,2026-08-04,9751,545,0,2026-08-05 04:30:29.514014+00,0,,
9831,0,NA,2026-08-04,9748,546,0,2026-08-05 04:30:29.514014+00,0,,
305344599,0,NA,2026-08-04,9745,547,0,2026-08-05 04:30:29.514014+00,0,,
9478,0,NA,2026-08-04,9740,548,0,2026-08-05 04:30:29.514014+00,0,,
129349108,0,NA,2026-08-04,9738,549,0,2026-08-05 04:30:29.514014+00,0,,
37907006,0,NA,2026-08-04,9737,550,0,2026-08-05 04:30:29.514014+00,0,,
8327,0,NA,2026-08-04,9736,551,0,2026-08-05 04:30:29.514014+00,0,,
22248961,0,NA,2026-08-04,9730,552,0,2026-08-05 04:30:29.514014+00,0,,
3651258,0,NA,2026-08-04,9727,553,0,2026-08-05 04:30:29.514014+00,0,,
10800019,0,NA,2026-08-04,9725,554,0,2026-08-05 04:30:29.514014+00,0,,
3481,0,NA,2026-08-04,9722,555,0,2026-08-05 04:30:29.514014+00,0,,
9955,0,NA,2026-08-04,9721,556,0,2026-08-05 04:30:29.514014+00,0,,
8082,0,NA,2026-08-04,9715,557,0,2026-08-05 04:30:29.514014+00,0,,
442035662,0,NA,2026-08-04,9713,558,0,2026-08-05 04:30:29.514014+00,0,,
257081396,0,NA,2026-08-04,9710,559,0,2026-08-05 04:30:29.514014+00,0,,
8759,0,NA,2026-08-04,9709,560,0,2026-08-05 04:30:29.514014+00,0,,
11264195,0,NA,2026-08-04,9708,561,0,2026-08-05 04:30:29.514014+00,0,,
243974763,0,NA,2026-08-04,9707,562,0,2026-08-05 04:30:29.514014+00,0,,
46151941,0,NA,2026-08-04,9707,563,0,2026-08-05 04:30:29.514014+00,0,,
86734712,0,NA,2026-08-04,9705,564,0,2026-08-05 04:30:29.514014+00,0,,
413545960,0,NA,2026-08-04,9704,565,0,2026-08-05 04:30:29.514014+00,0,,
8890,0,NA,2026-08-04,9702,566,0,2026-08-05 04:30:29.514014+00,0,,
234850670,0,NA,2026-08-04,9700,567,0,2026-08-05 04:30:29.514014+00,0,,
327806613,0,NA,2026-08-04,9694,568,0,2026-08-05 04:30:29.514014+00,0,,
394036016,0,NA,2026-08-04,9693,569,0,2026-08-05 04:30:29.514014+00,0,,
293389391,0,NA,2026-08-04,9692,570,0,2026-08-05 04:30:29.514014+00,0,,
337071150,0,NA,2026-08-04,9688,571,0,2026-08-05 04:30:29.514014+00,0,,
60376052,0,NA,2026-08-04,9681,572,0,2026-08-05 04:30:29.514014+00,0,,
3217,0,NA,2026-08-04,9680,573,0,2026-08-05 04:30:29.514014+00,0,,
291677094,0,NA,2026-08-04,9677,574,0,2026-08-05 04:30:29.514014+00,0,,
251383034,0,NA,2026-08-04,9675,575,0,2026-08-05 04:30:29.514014+00,0,,
169199620,0,NA,2026-08-04,9675,576,0,2026-08-05 04:30:29.514014+00,0,,
15801661,0,NA,2026-08-04,9673,577,0,2026-08-05 04:30:29.514014+00,0,,
5786327,0,NA,2026-08-04,9673,578,0,2026-08-05 04:30:29.514014+00,0,,
42722838,0,NA,2026-08-04,9667,579,0,2026-08-05 04:30:29.514014+00,0,,
369178400,0,NA,2026-08-04,9664,580,0,2026-08-05 04:30:29.514014+00,0,,
331620507,0,NA,2026-08-04,9661,581,0,2026-08-05 04:30:29.514014+00,0,,
26419423,0,NA,2026-08-04,9660,582,0,2026-08-05 04:30:29.514014+00,0,,
248993573,0,NA,2026-08-04,9659,583,0,2026-08-05 04:30:29.514014+00,0,,
105232731,0,NA,2026-08-04,9659,584,0,2026-08-05 04:30:29.514014+00,0,,
9804,0,NA,2026-08-04,9651,585,0,2026-08-05 04:30:29.514014+00,0,,
25756814,0,NA,2026-08-04,9650,586,0,2026-08-05 04:30:29.514014+00,0,,
448542740,0,NA,2026-08-04,9647,587,0,2026-08-05 04:30:29.514014+00,0,,
3132,0,NA,2026-08-04,9643,588,0,2026-08-05 04:30:29.514014+00,0,,
168577441,0,NA,2026-08-04,9642,589,0,2026-08-05 04:30:29.514014+00,0,,
20094628,0,NA,2026-08-04,9641,590,0,2026-08-05 04:30:29.514014+00,0,,
2101630,0,NA,2026-08-04,9637,591,0,2026-08-05 04:30:29.514014+00,0,,
218798461,0,NA,2026-08-04,9634,592,0,2026-08-05 04:30:29.514014+00,0,,
107887447,0,NA,2026-08-04,9634,593,0,2026-08-05 04:30:29.514014+00,0,,
331588104,0,NA,2026-08-04,9630,594,0,2026-08-05 04:30:29.514014+00,0,,
153121104,0,NA,2026-08-04,9626,595,0,2026-08-05 04:30:29.514014+00,0,,
351043816,0,NA,2026-08-04,9620,596,0,2026-08-05 04:30:29.514014+00,0,,
3174464,0,NA,2026-08-04,9620,597,0,2026-08-05 04:30:29.514014+00,0,,
361929807,0,NA,2026-08-04,9618,598,0,2026-08-05 04:30:29.514014+00,0,,
12094167,0,NA,2026-08-04,9618,599,0,2026-08-05 04:30:29.514014+00,0,,
24336860,0,NA,2026-08-04,9616,600,0,2026-08-05 04:30:29.514014+00,0,,
36215686,0,NA,2026-08-04,9616,601,0,2026-08-05 04:30:29.514014+00,0,,
361699733,0,NA,2026-08-04,9616,602,0,2026-08-05 04:30:29.514014+00,0,,
450899799,0,NA,2026-08-04,9614,603,0,2026-08-05 04:30:29.514014+00,0,,
21751909,0,NA,2026-08-04,9612,604,0,2026-08-05 04:30:29.514014+00,0,,
13474051,0,NA,2026-08-04,9609,605,0,2026-08-05 04:30:29.514014+00,0,,
61866254,0,NA,2026-08-04,9608,606,0,2026-08-05 04:30:29.514014+00,0,,
297344792,0,NA,2026-08-04,9605,607,0,2026-08-05 04:30:29.514014+00,0,,
46411545,0,NA,2026-08-04,9601,608,0,2026-08-05 04:30:29.514014+00,0,,
9077174,0,NA,2026-08-04,9600,609,0,2026-08-05 04:30:29.514014+00,0,,
440448443,0,NA,2026-08-04,9599,610,0,2026-08-05 04:30:29.514014+00,0,,
3370262,0,NA,2026-08-04,9596,611,0,2026-08-05 04:30:29.514014+00,0,,
8297,0,NA,2026-08-04,9586,612,0,2026-08-05 04:30:29.514014+00,0,,
168704618,0,NA,2026-08-04,9585,613,0,2026-08-05 04:30:29.514014+00,0,,
62861206,0,NA,2026-08-04,9583,614,0,2026-08-05 04:30:29.514014+00,0,,
64233090,0,NA,2026-08-04,9578,615,0,2026-08-05 04:30:29.514014+00,0,,
200787262,0,NA,2026-08-04,9572,616,0,2026-08-05 04:30:29.514014+00,0,,
13322172,0,NA,2026-08-04,9572,617,0,2026-08-05 04:30:29.514014+00,0,,
179595563,0,NA,2026-08-04,9571,618,0,2026-08-05 04:30:29.514014+00,0,,
335564159,0,NA,2026-08-04,9568,619,0,2026-08-05 04:30:29.514014+00,0,,
448479979,0,NA,2026-08-04,9568,620,0,2026-08-05 04:30:29.514014+00,0,,
20147350,0,NA,2026-08-04,9566,621,0,2026-08-05 04:30:29.514014+00,0,,
299651064,0,NA,2026-08-04,9559,622,0,2026-08-05 04:30:29.514014+00,0,,
47571615,0,NA,2026-08-04,9558,623,0,2026-08-05 04:30:29.514014+00,0,,
440956360,0,NA,2026-08-04,9556,624,0,2026-08-05 04:30:29.514014+00,0,,
13327252,0,NA,2026-08-04,9555,625,0,2026-08-05 04:30:29.514014+00,0,,
391322843,0,NA,2026-08-04,9555,626,0,2026-08-05 04:30:29.514014+00,0,,
3175643,0,NA,2026-08-04,9553,627,0,2026-08-05 04:30:29.514014+00,0,,
167584767,0,NA,2026-08-04,9553,628,0,2026-08-05 04:30:29.514014+00,0,,
3936850,0,NA,2026-08-04,9551,629,0,2026-08-05 04:30:29.514014+00,0,,
460270799,0,NA,2026-08-04,9546,630,0,2026-08-05 04:30:29.514014+00,0,,
398943505,0,NA,2026-08-04,9544,631,0,2026-08-05 04:30:29.514014+00,0,,
181524708,0,NA,2026-08-04,9544,632,0,2026-08-05 04:30:29.514014+00,0,,
6155869,0,NA,2026-08-04,9538,633,0,2026-08-05 04:30:29.514014+00,0,,
18261913,0,NA,2026-08-04,9533,634,0,2026-08-05 04:30:29.514014+00,0,,
14554125,0,NA,2026-08-04,9531,635,0,2026-08-05 04:30:29.514014+00,0,,
9906,0,NA,2026-08-04,9529,636,0,2026-08-05 04:30:29.514014+00,0,,
342712033,0,NA,2026-08-04,9527,637,0,2026-08-05 04:30:29.514014+00,0,,
461637969,0,NA,2026-08-04,9525,638,0,2026-08-05 04:30:29.514014+00,0,,
5009727,0,NA,2026-08-04,9524,639,0,2026-08-05 04:30:29.514014+00,0,,
162620045,0,NA,2026-08-04,9524,640,0,2026-08-05 04:30:29.514014+00,0,,
14537242,0,NA,2026-08-04,9524,641,0,2026-08-05 04:30:29.514014+00,0,,
7858,0,NA,2026-08-04,9524,642,0,2026-08-05 04:30:29.514014+00,0,,
148669505,0,NA,2026-08-04,9521,643,0,2026-08-05 04:30:29.514014+00,0,,
8258164,0,NA,2026-08-04,9521,644,0,2026-08-05 04:30:29.514014+00,0,,
8052,0,NA,2026-08-04,9520,645,0,2026-08-05 04:30:29.514014+00,0,,
394335592,0,NA,2026-08-04,9518,646,0,2026-08-05 04:30:29.514014+00,0,,
91838030,0,NA,2026-08-04,9518,647,0,2026-08-05 04:30:29.514014+00,0,,
70421188,0,NA,2026-08-04,9514,648,0,2026-08-05 04:30:29.514014+00,0,,
23850531,0,NA,2026-08-04,9511,649,0,2026-08-05 04:30:29.514014+00,0,,
47055277,0,NA,2026-08-04,9510,650,0,2026-08-05 04:30:29.514014+00,0,,
5215313,0,NA,2026-08-04,9507,651,0,2026-08-05 04:30:29.514014+00,0,,
456171576,0,NA,2026-08-04,9506,652,0,2026-08-05 04:30:29.514014+00,0,,
454737505,0,NA,2026-08-04,9504,653,0,2026-08-05 04:30:29.514014+00,0,,
92984726,0,NA,2026-08-04,9503,654,0,2026-08-05 04:30:29.514014+00,0,,
31325126,0,NA,2026-08-04,9502,655,0,2026-08-05 04:30:29.514014+00,0,,
304734686,0,NA,2026-08-04,9499,656,0,2026-08-05 04:30:29.514014+00,0,,
86336175,0,NA,2026-08-04,9498,657,0,2026-08-05 04:30:29.514014+00,0,,
434235568,0,NA,2026-08-04,9498,658,0,2026-08-05 04:30:29.514014+00,0,,
2547665,0,NA,2026-08-04,9497,659,0,2026-08-05 04:30:29.514014+00,0,,
29720924,0,NA,2026-08-04,9496,660,0,2026-08-05 04:30:29.514014+00,0,,
3225,0,NA,2026-08-04,9496,661,0,2026-08-05 04:30:29.514014+00,0,,
14495663,0,NA,2026-08-04,9491,662,0,2026-08-05 04:30:29.514014+00,0,,
368982295,0,NA,2026-08-04,9490,663,0,2026-08-05 04:30:29.514014+00,0,,
409978981,0,NA,2026-08-04,9485,664,0,2026-08-05 04:30:29.514014+00,0,,
30127802,0,NA,2026-08-04,9481,665,0,2026-08-05 04:30:29.514014+00,0,,
417604943,0,NA,2026-08-04,9480,666,0,2026-08-05 04:30:29.514014+00,0,,
9586,0,NA,2026-08-04,9478,667,0,2026-08-05 04:30:29.514014+00,0,,
44073740,0,NA,2026-08-04,9474,668,0,2026-08-05 04:30:29.514014+00,0,,
77001093,0,NA,2026-08-04,9471,669,0,2026-08-05 04:30:29.514014+00,0,,
397885365,0,NA,2026-08-04,9469,670,0,2026-08-05 04:30:29.514014+00,0,,
10132,0,NA,2026-08-04,9461,671,0,2026-08-05 04:30:29.514014+00,0,,
67793179,0,NA,2026-08-04,9460,672,0,2026-08-05 04:30:29.514014+00,0,,
85456543,0,NA,2026-08-04,9459,673,0,2026-08-05 04:30:29.514014+00,0,,
253201398,0,NA,2026-08-04,9459,674,0,2026-08-05 04:30:29.514014+00,0,,
361498702,0,NA,2026-08-04,9457,675,0,2026-08-05 04:30:29.514014+00,0,,
384222670,0,NA,2026-08-04,9455,676,0,2026-08-05 04:30:29.514014+00,0,,
12195752,0,NA,2026-08-04,9452,677,0,2026-08-05 04:30:29.514014+00,0,,
398780250,0,NA,2026-08-04,9452,678,0,2026-08-05 04:30:29.514014+00,0,,
36907827,0,NA,2026-08-04,9449,679,0,2026-08-05 04:30:29.514014+00,0,,
302951421,0,NA,2026-08-04,9444,680,0,2026-08-05 04:30:29.514014+00,0,,
162423975,0,NA,2026-08-04,9443,681,0,2026-08-05 04:30:29.514014+00,0,,
234072228,0,NA,2026-08-04,9443,682,0,2026-08-05 04:30:29.514014+00,0,,
127804565,0,NA,2026-08-04,9439,683,0,2026-08-05 04:30:29.514014+00,0,,
3190,0,NA,2026-08-04,9439,684,0,2026-08-05 04:30:29.514014+00,0,,
184515568,0,NA,2026-08-04,9435,685,0,2026-08-05 04:30:29.514014+00,0,,
3036,0,NA,2026-08-04,9435,686,0,2026-08-05 04:30:29.514014+00,0,,
333138914,0,NA,2026-08-04,9435,687,0,2026-08-05 04:30:29.514014+00,0,,
25687434,0,NA,2026-08-04,9430,688,0,2026-08-05 04:30:29.514014+00,0,,
390283716,0,NA,2026-08-04,9426,689,0,2026-08-05 04:30:29.514014+00,0,,
307130284,0,NA,2026-08-04,9425,690,0,2026-08-05 04:30:29.514014+00,0,,
15681486,0,NA,2026-08-04,9425,691,0,2026-08-05 04:30:29.514014+00,0,,
379811714,0,NA,2026-08-04,9424,692,0,2026-08-05 04:30:29.514014+00,0,,
355079595,0,NA,2026-08-04,9422,693,0,2026-08-05 04:30:29.514014+00,0,,
3260,0,NA,2026-08-04,9420,694,0,2026-08-05 04:30:29.514014+00,0,,
454849024,0,NA,2026-08-04,9417,695,0,2026-08-05 04:30:29.514014+00,0,,
44816932,0,NA,2026-08-04,9415,696,0,2026-08-05 04:30:29.514014+00,0,,
350581095,0,NA,2026-08-04,9413,697,0,2026-08-05 04:30:29.514014+00,0,,
339591390,0,NA,2026-08-04,9412,698,0,2026-08-05 04:30:29.514014+00,0,,
134964132,0,NA,2026-08-04,9411,699,0,2026-08-05 04:30:29.514014+00,0,,
227832203,0,NA,2026-08-04,9407,700,0,2026-08-05 04:30:29.514014+00,0,,
23141832,0,NA,2026-08-04,9407,701,0,2026-08-05 04:30:29.514014+00,0,,
45275099,0,NA,2026-08-04,9405,702,0,2026-08-05 04:30:29.514014+00,0,,
450491369,0,NA,2026-08-04,9403,703,0,2026-08-05 04:30:29.514014+00,0,,
352787691,0,NA,2026-08-04,9401,704,0,2026-08-05 04:30:29.514014+00,0,,
27931790,0,NA,2026-08-04,9400,705,0,2026-08-05 04:30:29.514014+00,0,,
79634015,0,NA,2026-08-04,9399,706,0,2026-08-05 04:30:29.514014+00,0,,
8331970,0,NA,2026-08-04,9398,707,0,2026-08-05 04:30:29.514014+00,0,,
18010336,0,NA,2026-08-04,9397,708,0,2026-08-05 04:30:29.514014+00,0,,
34668273,0,NA,2026-08-04,9395,709,0,2026-08-05 04:30:29.514014+00,0,,
211703090,0,NA,2026-08-04,9393,710,0,2026-08-05 04:30:29.514014+00,0,,
129926,0,NA,2026-08-04,9391,711,0,2026-08-05 04:30:29.514014+00,0,,
403553248,0,NA,2026-08-04,9387,712,0,2026-08-05 04:30:29.514014+00,0,,
319393178,0,NA,2026-08-04,9386,713,0,2026-08-05 04:30:29.514014+00,0,,
75852953,0,NA,2026-08-04,9384,714,0,2026-08-05 04:30:29.514014+00,0,,
9663,0,NA,2026-08-04,9382,715,0,2026-08-05 04:30:29.514014+00,0,,
186369868,0,NA,2026-08-04,9381,716,0,2026-08-05 04:30:29.514014+00,0,,
322149734,0,NA,2026-08-04,9380,717,0,2026-08-05 04:30:29.514014+00,0,,
46066756,0,NA,2026-08-04,9376,718,0,2026-08-05 04:30:29.514014+00,0,,
3173294,0,NA,2026-08-04,9375,719,0,2026-08-05 04:30:29.514014+00,0,,
8786,0,NA,2026-08-04,9373,720,0,2026-08-05 04:30:29.514014+00,0,,
453673196,0,NA,2026-08-04,9369,721,0,2026-08-05 04:30:29.514014+00,0,,
377743631,0,NA,2026-08-04,9367,722,0,2026-08-05 04:30:29.514014+00,0,,
30480231,0,NA,2026-08-04,9366,723,0,2026-08-05 04:30:29.514014+00,0,,
6798364,0,NA,2026-08-04,9365,724,0,2026-08-05 04:30:29.514014+00,0,,
273473684,0,NA,2026-08-04,9365,725,0,2026-08-05 04:30:29.514014+00,0,,
9056592,0,NA,2026-08-04,9363,726,0,2026-08-05 04:30:29.514014+00,0,,
791998,0,NA,2026-08-04,9361,727,0,2026-08-05 04:30:29.514014+00,0,,
368049178,0,NA,2026-08-04,9359,728,0,2026-08-05 04:30:29.514014+00,0,,
1667903,0,NA,2026-08-04,9359,729,0,2026-08-05 04:30:29.514014+00,0,,
448788121,0,NA,2026-08-04,9359,730,0,2026-08-05 04:30:29.514014+00,0,,
21779784,0,NA,2026-08-04,9358,731,0,2026-08-05 04:30:29.514014+00,0,,
330656598,0,NA,2026-08-04,9355,732,0,2026-08-05 04:30:29.514014+00,0,,
417003337,0,NA,2026-08-04,9355,733,0,2026-08-05 04:30:29.514014+00,0,,
8132,0,NA,2026-08-04,9354,734,0,2026-08-05 04:30:29.514014+00,0,,
98613529,0,NA,2026-08-04,9354,735,0,2026-08-05 04:30:29.514014+00,0,,
3173991,0,NA,2026-08-04,9351,736,0,2026-08-05 04:30:29.514014+00,0,,
326404676,0,NA,2026-08-04,9348,737,0,2026-08-05 04:30:29.514014+00,0,,
348121944,0,NA,2026-08-04,9347,738,0,2026-08-05 04:30:29.514014+00,0,,
9877,0,NA,2026-08-04,9345,739,0,2026-08-05 04:30:29.514014+00,0,,
18530105,0,NA,2026-08-04,9340,740,0,2026-08-05 04:30:29.514014+00,0,,
336154315,0,NA,2026-08-04,9340,741,0,2026-08-05 04:30:29.514014+00,0,,
172247511,0,NA,2026-08-04,9337,742,0,2026-08-05 04:30:29.514014+00,0,,
9426,0,NA,2026-08-04,9334,743,0,2026-08-05 04:30:29.514014+00,0,,
8614,0,NA,2026-08-04,9333,744,0,2026-08-05 04:30:29.514014+00,0,,
259828237,0,NA,2026-08-04,9333,745,0,2026-08-05 04:30:29.514014+00,0,,
49070682,0,NA,2026-08-04,9330,746,0,2026-08-05 04:30:29.514014+00,0,,
9195,0,NA,2026-08-04,9329,747,0,2026-08-05 04:30:29.514014+00,0,,
323643345,0,NA,2026-08-04,9324,748,0,2026-08-05 04:30:29.514014+00,0,,
448896836,0,NA,2026-08-04,9323,749,0,2026-08-05 04:30:29.514014+00,0,,
1470248,0,NA,2026-08-04,9320,750,0,2026-08-05 04:30:29.514014+00,0,,
14978313,0,NA,2026-08-04,9318,751,0,2026-08-05 04:30:29.514014+00,0,,
186782486,0,NA,2026-08-04,9317,752,0,2026-08-05 04:30:29.514014+00,0,,
9590,0,NA,2026-08-04,9314,753,0,2026-08-05 04:30:29.514014+00,0,,
103220401,0,NA,2026-08-04,9313,754,0,2026-08-05 04:30:29.514014+00,0,,
26780487,0,NA,2026-08-04,9313,755,0,2026-08-05 04:30:29.514014+00,0,,
303767948,0,NA,2026-08-04,9312,756,0,2026-08-05 04:30:29.514014+00,0,,
168159746,0,NA,2026-08-04,9312,757,0,2026-08-05 04:30:29.514014+00,0,,
10197,0,NA,2026-08-04,9310,758,0,2026-08-05 04:30:29.514014+00,0,,
165319250,0,NA,2026-08-04,9310,759,0,2026-08-05 04:30:29.514014+00,0,,
347143511,0,NA,2026-08-04,9310,760,0,2026-08-05 04:30:29.514014+00,0,,
3247,0,NA,2026-08-04,9305,761,0,2026-08-05 04:30:29.514014+00,0,,
364833126,0,NA,2026-08-04,9304,762,0,2026-08-05 04:30:29.514014+00,0,,
8959,0,NA,2026-08-04,9304,763,0,2026-08-05 04:30:29.514014+00,0,,
300524597,0,NA,2026-08-04,9302,764,0,2026-08-05 04:30:29.514014+00,0,,
8563,0,NA,2026-08-04,9298,765,0,2026-08-05 04:30:29.514014+00,0,,
9055418,0,NA,2026-08-04,9295,766,0,2026-08-05 04:30:29.514014+00,0,,
10077,0,NA,2026-08-04,9294,767,0,2026-08-05 04:30:29.514014+00,0,,
140908398,0,NA,2026-08-04,9294,768,0,2026-08-05 04:30:29.514014+00,0,,
9286,0,NA,2026-08-04,9290,769,0,2026-08-05 04:30:29.514014+00,0,,
27207979,0,NA,2026-08-04,9289,770,0,2026-08-05 04:30:29.514014+00,0,,
9251162,0,NA,2026-08-04,9287,771,0,2026-08-05 04:30:29.514014+00,0,,
43985392,0,NA,2026-08-04,9287,772,0,2026-08-05 04:30:29.514014+00,0,,
409585495,0,NA,2026-08-04,9286,773,0,2026-08-05 04:30:29.514014+00,0,,
392451262,0,NA,2026-08-04,9285,774,0,2026-08-05 04:30:29.514014+00,0,,
310229483,0,NA,2026-08-04,9284,775,0,2026-08-05 04:30:29.514014+00,0,,
75422530,0,NA,2026-08-04,9283,776,0,2026-08-05 04:30:29.514014+00,0,,
81778298,0,NA,2026-08-04,9277,777,0,2026-08-05 04:30:29.514014+00,0,,
6361672,0,NA,2026-08-04,9277,778,0,2026-08-05 04:30:29.514014+00,0,,
41378912,0,NA,2026-08-04,9277,779,0,2026-08-05 04:30:29.514014+00,0,,
373183795,0,NA,2026-08-04,9276,780,0,2026-08-05 04:30:29.514014+00,0,,
457622140,0,NA,2026-08-04,9273,781,0,2026-08-05 04:30:29.514014+00,0,,
8403145,0,NA,2026-08-04,9267,782,0,2026-08-05 04:30:29.514014+00,0,,
428182312,0,NA,2026-08-04,9266,783,0,2026-08-05 04:30:29.514014+00,0,,
33555622,0,NA,2026-08-04,9264,784,0,2026-08-05 04:30:29.514014+00,0,,
112,0,NA,2026-08-04,9264,785,0,2026-08-05 04:30:29.514014+00,0,,
327470013,0,NA,2026-08-04,9263,786,0,2026-08-05 04:30:29.514014+00,0,,
8842,0,NA,2026-08-04,9263,787,0,2026-08-05 04:30:29.514014+00,0,,
90203819,0,NA,2026-08-04,9257,788,0,2026-08-05 04:30:29.514014+00,0,,
326876508,0,NA,2026-08-04,9256,789,0,2026-08-05 04:30:29.514014+00,0,,
4126719,0,NA,2026-08-04,9255,790,0,2026-08-05 04:30:29.514014+00,0,,
132554378,0,NA,2026-08-04,9250,791,0,2026-08-05 04:30:29.514014+00,0,,
106322760,0,NA,2026-08-04,9249,792,0,2026-08-05 04:30:29.514014+00,0,,
340081304,0,NA,2026-08-04,9248,793,0,2026-08-05 04:30:29.514014+00,0,,
207241998,0,NA,2026-08-04,9247,794,0,2026-08-05 04:30:29.514014+00,0,,
30139080,0,NA,2026-08-04,9245,795,0,2026-08-05 04:30:29.514014+00,0,,
11058725,0,NA,2026-08-04,9245,796,0,2026-08-05 04:30:29.514014+00,0,,
8476,0,NA,2026-08-04,9244,797,0,2026-08-05 04:30:29.514014+00,0,,
109092591,0,NA,2026-08-04,9242,798,0,2026-08-05 04:30:29.514014+00,0,,
372453559,0,NA,2026-08-04,9239,799,0,2026-08-05 04:30:29.514014+00,0,,
105738404,0,NA,2026-08-04,9236,800,0,2026-08-05 04:30:29.514014+00,0,,
28870654,0,NA,2026-08-04,9234,801,0,2026-08-05 04:30:29.514014+00,0,,
367809630,0,NA,2026-08-04,9228,802,0,2026-08-05 04:30:29.514014+00,0,,
445290851,0,NA,2026-08-04,9226,803,0,2026-08-05 04:30:29.514014+00,0,,
306017857,0,NA,2026-08-04,9226,804,0,2026-08-05 04:30:29.514014+00,0,,
463153569,0,NA,2026-08-04,9226,805,0,2026-08-05 04:30:29.514014+00,0,,
293653187,0,NA,2026-08-04,9225,806,0,2026-08-05 04:30:29.514014+00,0,,
175617224,0,NA,2026-08-04,9221,807,0,2026-08-05 04:30:29.514014+00,0,,
3126,0,NA,2026-08-04,9221,808,0,2026-08-05 04:30:29.514014+00,0,,
208688627,0,NA,2026-08-04,9220,809,0,2026-08-05 04:30:29.514014+00,0,,
6720956,0,NA,2026-08-04,9219,810,0,2026-08-05 04:30:29.514014+00,0,,
402809522,0,NA,2026-08-04,9217,811,0,2026-08-05 04:30:29.514014+00,0,,
83695207,0,NA,2026-08-04,9215,812,0,2026-08-05 04:30:29.514014+00,0,,
344495802,0,NA,2026-08-04,9214,813,0,2026-08-05 04:30:29.514014+00,0,,
2860,0,NA,2026-08-04,9212,814,0,2026-08-05 04:30:29.514014+00,0,,
21856361,0,NA,2026-08-04,9209,815,0,2026-08-05 04:30:29.514014+00,0,,
232529512,0,NA,2026-08-04,9209,816,0,2026-08-05 04:30:29.514014+00,0,,
167301529,0,NA,2026-08-04,9208,817,0,2026-08-05 04:30:29.514014+00,0,,
79129014,0,NA,2026-08-04,9208,818,0,2026-08-05 04:30:29.514014+00,0,,
7167008,0,NA,2026-08-04,9207,819,0,2026-08-05 04:30:29.514014+00,0,,
9785,0,NA,2026-08-04,9207,820,0,2026-08-05 04:30:29.514014+00,0,,
30498280,0,NA,2026-08-04,9204,821,0,2026-08-05 04:30:29.514014+00,0,,
10074,0,NA,2026-08-04,9203,822,0,2026-08-05 04:30:29.514014+00,0,,
380703951,0,NA,2026-08-04,9201,823,0,2026-08-05 04:30:29.514014+00,0,,
401117770,0,NA,2026-08-04,9200,824,0,2026-08-05 04:30:29.514014+00,0,,
123496546,0,NA,2026-08-04,9199,825,0,2026-08-05 04:30:29.514014+00,0,,
151471686,0,NA,2026-08-04,9199,826,0,2026-08-05 04:30:29.514014+00,0,,
316139477,0,NA,2026-08-04,9197,827,0,2026-08-05 04:30:29.514014+00,0,,
377315316,0,NA,2026-08-04,9196,828,0,2026-08-05 04:30:29.514014+00,0,,
443280945,0,NA,2026-08-04,9192,829,0,2026-08-05 04:30:29.514014+00,0,,
58881326,0,NA,2026-08-04,9191,830,0,2026-08-05 04:30:29.514014+00,0,,
124241343,0,NA,2026-08-04,9190,831,0,2026-08-05 04:30:29.514014+00,0,,
342449391,0,NA,2026-08-04,9190,832,0,2026-08-05 04:30:29.514014+00,0,,
172782937,0,NA,2026-08-04,9188,833,0,2026-08-05 04:30:29.514014+00,0,,
177026517,0,NA,2026-08-04,9188,834,0,2026-08-05 04:30:29.514014+00,0,,
11433833,0,NA,2026-08-04,9185,835,0,2026-08-05 04:30:29.514014+00,0,,
42342982,0,NA,2026-08-04,9185,836,0,2026-08-05 04:30:29.514014+00,0,,
29769589,0,NA,2026-08-04,9184,837,0,2026-08-05 04:30:29.514014+00,0,,
469884064,0,NA,2026-08-04,9182,838,0,2026-08-05 04:30:29.514014+00,0,,
366321864,0,NA,2026-08-04,9181,839,0,2026-08-05 04:30:29.514014+00,0,,
170662606,0,NA,2026-08-04,9179,840,0,2026-08-05 04:30:29.514014+00,0,,
463756969,0,NA,2026-08-04,9178,841,0,2026-08-05 04:30:29.514014+00,0,,
12032876,0,NA,2026-08-04,9177,842,0,2026-08-05 04:30:29.514014+00,0,,
364713827,0,NA,2026-08-04,9176,843,0,2026-08-05 04:30:29.514014+00,0,,
239965766,0,NA,2026-08-04,9172,844,0,2026-08-05 04:30:29.514014+00,0,,
453029804,0,NA,2026-08-04,9171,845,0,2026-08-05 04:30:29.514014+00,0,,
21365475,0,NA,2026-08-04,9170,846,0,2026-08-05 04:30:29.514014+00,0,,
200318645,0,NA,2026-08-04,9168,847,0,2026-08-05 04:30:29.514014+00,0,,
6445809,0,NA,2026-08-04,9167,848,0,2026-08-05 04:30:29.514014+00,0,,
266376138,0,NA,2026-08-04,9167,849,0,2026-08-05 04:30:29.514014+00,0,,
418906575,0,NA,2026-08-04,9165,850,0,2026-08-05 04:30:29.514014+00,0,,
8921,0,NA,2026-08-04,9165,851,0,2026-08-05 04:30:29.514014+00,0,,
9933,0,NA,2026-08-04,9162,852,0,2026-08-05 04:30:29.514014+00,0,,
419622035,0,NA,2026-08-04,9161,853,0,2026-08-05 04:30:29.514014+00,0,,
369584398,0,NA,2026-08-04,9161,854,0,2026-08-05 04:30:29.514014+00,0,,
351896942,0,NA,2026-08-04,9160,855,0,2026-08-05 04:30:29.514014+00,0,,
3174024,0,NA,2026-08-04,9158,856,0,2026-08-05 04:30:29.514014+00,0,,
441912522,0,NA,2026-08-04,9154,857,0,2026-08-05 04:30:29.514014+00,0,,
8467,0,NA,2026-08-04,9153,858,0,2026-08-05 04:30:29.514014+00,0,,
15386467,0,NA,2026-08-04,9153,859,0,2026-08-05 04:30:29.514014+00,0,,
296349800,0,NA,2026-08-04,9151,860,0,2026-08-05 04:30:29.514014+00,0,,
309287885,0,NA,2026-08-04,9147,861,0,2026-08-05 04:30:29.514014+00,0,,
65677117,0,NA,2026-08-04,9145,862,0,2026-08-05 04:30:29.514014+00,0,,
32032734,0,NA,2026-08-04,9145,863,0,2026-08-05 04:30:29.514014+00,0,,
436825170,0,NA,2026-08-04,9144,864,0,2026-08-05 04:30:29.514014+00,0,,
154264869,0,NA,2026-08-04,9141,865,0,2026-08-05 04:30:29.514014+00,0,,
126905493,0,NA,2026-08-04,9141,866,0,2026-08-05 04:30:29.514014+00,0,,
18021590,0,NA,2026-08-04,9140,867,0,2026-08-05 04:30:29.514014+00,0,,
377233837,0,NA,2026-08-04,9138,868,0,2026-08-05 04:30:29.514014+00,0,,
52171175,0,NA,2026-08-04,9137,869,0,2026-08-05 04:30:29.514014+00,0,,
40347733,0,NA,2026-08-04,9135,870,0,2026-08-05 04:30:29.514014+00,0,,
467847223,0,NA,2026-08-04,9134,871,0,2026-08-05 04:30:29.514014+00,0,,
3120,0,NA,2026-08-04,9133,872,0,2026-08-05 04:30:29.514014+00,0,,
40346971,0,NA,2026-08-04,9132,873,0,2026-08-05 04:30:29.514014+00,0,,
455983191,0,NA,2026-08-04,9126,874,0,2026-08-05 04:30:29.514014+00,0,,
305690667,0,NA,2026-08-04,9124,875,0,2026-08-05 04:30:29.514014+00,0,,
449020542,0,NA,2026-08-04,9121,876,0,2026-08-05 04:30:29.514014+00,0,,
4155241,0,NA,2026-08-04,9121,877,0,2026-08-05 04:30:29.514014+00,0,,
416384368,0,NA,2026-08-04,9118,878,0,2026-08-05 04:30:29.514014+00,0,,
212852749,0,NA,2026-08-04,9117,879,0,2026-08-05 04:30:29.514014+00,0,,
449351929,0,NA,2026-08-04,9117,880,0,2026-08-05 04:30:29.514014+00,0,,
37801790,0,NA,2026-08-04,9115,881,0,2026-08-05 04:30:29.514014+00,0,,
215273981,0,NA,2026-08-04,9113,882,0,2026-08-05 04:30:29.514014+00,0,,
2719590,0,NA,2026-08-04,9113,883,0,2026-08-05 04:30:29.514014+00,0,,
127369481,0,NA,2026-08-04,9113,884,0,2026-08-05 04:30:29.514014+00,0,,
240975369,0,NA,2026-08-04,9112,885,0,2026-08-05 04:30:29.514014+00,0,,
114316841,0,NA,2026-08-04,9111,886,0,2026-08-05 04:30:29.514014+00,0,,
89648776,0,NA,2026-08-04,9111,887,0,2026-08-05 04:30:29.514014+00,0,,
9743,0,NA,2026-08-04,9109,888,0,2026-08-05 04:30:29.514014+00,0,,
342693124,0,NA,2026-08-04,9105,889,0,2026-08-05 04:30:29.514014+00,0,,
452724980,0,NA,2026-08-04,9104,890,0,2026-08-05 04:30:29.514014+00,0,,
2640568,0,NA,2026-08-04,9103,891,0,2026-08-05 04:30:29.514014+00,0,,
342183149,0,NA,2026-08-04,9101,892,0,2026-08-05 04:30:29.514014+00,0,,
348947515,0,NA,2026-08-04,9101,893,0,2026-08-05 04:30:29.514014+00,0,,
97266724,0,NA,2026-08-04,9101,894,0,2026-08-05 04:30:29.514014+00,0,,
8718338,0,NA,2026-08-04,9100,895,0,2026-08-05 04:30:29.514014+00,0,,
334960542,0,NA,2026-08-04,9095,896,0,2026-08-05 04:30:29.514014+00,0,,
177418149,0,NA,2026-08-04,9095,897,0,2026-08-05 04:30:29.514014+00,0,,
37382060,0,NA,2026-08-04,9091,898,0,2026-08-05 04:30:29.514014+00,0,,
33161290,0,NA,2026-08-04,9089,899,0,2026-08-05 04:30:29.514014+00,0,,
9172,0,NA,2026-08-04,9089,900,0,2026-08-05 04:30:29.514014+00,0,,
217428519,0,NA,2026-08-04,9087,901,0,2026-08-05 04:30:29.514014+00,0,,
170598566,0,NA,2026-08-04,9085,902,0,2026-08-05 04:30:29.514014+00,0,,
218636455,0,NA,2026-08-04,9085,903,0,2026-08-05 04:30:29.514014+00,0,,
10711058,0,NA,2026-08-04,9084,904,0,2026-08-05 04:30:29.514014+00,0,,
350509319,0,NA,2026-08-04,9083,905,0,2026-08-05 04:30:29.514014+00,0,,
446201806,0,NA,2026-08-04,9083,906,0,2026-08-05 04:30:29.514014+00,0,,
8269,0,NA,2026-08-04,9082,907,0,2026-08-05 04:30:29.514014+00,0,,
878954,0,NA,2026-08-04,9080,908,0,2026-08-05 04:30:29.514014+00,0,,
358723265,0,NA,2026-08-04,9080,909,0,2026-08-05 04:30:29.514014+00,0,,
75321066,0,NA,2026-08-04,9079,910,0,2026-08-05 04:30:29.514014+00,0,,
382892157,0,NA,2026-08-04,9077,911,0,2026-08-05 04:30:29.514014+00,0,,
443130587,0,NA,2026-08-04,9077,912,0,2026-08-05 04:30:29.514014+00,0,,
9108,0,NA,2026-08-04,9076,913,0,2026-08-05 04:30:29.514014+00,0,,
460040349,0,NA,2026-08-04,9076,914,0,2026-08-05 04:30:29.514014+00,0,,
323628578,0,NA,2026-08-04,9075,915,0,2026-08-05 04:30:29.514014+00,0,,
424026256,0,NA,2026-08-04,9071,916,0,2026-08-05 04:30:29.514014+00,0,,
9991,0,NA,2026-08-04,9071,917,0,2026-08-05 04:30:29.514014+00,0,,
253141395,0,NA,2026-08-04,9069,918,0,2026-08-05 04:30:29.514014+00,0,,
3323,0,NA,2026-08-04,9069,919,0,2026-08-05 04:30:29.514014+00,0,,
17453673,0,NA,2026-08-04,9069,920,0,2026-08-05 04:30:29.514014+00,0,,
234496,0,NA,2026-08-04,9067,921,0,2026-08-05 04:30:29.514014+00,0,,
375667374,0,NA,2026-08-04,9066,922,0,2026-08-05 04:30:29.514014+00,0,,
6218544,0,NA,2026-08-04,9062,923,0,2026-08-05 04:30:29.514014+00,0,,
288828390,0,NA,2026-08-04,9062,924,0,2026-08-05 04:30:29.514014+00,0,,
250607792,0,NA,2026-08-04,9061,925,0,2026-08-05 04:30:29.514014+00,0,,
462914567,0,NA,2026-08-04,9060,926,0,2026-08-05 04:30:29.514014+00,0,,
204501081,0,NA,2026-08-04,9060,927,0,2026-08-05 04:30:29.514014+00,0,,
9894503,0,NA,2026-08-04,9059,928,0,2026-08-05 04:30:29.514014+00,0,,
442778308,0,NA,2026-08-04,9058,929,0,2026-08-05 04:30:29.514014+00,0,,
360918467,0,NA,2026-08-04,9057,930,0,2026-08-05 04:30:29.514014+00,0,,
408453536,0,NA,2026-08-04,9056,931,0,2026-08-05 04:30:29.514014+00,0,,
466402386,0,NA,2026-08-04,9056,932,0,2026-08-05 04:30:29.514014+00,0,,
420463796,0,NA,2026-08-04,9054,933,0,2026-08-05 04:30:29.514014+00,0,,
7338610,0,NA,2026-08-04,9054,934,0,2026-08-05 04:30:29.514014+00,0,,
2833,0,NA,2026-08-04,9052,935,0,2026-08-05 04:30:29.514014+00,0,,
307988860,0,NA,2026-08-04,9052,936,0,2026-08-05 04:30:29.514014+00,0,,
216617435,0,NA,2026-08-04,9052,937,0,2026-08-05 04:30:29.514014+00,0,,
34461320,0,NA,2026-08-04,9050,938,0,2026-08-05 04:30:29.514014+00,0,,
124659618,0,NA,2026-08-04,9050,939,0,2026-08-05 04:30:29.514014+00,0,,
356571162,0,NA,2026-08-04,9047,940,0,2026-08-05 04:30:29.514014+00,0,,
72950553,0,NA,2026-08-04,9047,941,0,2026-08-05 04:30:29.514014+00,0,,
458525573,0,NA,2026-08-04,9047,942,0,2026-08-05 04:30:29.514014+00,0,,
454807256,0,NA,2026-08-04,9046,943,0,2026-08-05 04:30:29.514014+00,0,,
186317862,0,NA,2026-08-04,9046,944,0,2026-08-05 04:30:29.514014+00,0,,
438008716,0,NA,2026-08-04,9046,945,0,2026-08-05 04:30:29.514014+00,0,,
360867721,0,NA,2026-08-04,9045,946,0,2026-08-05 04:30:29.514014+00,0,,
51829209,0,NA,2026-08-04,9045,947,0,2026-08-05 04:30:29.514014+00,0,,
12523417,0,NA,2026-08-04,9045,948,0,2026-08-05 04:30:29.514014+00,0,,
414564299,0,NA,2026-08-04,9044,949,0,2026-08-05 04:30:29.514014+00,0,,
100440418,0,NA,2026-08-04,9043,950,0,2026-08-05 04:30:29.514014+00,0,,
321292841,0,NA,2026-08-04,9040,951,0,2026-08-05 04:30:29.514014+00,0,,
451000292,0,NA,2026-08-04,9040,952,0,2026-08-05 04:30:29.514014+00,0,,
8433547,0,NA,2026-08-04,9040,953,0,2026-08-05 04:30:29.514014+00,0,,
180422582,0,NA,2026-08-04,9038,954,0,2026-08-05 04:30:29.514014+00,0,,
189330229,0,NA,2026-08-04,9038,955,0,2026-08-05 04:30:29.514014+00,0,,
72925755,0,NA,2026-08-04,9038,956,0,2026-08-05 04:30:29.514014+00,0,,
66983149,0,NA,2026-08-04,9037,957,0,2026-08-05 04:30:29.514014+00,0,,
72213340,0,NA,2026-08-04,9037,958,0,2026-08-05 04:30:29.514014+00,0,,
367858779,0,NA,2026-08-04,9035,959,0,2026-08-05 04:30:29.514014+00,0,,
430323377,0,NA,2026-08-04,9035,960,0,2026-08-05 04:30:29.514014+00,0,,
209629912,0,NA,2026-08-04,9033,961,0,2026-08-05 04:30:29.514014+00,0,,
30164140,0,NA,2026-08-04,9033,962,0,2026-08-05 04:30:29.514014+00,0,,
23375736,0,NA,2026-08-04,9033,963,0,2026-08-05 04:30:29.514014+00,0,,
76996150,0,NA,2026-08-04,9032,964,0,2026-08-05 04:30:29.514014+00,0,,
214990248,0,NA,2026-08-04,9032,965,0,2026-08-05 04:30:29.514014+00,0,,
9288,0,NA,2026-08-04,9031,966,0,2026-08-05 04:30:29.514014+00,0,,
429270862,0,NA,2026-08-04,9031,967,0,2026-08-05 04:30:29.514014+00,0,,
440680243,0,NA,2026-08-04,9030,968,0,2026-08-05 04:30:29.514014+00,0,,
454110560,0,NA,2026-08-04,9029,969,0,2026-08-05 04:30:29.514014+00,0,,
178418158,0,NA,2026-08-04,9028,970,0,2026-08-05 04:30:29.514014+00,0,,
189180105,0,NA,2026-08-04,9028,971,0,2026-08-05 04:30:29.514014+00,0,,
343159113,0,NA,2026-08-04,9026,972,0,2026-08-05 04:30:29.514014+00,0,,
418984169,0,NA,2026-08-04,9026,973,0,2026-08-05 04:30:29.514014+00,0,,
9535,0,NA,2026-08-04,9026,974,0,2026-08-05 04:30:29.514014+00,0,,
3026,0,NA,2026-08-04,9026,975,0,2026-08-05 04:30:29.514014+00,0,,
469140106,0,NA,2026-08-04,9025,976,0,2026-08-05 04:30:29.514014+00,0,,
426235504,0,NA,2026-08-04,9025,977,0,2026-08-05 04:30:29.514014+00,0,,
3602831,0,NA,2026-08-04,9024,978,0,2026-08-05 04:30:29.514014+00,0,,
285538889,0,NA,2026-08-04,9023,979,0,2026-08-05 04:30:29.514014+00,0,,
423163443,0,NA,2026-08-04,9023,980,0,2026-08-05 04:30:29.514014+00,0,,
457331657,0,NA,2026-08-04,9023,981,0,2026-08-05 04:30:29.514014+00,0,,
8092,0,NA,2026-08-04,9022,982,0,2026-08-05 04:30:29.514014+00,0,,
459780076,0,NA,2026-08-04,9017,983,0,2026-08-05 04:30:29.514014+00,0,,
8886,0,NA,2026-08-04,9016,984,0,2026-08-05 04:30:29.514014+00,0,,
438153488,0,NA,2026-08-04,9014,985,0,2026-08-05 04:30:29.514014+00,0,,
251931375,0,NA,2026-08-04,9013,986,0,2026-08-05 04:30:29.514014+00,0,,
468640443,0,NA,2026-08-04,9012,987,0,2026-08-05 04:30:29.514014+00,0,,
66636152,0,NA,2026-08-04,9012,988,0,2026-08-05 04:30:29.514014+00,0,,
158617316,0,NA,2026-08-04,9012,989,0,2026-08-05 04:30:29.514014+00,0,,
72005553,0,NA,2026-08-04,9012,990,0,2026-08-05 04:30:29.514014+00,0,,
325332367,0,NA,2026-08-04,9011,991,0,2026-08-05 04:30:29.514014+00,0,,
372047428,0,NA,2026-08-04,9011,992,0,2026-08-05 04:30:29.514014+00,0,,
14142993,0,NA,2026-08-04,9007,993,0,2026-08-05 04:30:29.514014+00,0,,
415245326,0,NA,2026-08-04,9007,994,0,2026-08-05 04:30:29.514014+00,0,,
211040341,0,NA,2026-08-04,9005,995,0,2026-08-05 04:30:29.514014+00,0,,
314680828,0,NA,2026-08-04,9003,996,0,2026-08-05 04:30:29.514014+00,0,,
352230114,0,NA,2026-08-04,9001,997,0,2026-08-05 04:30:29.514014+00,0,,
402295617,0,NA,2026-08-04,9001,998,0,2026-08-05 04:30:29.514014+00,0,,
8062,0,NA,2026-08-04,9000,999,0,2026-08-05 04:30:29.514014+00,0,,
48182849,0,NA,2026-08-04,9000,1000,0,2026-08-05 04:30:29.514014+00,0,,
3316,0,EU,2026-08-04,19020,1,0,2026-08-05 04:30:29.514014+00,0,,
3324,0,EU,2026-08-04,19001,2,0,2026-08-05 04:30:29.514014+00,0,,
3079,0,EU,2026-08-04,18720,3,0,2026-08-05 04:30:29.514014+00,0,,
3202,0,EU,2026-08-04,18199,4,0,2026-08-05 04:30:29.514014+00,0,,
2961,0,EU,2026-08-04,17587,5,0,2026-08-05 04:30:29.514014+00,0,,
2826,0,EU,2026-08-04,17041,6,0,2026-08-05 04:30:29.514014+00,0,,
3185,0,EU,2026-08-04,17036,7,0,2026-08-05 04:30:29.514014+00,0,,
10219,0,EU,2026-08-04,17019,8,0,2026-08-05 04:30:29.514014+00,0,,
2921,0,EU,2026-08-04,16827,9,0,2026-08-05 04:30:29.514014+00,0,,
3275,0,EU,2026-08-04,16584,10,0,2026-08-05 04:30:29.514014+00,0,,
49876028,0,EU,2026-08-04,16028,11,0,2026-08-05 04:30:29.514014+00,0,,
8441,0,EU,2026-08-04,16014,12,0,2026-08-05 04:30:29.514014+00,0,,
9882,0,EU,2026-08-04,16006,13,0,2026-08-05 04:30:29.514014+00,0,,
3112,0,EU,2026-08-04,16005,14,0,2026-08-05 04:30:29.514014+00,0,,
108,0,EU,2026-08-04,15887,15,0,2026-08-05 04:30:29.514014+00,0,,
3282,0,EU,2026-08-04,15835,16,0,2026-08-05 04:30:29.514014+00,0,,
7938,0,EU,2026-08-04,15828,17,0,2026-08-05 04:30:29.514014+00,0,,
3080,0,EU,2026-08-04,15793,18,0,2026-08-05 04:30:29.514014+00,0,,
3022,0,EU,2026-08-04,15609,19,0,2026-08-05 04:30:29.514014+00,0,,
318616690,0,EU,2026-08-04,15571,20,0,2026-08-05 04:30:29.514014+00,0,,
3174184,0,EU,2026-08-04,15543,21,0,2026-08-05 04:30:29.514014+00,0,,
2993,0,EU,2026-08-04,15465,22,0,2026-08-05 04:30:29.514014+00,0,,
2866,0,EU,2026-08-04,15437,23,0,2026-08-05 04:30:29.514014+00,0,,
2892,0,EU,2026-08-04,15427,24,0,2026-08-05 04:30:29.514014+00,0,,
9135,0,EU,2026-08-04,15389,25,0,2026-08-05 04:30:29.514014+00,0,,
2942,0,EU,2026-08-04,15364,26,0,2026-08-05 04:30:29.514014+00,0,,
3221,0,EU,2026-08-04,15331,27,0,2026-08-05 04:30:29.514014+00,0,,
8116,0,EU,2026-08-04,15279,28,0,2026-08-05 04:30:29.514014+00,0,,
3223,0,EU,2026-08-04,15262,29,0,2026-08-05 04:30:29.514014+00,0,,
2849,0,EU,2026-08-04,15243,30,0,2026-08-05 04:30:29.514014+00,0,,
376357839,0,EU,2026-08-04,15222,31,0,2026-08-05 04:30:29.514014+00,0,,
3620274,0,EU,2026-08-04,15198,32,0,2026-08-05 04:30:29.514014+00,0,,
3128,0,EU,2026-08-04,15149,33,0,2026-08-05 04:30:29.514014+00,0,,
3224,0,EU,2026-08-04,15082,34,0,2026-08-05 04:30:29.514014+00,0,,
3323,0,EU,2026-08-04,15079,35,0,2026-08-05 04:30:29.514014+00,0,,
8249,0,EU,2026-08-04,15076,36,0,2026-08-05 04:30:29.514014+00,0,,
3165,0,EU,2026-08-04,15055,37,0,2026-08-05 04:30:29.514014+00,0,,
2936,0,EU,2026-08-04,15050,38,0,2026-08-05 04:30:29.514014+00,0,,
102577199,0,EU,2026-08-04,15006,39,0,2026-08-05 04:30:29.514014+00,0,,
9081,0,EU,2026-08-04,14786,40,0,2026-08-05 04:30:29.514014+00,0,,
3075,0,EU,2026-08-04,14783,41,0,2026-08-05 04:30:29.514014+00,0,,
5006307,0,EU,2026-08-04,14768,42,0,2026-08-05 04:30:29.514014+00,0,,
7969,0,EU,2026-08-04,14751,43,0,2026-08-05 04:30:29.514014+00,0,,
117743487,0,EU,2026-08-04,14748,44,0,2026-08-05 04:30:29.514014+00,0,,
3158,0,EU,2026-08-04,14741,45,0,2026-08-05 04:30:29.514014+00,0,,
12648804,0,EU,2026-08-04,14734,46,0,2026-08-05 04:30:29.514014+00,0,,
8506,0,EU,2026-08-04,14670,47,0,2026-08-05 04:30:29.514014+00,0,,
9584,0,EU,2026-08-04,14650,48,0,2026-08-05 04:30:29.514014+00,0,,
14876188,0,EU,2026-08-04,14647,49,0,2026-08-05 04:30:29.514014+00,0,,
3010,0,EU,2026-08-04,14590,50,0,2026-08-05 04:30:29.514014+00,0,,
91,0,EU,2026-08-04,14561,51,0,2026-08-05 04:30:29.514014+00,0,,
3293,0,EU,2026-08-04,14500,52,0,2026-08-05 04:30:29.514014+00,0,,
3156,0,EU,2026-08-04,14447,53,0,2026-08-05 04:30:29.514014+00,0,,
276138117,0,EU,2026-08-04,14444,54,0,2026-08-05 04:30:29.514014+00,0,,
3218,0,EU,2026-08-04,14399,55,0,2026-08-05 04:30:29.514014+00,0,,
3244,0,EU,2026-08-04,14362,56,0,2026-08-05 04:30:29.514014+00,0,,
117534746,0,EU,2026-08-04,14345,57,0,2026-08-05 04:30:29.514014+00,0,,
2985,0,EU,2026-08-04,14330,58,0,2026-08-05 04:30:29.514014+00,0,,
2852,0,EU,2026-08-04,14220,59,0,2026-08-05 04:30:29.514014+00,0,,
2793,0,EU,2026-08-04,14182,60,0,2026-08-05 04:30:29.514014+00,0,,
8326,0,EU,2026-08-04,14159,61,0,2026-08-05 04:30:29.514014+00,0,,
186911266,0,EU,2026-08-04,14119,62,0,2026-08-05 04:30:29.514014+00,0,,
8944,0,EU,2026-08-04,14073,63,0,2026-08-05 04:30:29.514014+00,0,,
3175130,0,EU,2026-08-04,14067,64,0,2026-08-05 04:30:29.514014+00,0,,
1126123,0,EU,2026-08-04,14039,65,0,2026-08-05 04:30:29.514014+00,0,,
152604172,0,EU,2026-08-04,14035,66,0,2026-08-05 04:30:29.514014+00,0,,
3016,0,EU,2026-08-04,14035,67,0,2026-08-05 04:30:29.514014+00,0,,
3182,0,EU,2026-08-04,14024,68,0,2026-08-05 04:30:29.514014+00,0,,
55,0,EU,2026-08-04,14020,69,0,2026-08-05 04:30:29.514014+00,0,,
299916190,0,EU,2026-08-04,14012,70,0,2026-08-05 04:30:29.514014+00,0,,
250971740,0,EU,2026-08-04,13858,71,0,2026-08-05 04:30:29.514014+00,0,,
2999,0,EU,2026-08-04,13845,72,0,2026-08-05 04:30:29.514014+00,0,,
3320,0,EU,2026-08-04,13790,73,0,2026-08-05 04:30:29.514014+00,0,,
9564,0,EU,2026-08-04,13773,74,0,2026-08-05 04:30:29.514014+00,0,,
358691868,0,EU,2026-08-04,13756,75,0,2026-08-05 04:30:29.514014+00,0,,
2813,0,EU,2026-08-04,13747,76,0,2026-08-05 04:30:29.514014+00,0,,
9577,0,EU,2026-08-04,13723,77,0,2026-08-05 04:30:29.514014+00,0,,
274852184,0,EU,2026-08-04,13707,78,0,2026-08-05 04:30:29.514014+00,0,,
3163,0,EU,2026-08-04,13683,79,0,2026-08-05 04:30:29.514014+00,0,,
10164191,0,EU,2026-08-04,13668,80,0,2026-08-05 04:30:29.514014+00,0,,
162727664,0,EU,2026-08-04,13631,81,0,2026-08-05 04:30:29.514014+00,0,,
171412593,0,EU,2026-08-04,13626,82,0,2026-08-05 04:30:29.514014+00,0,,
4462902,0,EU,2026-08-04,13602,83,0,2026-08-05 04:30:29.514014+00,0,,
9645,0,EU,2026-08-04,13594,84,0,2026-08-05 04:30:29.514014+00,0,,
9768,0,EU,2026-08-04,13590,85,0,2026-08-05 04:30:29.514014+00,0,,
261871356,0,EU,2026-08-04,13494,86,0,2026-08-05 04:30:29.514014+00,0,,
401901585,0,EU,2026-08-04,13486,87,0,2026-08-05 04:30:29.514014+00,0,,
7877,0,EU,2026-08-04,13472,88,0,2026-08-05 04:30:29.514014+00,0,,
5552796,0,EU,2026-08-04,13470,89,0,2026-08-05 04:30:29.514014+00,0,,
183860977,0,EU,2026-08-04,13455,90,0,2026-08-05 04:30:29.514014+00,0,,
80778746,0,EU,2026-08-04,13417,91,0,2026-08-05 04:30:29.514014+00,0,,
234817157,0,EU,2026-08-04,13405,92,0,2026-08-05 04:30:29.514014+00,0,,
3050,0,EU,2026-08-04,13401,93,0,2026-08-05 04:30:29.514014+00,0,,
3056,0,EU,2026-08-04,13357,94,0,2026-08-05 04:30:29.514014+00,0,,
8140,0,EU,2026-08-04,13348,95,0,2026-08-05 04:30:29.514014+00,0,,
152590982,0,EU,2026-08-04,13347,96,0,2026-08-05 04:30:29.514014+00,0,,
30155840,0,EU,2026-08-04,13345,97,0,2026-08-05 04:30:29.514014+00,0,,
8292,0,EU,2026-08-04,13339,98,0,2026-08-05 04:30:29.514014+00,0,,
8422,0,EU,2026-08-04,13302,99,0,2026-08-05 04:30:29.514014+00,0,,
9936,0,EU,2026-08-04,13284,100,0,2026-08-05 04:30:29.514014+00,0,,
3175567,0,EU,2026-08-04,13272,101,0,2026-08-05 04:30:29.514014+00,0,,
94875836,0,EU,2026-08-04,13257,102,0,2026-08-05 04:30:29.514014+00,0,,
163228251,0,EU,2026-08-04,13249,103,0,2026-08-05 04:30:29.514014+00,0,,
115495642,0,EU,2026-08-04,13216,104,0,2026-08-05 04:30:29.514014+00,0,,
161036358,0,EU,2026-08-04,13183,105,0,2026-08-05 04:30:29.514014+00,0,,
5025748,0,EU,2026-08-04,13170,106,0,2026-08-05 04:30:29.514014+00,0,,
9724,0,EU,2026-08-04,13166,107,0,2026-08-05 04:30:29.514014+00,0,,
41454225,0,EU,2026-08-04,13165,108,0,2026-08-05 04:30:29.514014+00,0,,
372573446,0,EU,2026-08-04,13142,109,0,2026-08-05 04:30:29.514014+00,0,,
9912,0,EU,2026-08-04,13124,110,0,2026-08-05 04:30:29.514014+00,0,,
3038,0,EU,2026-08-04,13123,111,0,2026-08-05 04:30:29.514014+00,0,,
3106,0,EU,2026-08-04,13045,112,0,2026-08-05 04:30:29.514014+00,0,,
9322,0,EU,2026-08-04,13042,113,0,2026-08-05 04:30:29.514014+00,0,,
9047,0,EU,2026-08-04,13040,114,0,2026-08-05 04:30:29.514014+00,0,,
129300395,0,EU,2026-08-04,13037,115,0,2026-08-05 04:30:29.514014+00,0,,
285480743,0,EU,2026-08-04,13034,116,0,2026-08-05 04:30:29.514014+00,0,,
197337170,0,EU,2026-08-04,13008,117,0,2026-08-05 04:30:29.514014+00,0,,
292721734,0,EU,2026-08-04,13003,118,0,2026-08-05 04:30:29.514014+00,0,,
9635,0,EU,2026-08-04,12987,119,0,2026-08-05 04:30:29.514014+00,0,,
156236457,0,EU,2026-08-04,12987,120,0,2026-08-05 04:30:29.514014+00,0,,
9618,0,EU,2026-08-04,12984,121,0,2026-08-05 04:30:29.514014+00,0,,
386758316,0,EU,2026-08-04,12976,122,0,2026-08-05 04:30:29.514014+00,0,,
3196,0,EU,2026-08-04,12924,123,0,2026-08-05 04:30:29.514014+00,0,,
191195583,0,EU,2026-08-04,12921,124,0,2026-08-05 04:30:29.514014+00,0,,
70841208,0,EU,2026-08-04,12896,125,0,2026-08-05 04:30:29.514014+00,0,,
9875,0,EU,2026-08-04,12882,126,0,2026-08-05 04:30:29.514014+00,0,,
3161,0,EU,2026-08-04,12857,127,0,2026-08-05 04:30:29.514014+00,0,,
3115,0,EU,2026-08-04,12828,128,0,2026-08-05 04:30:29.514014+00,0,,
344291450,0,EU,2026-08-04,12821,129,0,2026-08-05 04:30:29.514014+00,0,,
151085031,0,EU,2026-08-04,12818,130,0,2026-08-05 04:30:29.514014+00,0,,
9065,0,EU,2026-08-04,12812,131,0,2026-08-05 04:30:29.514014+00,0,,
9481990,0,EU,2026-08-04,12808,132,0,2026-08-05 04:30:29.514014+00,0,,
9900,0,EU,2026-08-04,12774,133,0,2026-08-05 04:30:29.514014+00,0,,
155643256,0,EU,2026-08-04,12767,134,0,2026-08-05 04:30:29.514014+00,0,,
9726,0,EU,2026-08-04,12765,135,0,2026-08-05 04:30:29.514014+00,0,,
3909990,0,EU,2026-08-04,12758,136,0,2026-08-05 04:30:29.514014+00,0,,
318256,0,EU,2026-08-04,12734,137,0,2026-08-05 04:30:29.514014+00,0,,
9068,0,EU,2026-08-04,12698,138,0,2026-08-05 04:30:29.514014+00,0,,
136591360,0,EU,2026-08-04,12669,139,0,2026-08-05 04:30:29.514014+00,0,,
9100,0,EU,2026-08-04,12667,140,0,2026-08-05 04:30:29.514014+00,0,,
412265722,0,EU,2026-08-04,12665,141,0,2026-08-05 04:30:29.514014+00,0,,
9380,0,EU,2026-08-04,12654,142,0,2026-08-05 04:30:29.514014+00,0,,
30282471,0,EU,2026-08-04,12653,143,0,2026-08-05 04:30:29.514014+00,0,,
7881,0,EU,2026-08-04,12649,144,0,2026-08-05 04:30:29.514014+00,0,,
270490019,0,EU,2026-08-04,12645,145,0,2026-08-05 04:30:29.514014+00,0,,
29709883,0,EU,2026-08-04,12637,146,0,2026-08-05 04:30:29.514014+00,0,,
1295790,0,EU,2026-08-04,12628,147,0,2026-08-05 04:30:29.514014+00,0,,
10021,0,EU,2026-08-04,12626,148,0,2026-08-05 04:30:29.514014+00,0,,
355336283,0,EU,2026-08-04,12622,149,0,2026-08-05 04:30:29.514014+00,0,,
7918,0,EU,2026-08-04,12616,150,0,2026-08-05 04:30:29.514014+00,0,,
9696,0,EU,2026-08-04,12600,151,0,2026-08-05 04:30:29.514014+00,0,,
301719871,0,EU,2026-08-04,12590,152,0,2026-08-05 04:30:29.514014+00,0,,
3148,0,EU,2026-08-04,12587,153,0,2026-08-05 04:30:29.514014+00,0,,
3173720,0,EU,2026-08-04,12582,154,0,2026-08-05 04:30:29.514014+00,0,,
197412961,0,EU,2026-08-04,12575,155,0,2026-08-05 04:30:29.514014+00,0,,
9908,0,EU,2026-08-04,12569,156,0,2026-08-05 04:30:29.514014+00,0,,
9245,0,EU,2026-08-04,12557,157,0,2026-08-05 04:30:29.514014+00,0,,
3274,0,EU,2026-08-04,12530,158,0,2026-08-05 04:30:29.514014+00,0,,
252740261,0,EU,2026-08-04,12518,159,0,2026-08-05 04:30:29.514014+00,0,,
207119476,0,EU,2026-08-04,12510,160,0,2026-08-05 04:30:29.514014+00,0,,
69996092,0,EU,2026-08-04,12501,161,0,2026-08-05 04:30:29.514014+00,0,,
9096,0,EU,2026-08-04,12499,162,0,2026-08-05 04:30:29.514014+00,0,,
2926,0,EU,2026-08-04,12475,163,0,2026-08-05 04:30:29.514014+00,0,,
4079039,0,EU,2026-08-04,12454,164,0,2026-08-05 04:30:29.514014+00,0,,
304149459,0,EU,2026-08-04,12450,165,0,2026-08-05 04:30:29.514014+00,0,,
12455226,0,EU,2026-08-04,12449,166,0,2026-08-05 04:30:29.514014+00,0,,
283475133,0,EU,2026-08-04,12419,167,0,2026-08-05 04:30:29.514014+00,0,,
155399952,0,EU,2026-08-04,12397,168,0,2026-08-05 04:30:29.514014+00,0,,
2263513,0,EU,2026-08-04,12390,169,0,2026-08-05 04:30:29.514014+00,0,,
3076,0,EU,2026-08-04,12383,170,0,2026-08-05 04:30:29.514014+00,0,,
8085,0,EU,2026-08-04,12361,171,0,2026-08-05 04:30:29.514014+00,0,,
11916840,0,EU,2026-08-04,12360,172,0,2026-08-05 04:30:29.514014+00,0,,
9286,0,EU,2026-08-04,12353,173,0,2026-08-05 04:30:29.514014+00,0,,
2820,0,EU,2026-08-04,12351,174,0,2026-08-05 04:30:29.514014+00,0,,
11911511,0,EU,2026-08-04,12351,175,0,2026-08-05 04:30:29.514014+00,0,,
254727561,0,EU,2026-08-04,12340,176,0,2026-08-05 04:30:29.514014+00,0,,
20990195,0,EU,2026-08-04,12336,177,0,2026-08-05 04:30:29.514014+00,0,,
64299604,0,EU,2026-08-04,12315,178,0,2026-08-05 04:30:29.514014+00,0,,
1657307,0,EU,2026-08-04,12300,179,0,2026-08-05 04:30:29.514014+00,0,,
128629929,0,EU,2026-08-04,12285,180,0,2026-08-05 04:30:29.514014+00,0,,
10039,0,EU,2026-08-04,12280,181,0,2026-08-05 04:30:29.514014+00,0,,
210490766,0,EU,2026-08-04,12272,182,0,2026-08-05 04:30:29.514014+00,0,,
355445627,0,EU,2026-08-04,12260,183,0,2026-08-05 04:30:29.514014+00,0,,
153669614,0,EU,2026-08-04,12258,184,0,2026-08-05 04:30:29.514014+00,0,,
8481,0,EU,2026-08-04,12256,185,0,2026-08-05 04:30:29.514014+00,0,,
33145373,0,EU,2026-08-04,12255,186,0,2026-08-05 04:30:29.514014+00,0,,
8636,0,EU,2026-08-04,12253,187,0,2026-08-05 04:30:29.514014+00,0,,
8059,0,EU,2026-08-04,12252,188,0,2026-08-05 04:30:29.514014+00,0,,
8153,0,EU,2026-08-04,12251,189,0,2026-08-05 04:30:29.514014+00,0,,
2791,0,EU,2026-08-04,12232,190,0,2026-08-05 04:30:29.514014+00,0,,
9773,0,EU,2026-08-04,12229,191,0,2026-08-05 04:30:29.514014+00,0,,
26487192,0,EU,2026-08-04,12211,192,0,2026-08-05 04:30:29.514014+00,0,,
8623,0,EU,2026-08-04,12201,193,0,2026-08-05 04:30:29.514014+00,0,,
269184591,0,EU,2026-08-04,12199,194,0,2026-08-05 04:30:29.514014+00,0,,
282806515,0,EU,2026-08-04,12191,195,0,2026-08-05 04:30:29.514014+00,0,,
391155129,0,EU,2026-08-04,12190,196,0,2026-08-05 04:30:29.514014+00,0,,
167099393,0,EU,2026-08-04,12185,197,0,2026-08-05 04:30:29.514014+00,0,,
240699816,0,EU,2026-08-04,12182,198,0,2026-08-05 04:30:29.514014+00,0,,
8346,0,EU,2026-08-04,12177,199,0,2026-08-05 04:30:29.514014+00,0,,
61289596,0,EU,2026-08-04,12173,200,0,2026-08-05 04:30:29.514014+00,0,,
3175042,0,EU,2026-08-04,12169,201,0,2026-08-05 04:30:29.514014+00,0,,
51168709,0,EU,2026-08-04,12166,202,0,2026-08-05 04:30:29.514014+00,0,,
3052,0,EU,2026-08-04,12163,203,0,2026-08-05 04:30:29.514014+00,0,,
2867,0,EU,2026-08-04,12159,204,0,2026-08-05 04:30:29.514014+00,0,,
9418,0,EU,2026-08-04,12153,205,0,2026-08-05 04:30:29.514014+00,0,,
53991682,0,EU,2026-08-04,12151,206,0,2026-08-05 04:30:29.514014+00,0,,
3166,0,EU,2026-08-04,12149,207,0,2026-08-05 04:30:29.514014+00,0,,
43196893,0,EU,2026-08-04,12140,208,0,2026-08-05 04:30:29.514014+00,0,,
2989,0,EU,2026-08-04,12113,209,0,2026-08-05 04:30:29.514014+00,0,,
304186966,0,EU,2026-08-04,12112,210,0,2026-08-05 04:30:29.514014+00,0,,
448531795,0,EU,2026-08-04,12110,211,0,2026-08-05 04:30:29.514014+00,0,,
91130811,0,EU,2026-08-04,12107,212,0,2026-08-05 04:30:29.514014+00,0,,
300720598,0,EU,2026-08-04,12104,213,0,2026-08-05 04:30:29.514014+00,0,,
9702,0,EU,2026-08-04,12102,214,0,2026-08-05 04:30:29.514014+00,0,,
173204034,0,EU,2026-08-04,12098,215,0,2026-08-05 04:30:29.514014+00,0,,
36119363,0,EU,2026-08-04,12088,216,0,2026-08-05 04:30:29.514014+00,0,,
9855,0,EU,2026-08-04,12081,217,0,2026-08-05 04:30:29.514014+00,0,,
2992,0,EU,2026-08-04,12079,218,0,2026-08-05 04:30:29.514014+00,0,,
20167626,0,EU,2026-08-04,12075,219,0,2026-08-05 04:30:29.514014+00,0,,
31110911,0,EU,2026-08-04,12062,220,0,2026-08-05 04:30:29.514014+00,0,,
8361,0,EU,2026-08-04,12056,221,0,2026-08-05 04:30:29.514014+00,0,,
133791122,0,EU,2026-08-04,12051,222,0,2026-08-05 04:30:29.514014+00,0,,
9472,0,EU,2026-08-04,12051,223,0,2026-08-05 04:30:29.514014+00,0,,
155115063,0,EU,2026-08-04,12045,224,0,2026-08-05 04:30:29.514014+00,0,,
3174932,0,EU,2026-08-04,12042,225,0,2026-08-05 04:30:29.514014+00,0,,
380192488,0,EU,2026-08-04,12040,226,0,2026-08-05 04:30:29.514014+00,0,,
278143402,0,EU,2026-08-04,12037,227,0,2026-08-05 04:30:29.514014+00,0,,
169679820,0,EU,2026-08-04,12037,228,0,2026-08-05 04:30:29.514014+00,0,,
962996,0,EU,2026-08-04,12034,229,0,2026-08-05 04:30:29.514014+00,0,,
48583014,0,EU,2026-08-04,12013,230,0,2026-08-05 04:30:29.514014+00,0,,
7873,0,EU,2026-08-04,12013,231,0,2026-08-05 04:30:29.514014+00,0,,
306959472,0,EU,2026-08-04,12006,232,0,2026-08-05 04:30:29.514014+00,0,,
7950,0,EU,2026-08-04,12006,233,0,2026-08-05 04:30:29.514014+00,0,,
2931,0,EU,2026-08-04,12005,234,0,2026-08-05 04:30:29.514014+00,0,,
16881913,0,EU,2026-08-04,12003,235,0,2026-08-05 04:30:29.514014+00,0,,
9653,0,EU,2026-08-04,11999,236,0,2026-08-05 04:30:29.514014+00,0,,
3129,0,EU,2026-08-04,11990,237,0,2026-08-05 04:30:29.514014+00,0,,
3125,0,EU,2026-08-04,11989,238,0,2026-08-05 04:30:29.514014+00,0,,
4025594,0,EU,2026-08-04,11988,239,0,2026-08-05 04:30:29.514014+00,0,,
8344,0,EU,2026-08-04,11981,240,0,2026-08-05 04:30:29.514014+00,0,,
10221,0,EU,2026-08-04,11969,241,0,2026-08-05 04:30:29.514014+00,0,,
9753,0,EU,2026-08-04,11964,242,0,2026-08-05 04:30:29.514014+00,0,,
16015977,0,EU,2026-08-04,11963,243,0,2026-08-05 04:30:29.514014+00,0,,
10102,0,EU,2026-08-04,11916,244,0,2026-08-05 04:30:29.514014+00,0,,
3020,0,EU,2026-08-04,11915,245,0,2026-08-05 04:30:29.514014+00,0,,
57618983,0,EU,2026-08-04,11911,246,0,2026-08-05 04:30:29.514014+00,0,,
7613526,0,EU,2026-08-04,11896,247,0,2026-08-05 04:30:29.514014+00,0,,
5608009,0,EU,2026-08-04,11895,248,0,2026-08-05 04:30:29.514014+00,0,,
2853,0,EU,2026-08-04,11890,249,0,2026-08-05 04:30:29.514014+00,0,,
8604,0,EU,2026-08-04,11882,250,0,2026-08-05 04:30:29.514014+00,0,,
299201809,0,EU,2026-08-04,11882,251,0,2026-08-05 04:30:29.514014+00,0,,
226342851,0,EU,2026-08-04,11874,252,0,2026-08-05 04:30:29.514014+00,0,,
281287389,0,EU,2026-08-04,11872,253,0,2026-08-05 04:30:29.514014+00,0,,
5008010,0,EU,2026-08-04,11868,254,0,2026-08-05 04:30:29.514014+00,0,,
9110,0,EU,2026-08-04,11863,255,0,2026-08-05 04:30:29.514014+00,0,,
8120,0,EU,2026-08-04,11853,256,0,2026-08-05 04:30:29.514014+00,0,,
231945234,0,EU,2026-08-04,11852,257,0,2026-08-05 04:30:29.514014+00,0,,
162105230,0,EU,2026-08-04,11830,258,0,2026-08-05 04:30:29.514014+00,0,,
9327,0,EU,2026-08-04,11827,259,0,2026-08-05 04:30:29.514014+00,0,,
92312,0,EU,2026-08-04,11824,260,0,2026-08-05 04:30:29.514014+00,0,,
98374547,0,EU,2026-08-04,11821,261,0,2026-08-05 04:30:29.514014+00,0,,
898346,0,EU,2026-08-04,11819,262,0,2026-08-05 04:30:29.514014+00,0,,
2959,0,EU,2026-08-04,11819,263,0,2026-08-05 04:30:29.514014+00,0,,
3175461,0,EU,2026-08-04,11814,264,0,2026-08-05 04:30:29.514014+00,0,,
8513,0,EU,2026-08-04,11805,265,0,2026-08-05 04:30:29.514014+00,0,,
247991178,0,EU,2026-08-04,11796,266,0,2026-08-05 04:30:29.514014+00,0,,
8882,0,EU,2026-08-04,11795,267,0,2026-08-05 04:30:29.514014+00,0,,
8770,0,EU,2026-08-04,11791,268,0,2026-08-05 04:30:29.514014+00,0,,
294674489,0,EU,2026-08-04,11787,269,0,2026-08-05 04:30:29.514014+00,0,,
27205622,0,EU,2026-08-04,11769,270,0,2026-08-05 04:30:29.514014+00,0,,
8414,0,EU,2026-08-04,11763,271,0,2026-08-05 04:30:29.514014+00,0,,
281934250,0,EU,2026-08-04,11758,273,0,2026-08-05 04:30:29.514014+00,0,,
76,0,EU,2026-08-04,11754,274,0,2026-08-05 04:30:29.514014+00,0,,
228035761,0,EU,2026-08-04,11750,275,0,2026-08-05 04:30:29.514014+00,0,,
19364971,0,EU,2026-08-04,11732,276,0,2026-08-05 04:30:29.514014+00,0,,
233948328,0,EU,2026-08-04,11722,277,0,2026-08-05 04:30:29.514014+00,0,,
254049905,0,EU,2026-08-04,11716,278,0,2026-08-05 04:30:29.514014+00,0,,
9791,0,EU,2026-08-04,11697,279,0,2026-08-05 04:30:29.514014+00,0,,
223125082,0,EU,2026-08-04,11674,280,0,2026-08-05 04:30:29.514014+00,0,,
56418263,0,EU,2026-08-04,11657,281,0,2026-08-05 04:30:29.514014+00,0,,
79179,0,EU,2026-08-04,11653,282,0,2026-08-05 04:30:29.514014+00,0,,
7912,0,EU,2026-08-04,11652,283,0,2026-08-05 04:30:29.514014+00,0,,
10326,0,EU,2026-08-04,11625,284,0,2026-08-05 04:30:29.514014+00,0,,
74699723,0,EU,2026-08-04,11622,285,0,2026-08-05 04:30:29.514014+00,0,,
10007,0,EU,2026-08-04,11613,286,0,2026-08-05 04:30:29.514014+00,0,,
349279540,0,EU,2026-08-04,11610,287,0,2026-08-05 04:30:29.514014+00,0,,
297303101,0,EU,2026-08-04,11597,288,0,2026-08-05 04:30:29.514014+00,0,,
442069375,0,EU,2026-08-04,11588,289,0,2026-08-05 04:30:29.514014+00,0,,
160923734,0,EU,2026-08-04,11588,290,0,2026-08-05 04:30:29.514014+00,0,,
10152,0,EU,2026-08-04,11585,291,0,2026-08-05 04:30:29.514014+00,0,,
274662015,0,EU,2026-08-04,11579,292,0,2026-08-05 04:30:29.514014+00,0,,
8033,0,EU,2026-08-04,11573,293,0,2026-08-05 04:30:29.514014+00,0,,
240415621,0,EU,2026-08-04,11571,294,0,2026-08-05 04:30:29.514014+00,0,,
268726095,0,EU,2026-08-04,11570,295,0,2026-08-05 04:30:29.514014+00,0,,
15681963,0,EU,2026-08-04,11551,296,0,2026-08-05 04:30:29.514014+00,0,,
195350808,0,EU,2026-08-04,11550,297,0,2026-08-05 04:30:29.514014+00,0,,
2984,0,EU,2026-08-04,11540,298,0,2026-08-05 04:30:29.514014+00,0,,
3135,0,EU,2026-08-04,11535,299,0,2026-08-05 04:30:29.514014+00,0,,
22972817,0,EU,2026-08-04,11534,300,0,2026-08-05 04:30:29.514014+00,0,,
389974480,0,EU,2026-08-04,11532,301,0,2026-08-05 04:30:29.514014+00,0,,
153999949,0,EU,2026-08-04,11529,302,0,2026-08-05 04:30:29.514014+00,0,,
10208,0,EU,2026-08-04,11528,303,0,2026-08-05 04:30:29.514014+00,0,,
8876,0,EU,2026-08-04,11527,304,0,2026-08-05 04:30:29.514014+00,0,,
3173,0,EU,2026-08-04,11524,305,0,2026-08-05 04:30:29.514014+00,0,,
7961,0,EU,2026-08-04,11519,306,0,2026-08-05 04:30:29.514014+00,0,,
31692646,0,EU,2026-08-04,11515,307,0,2026-08-05 04:30:29.514014+00,0,,
8573,0,EU,2026-08-04,11501,308,0,2026-08-05 04:30:29.514014+00,0,,
180663385,0,EU,2026-08-04,11494,309,0,2026-08-05 04:30:29.514014+00,0,,
302864321,0,EU,2026-08-04,11489,310,0,2026-08-05 04:30:29.514014+00,0,,
10127,0,EU,2026-08-04,11487,311,0,2026-08-05 04:30:29.514014+00,0,,
7985,0,EU,2026-08-04,11485,312,0,2026-08-05 04:30:29.514014+00,0,,
3175194,0,EU,2026-08-04,11483,313,0,2026-08-05 04:30:29.514014+00,0,,
170330787,0,EU,2026-08-04,11473,314,0,2026-08-05 04:30:29.514014+00,0,,
10113,0,EU,2026-08-04,11469,315,0,2026-08-05 04:30:29.514014+00,0,,
193895632,0,EU,2026-08-04,11466,316,0,2026-08-05 04:30:29.514014+00,0,,
50394048,0,EU,2026-08-04,11463,317,0,2026-08-05 04:30:29.514014+00,0,,
70014556,0,EU,2026-08-04,11461,318,0,2026-08-05 04:30:29.514014+00,0,,
47362377,0,EU,2026-08-04,11460,319,0,2026-08-05 04:30:29.514014+00,0,,
10248,0,EU,2026-08-04,11453,320,0,2026-08-05 04:30:29.514014+00,0,,
176945912,0,EU,2026-08-04,11449,321,0,2026-08-05 04:30:29.514014+00,0,,
2815,0,EU,2026-08-04,11442,322,0,2026-08-05 04:30:29.514014+00,0,,
9846,0,EU,2026-08-04,11440,323,0,2026-08-05 04:30:29.514014+00,0,,
133416599,0,EU,2026-08-04,11431,324,0,2026-08-05 04:30:29.514014+00,0,,
397509785,0,EU,2026-08-04,11431,325,0,2026-08-05 04:30:29.514014+00,0,,
41618019,0,EU,2026-08-04,11421,326,0,2026-08-05 04:30:29.514014+00,0,,
10125,0,EU,2026-08-04,11418,327,0,2026-08-05 04:30:29.514014+00,0,,
10226732,0,EU,2026-08-04,11415,328,0,2026-08-05 04:30:29.514014+00,0,,
9753673,0,EU,2026-08-04,11413,329,0,2026-08-05 04:30:29.514014+00,0,,
159344154,0,EU,2026-08-04,11409,330,0,2026-08-05 04:30:29.514014+00,0,,
164197076,0,EU,2026-08-04,11396,331,0,2026-08-05 04:30:29.514014+00,0,,
284133115,0,EU,2026-08-04,11392,332,0,2026-08-05 04:30:29.514014+00,0,,
9967,0,EU,2026-08-04,11390,333,0,2026-08-05 04:30:29.514014+00,0,,
154151489,0,EU,2026-08-04,11382,334,0,2026-08-05 04:30:29.514014+00,0,,
3173277,0,EU,2026-08-04,11381,335,0,2026-08-05 04:30:29.514014+00,0,,
84500815,0,EU,2026-08-04,11373,336,0,2026-08-05 04:30:29.514014+00,0,,
8350,0,EU,2026-08-04,11372,337,0,2026-08-05 04:30:29.514014+00,0,,
4602386,0,EU,2026-08-04,11360,338,0,2026-08-05 04:30:29.514014+00,0,,
74288240,0,EU,2026-08-04,11353,339,0,2026-08-05 04:30:29.514014+00,0,,
165290541,0,EU,2026-08-04,11352,340,0,2026-08-05 04:30:29.514014+00,0,,
8627,0,EU,2026-08-04,11347,341,0,2026-08-05 04:30:29.514014+00,0,,
10138,0,EU,2026-08-04,11345,342,0,2026-08-05 04:30:29.514014+00,0,,
7878,0,EU,2026-08-04,11344,343,0,2026-08-05 04:30:29.514014+00,0,,
9740,0,EU,2026-08-04,11341,344,0,2026-08-05 04:30:29.514014+00,0,,
357609154,0,EU,2026-08-04,11339,345,0,2026-08-05 04:30:29.514014+00,0,,
73147666,0,EU,2026-08-04,11322,346,0,2026-08-05 04:30:29.514014+00,0,,
15542387,0,EU,2026-08-04,11319,347,0,2026-08-05 04:30:29.514014+00,0,,
7964,0,EU,2026-08-04,11318,348,0,2026-08-05 04:30:29.514014+00,0,,
9318,0,EU,2026-08-04,11311,349,0,2026-08-05 04:30:29.514014+00,0,,
170639317,0,EU,2026-08-04,11311,350,0,2026-08-05 04:30:29.514014+00,0,,
345294876,0,EU,2026-08-04,11306,351,0,2026-08-05 04:30:29.514014+00,0,,
8893,0,EU,2026-08-04,11305,352,0,2026-08-05 04:30:29.514014+00,0,,
8070,0,EU,2026-08-04,11297,353,0,2026-08-05 04:30:29.514014+00,0,,
29048459,0,EU,2026-08-04,11295,354,0,2026-08-05 04:30:29.514014+00,0,,
326611083,0,EU,2026-08-04,11295,355,0,2026-08-05 04:30:29.514014+00,0,,
440502198,0,EU,2026-08-04,11293,356,0,2026-08-05 04:30:29.514014+00,0,,
70647222,0,EU,2026-08-04,11289,357,0,2026-08-05 04:30:29.514014+00,0,,
352859610,0,EU,2026-08-04,11284,358,0,2026-08-05 04:30:29.514014+00,0,,
9467,0,EU,2026-08-04,11276,359,0,2026-08-05 04:30:29.514014+00,0,,
289825862,0,EU,2026-08-04,11275,360,0,2026-08-05 04:30:29.514014+00,0,,
3806791,0,EU,2026-08-04,11269,361,0,2026-08-05 04:30:29.514014+00,0,,
10118,0,EU,2026-08-04,11269,362,0,2026-08-05 04:30:29.514014+00,0,,
181375554,0,EU,2026-08-04,11262,363,0,2026-08-05 04:30:29.514014+00,0,,
2833,0,EU,2026-08-04,11247,364,0,2026-08-05 04:30:29.514014+00,0,,
2788,0,EU,2026-08-04,11242,365,0,2026-08-05 04:30:29.514014+00,0,,
951912,0,EU,2026-08-04,11238,366,0,2026-08-05 04:30:29.514014+00,0,,
38915661,0,EU,2026-08-04,11234,367,0,2026-08-05 04:30:29.514014+00,0,,
8053,0,EU,2026-08-04,11218,368,0,2026-08-05 04:30:29.514014+00,0,,
9741,0,EU,2026-08-04,11217,369,0,2026-08-05 04:30:29.514014+00,0,,
103783301,0,EU,2026-08-04,11208,370,0,2026-08-05 04:30:29.514014+00,0,,
3173688,0,EU,2026-08-04,11204,371,0,2026-08-05 04:30:29.514014+00,0,,
11407081,0,EU,2026-08-04,11203,372,0,2026-08-05 04:30:29.514014+00,0,,
9215,0,EU,2026-08-04,11196,373,0,2026-08-05 04:30:29.514014+00,0,,
76653673,0,EU,2026-08-04,11195,374,0,2026-08-05 04:30:29.514014+00,0,,
3210,0,EU,2026-08-04,11193,375,0,2026-08-05 04:30:29.514014+00,0,,
9796,0,EU,2026-08-04,11180,376,0,2026-08-05 04:30:29.514014+00,0,,
94003232,0,EU,2026-08-04,11178,377,0,2026-08-05 04:30:29.514014+00,0,,
8632,0,EU,2026-08-04,11178,378,0,2026-08-05 04:30:29.514014+00,0,,
97229033,0,EU,2026-08-04,11174,379,0,2026-08-05 04:30:29.514014+00,0,,
126989798,0,EU,2026-08-04,11174,380,0,2026-08-05 04:30:29.514014+00,0,,
31287093,0,EU,2026-08-04,11173,381,0,2026-08-05 04:30:29.514014+00,0,,
403657,0,EU,2026-08-04,11165,382,0,2026-08-05 04:30:29.514014+00,0,,
391321572,0,EU,2026-08-04,11158,383,0,2026-08-05 04:30:29.514014+00,0,,
858863,0,EU,2026-08-04,11158,384,0,2026-08-05 04:30:29.514014+00,0,,
300184030,0,EU,2026-08-04,11155,385,0,2026-08-05 04:30:29.514014+00,0,,
202376673,0,EU,2026-08-04,11153,386,0,2026-08-05 04:30:29.514014+00,0,,
115634997,0,EU,2026-08-04,11142,387,0,2026-08-05 04:30:29.514014+00,0,,
9895,0,EU,2026-08-04,11135,388,0,2026-08-05 04:30:29.514014+00,0,,
404392988,0,EU,2026-08-04,11121,389,0,2026-08-05 04:30:29.514014+00,0,,
208284390,0,EU,2026-08-04,11119,390,0,2026-08-05 04:30:29.514014+00,0,,
9193,0,EU,2026-08-04,11119,391,0,2026-08-05 04:30:29.514014+00,0,,
8240,0,EU,2026-08-04,11118,392,0,2026-08-05 04:30:29.514014+00,0,,
7888,0,EU,2026-08-04,11118,393,0,2026-08-05 04:30:29.514014+00,0,,
263956719,0,EU,2026-08-04,11111,394,0,2026-08-05 04:30:29.514014+00,0,,
9705,0,EU,2026-08-04,11108,395,0,2026-08-05 04:30:29.514014+00,0,,
178981976,0,EU,2026-08-04,11101,396,0,2026-08-05 04:30:29.514014+00,0,,
10334,0,EU,2026-08-04,11094,397,0,2026-08-05 04:30:29.514014+00,0,,
8566,0,EU,2026-08-04,11091,398,0,2026-08-05 04:30:29.514014+00,0,,
72443736,0,EU,2026-08-04,11079,399,0,2026-08-05 04:30:29.514014+00,0,,
48185548,0,EU,2026-08-04,11077,400,0,2026-08-05 04:30:29.514014+00,0,,
8162,0,EU,2026-08-04,11070,401,0,2026-08-05 04:30:29.514014+00,0,,
299475890,0,EU,2026-08-04,11068,402,0,2026-08-05 04:30:29.514014+00,0,,
199798365,0,EU,2026-08-04,11065,403,0,2026-08-05 04:30:29.514014+00,0,,
4876316,0,EU,2026-08-04,11058,404,0,2026-08-05 04:30:29.514014+00,0,,
162507490,0,EU,2026-08-04,11056,405,0,2026-08-05 04:30:29.514014+00,0,,
10225,0,EU,2026-08-04,11055,406,0,2026-08-05 04:30:29.514014+00,0,,
2889,0,EU,2026-08-04,11050,407,0,2026-08-05 04:30:29.514014+00,0,,
3175000,0,EU,2026-08-04,11047,408,0,2026-08-05 04:30:29.514014+00,0,,
14410389,0,EU,2026-08-04,11043,409,0,2026-08-05 04:30:29.514014+00,0,,
10436564,0,EU,2026-08-04,11043,410,0,2026-08-05 04:30:29.514014+00,0,,
282891071,0,EU,2026-08-04,11041,411,0,2026-08-05 04:30:29.514014+00,0,,
276835252,0,EU,2026-08-04,11039,412,0,2026-08-05 04:30:29.514014+00,0,,
63881539,0,EU,2026-08-04,11039,413,0,2026-08-05 04:30:29.514014+00,0,,
163422156,0,EU,2026-08-04,11035,414,0,2026-08-05 04:30:29.514014+00,0,,
105279388,0,EU,2026-08-04,11035,415,0,2026-08-05 04:30:29.514014+00,0,,
92813343,0,EU,2026-08-04,11035,416,0,2026-08-05 04:30:29.514014+00,0,,
101896980,0,EU,2026-08-04,11034,417,0,2026-08-05 04:30:29.514014+00,0,,
10264,0,EU,2026-08-04,11033,418,0,2026-08-05 04:30:29.514014+00,0,,
410262681,0,EU,2026-08-04,11029,419,0,2026-08-05 04:30:29.514014+00,0,,
9459,0,EU,2026-08-04,11026,420,0,2026-08-05 04:30:29.514014+00,0,,
82380828,0,EU,2026-08-04,11024,421,0,2026-08-05 04:30:29.514014+00,0,,
8278,0,EU,2026-08-04,11023,422,0,2026-08-05 04:30:29.514014+00,0,,
8637,0,EU,2026-08-04,11020,423,0,2026-08-05 04:30:29.514014+00,0,,
161825017,0,EU,2026-08-04,11017,424,0,2026-08-05 04:30:29.514014+00,0,,
9515,0,EU,2026-08-04,11013,425,0,2026-08-05 04:30:29.514014+00,0,,
7970,0,EU,2026-08-04,11013,426,0,2026-08-05 04:30:29.514014+00,0,,
3037,0,EU,2026-08-04,11011,427,0,2026-08-05 04:30:29.514014+00,0,,
168570777,0,EU,2026-08-04,11007,428,0,2026-08-05 04:30:29.514014+00,0,,
8165,0,EU,2026-08-04,11006,429,0,2026-08-05 04:30:29.514014+00,0,,
174037769,0,EU,2026-08-04,11006,430,0,2026-08-05 04:30:29.514014+00,0,,
5142193,0,EU,2026-08-04,11002,431,0,2026-08-05 04:30:29.514014+00,0,,
2922,0,EU,2026-08-04,11002,432,0,2026-08-05 04:30:29.514014+00,0,,
428057410,0,EU,2026-08-04,11001,433,0,2026-08-05 04:30:29.514014+00,0,,
151600203,0,EU,2026-08-04,11000,434,0,2026-08-05 04:30:29.514014+00,0,,
252213147,0,EU,2026-08-04,11000,435,0,2026-08-05 04:30:29.514014+00,0,,
316256240,0,EU,2026-08-04,10999,436,0,2026-08-05 04:30:29.514014+00,0,,
160434060,0,EU,2026-08-04,10994,437,0,2026-08-05 04:30:29.514014+00,0,,
354540638,0,EU,2026-08-04,10993,438,0,2026-08-05 04:30:29.514014+00,0,,
8542,0,EU,2026-08-04,10992,439,0,2026-08-05 04:30:29.514014+00,0,,
9879,0,EU,2026-08-04,10990,440,0,2026-08-05 04:30:29.514014+00,0,,
10080,0,EU,2026-08-04,10989,441,0,2026-08-05 04:30:29.514014+00,0,,
180214292,0,EU,2026-08-04,10986,442,0,2026-08-05 04:30:29.514014+00,0,,
22705256,0,EU,2026-08-04,10979,443,0,2026-08-05 04:30:29.514014+00,0,,
242531462,0,EU,2026-08-04,10956,444,0,2026-08-05 04:30:29.514014+00,0,,
11503796,0,EU,2026-08-04,10947,445,0,2026-08-05 04:30:29.514014+00,0,,
246942949,0,EU,2026-08-04,10946,446,0,2026-08-05 04:30:29.514014+00,0,,
7904,0,EU,2026-08-04,10946,447,0,2026-08-05 04:30:29.514014+00,0,,
152039153,0,EU,2026-08-04,10944,448,0,2026-08-05 04:30:29.514014+00,0,,
9425,0,EU,2026-08-04,10939,449,0,2026-08-05 04:30:29.514014+00,0,,
10267,0,EU,2026-08-04,10937,450,0,2026-08-05 04:30:29.514014+00,0,,
110176365,0,EU,2026-08-04,10928,451,0,2026-08-05 04:30:29.514014+00,0,,
2852623,0,EU,2026-08-04,10928,452,0,2026-08-05 04:30:29.514014+00,0,,
398130990,0,EU,2026-08-04,10922,453,0,2026-08-05 04:30:29.514014+00,0,,
298790298,0,EU,2026-08-04,10922,454,0,2026-08-05 04:30:29.514014+00,0,,
9305,0,EU,2026-08-04,10916,455,0,2026-08-05 04:30:29.514014+00,0,,
3173536,0,EU,2026-08-04,10912,456,0,2026-08-05 04:30:29.514014+00,0,,
153676057,0,EU,2026-08-04,10911,457,0,2026-08-05 04:30:29.514014+00,0,,
130866874,0,EU,2026-08-04,10910,458,0,2026-08-05 04:30:29.514014+00,0,,
389443,0,EU,2026-08-04,10909,459,0,2026-08-05 04:30:29.514014+00,0,,
57966512,0,EU,2026-08-04,10904,460,0,2026-08-05 04:30:29.514014+00,0,,
112764322,0,EU,2026-08-04,10903,461,0,2026-08-05 04:30:29.514014+00,0,,
101489097,0,EU,2026-08-04,10901,462,0,2026-08-05 04:30:29.514014+00,0,,
8816,0,EU,2026-08-04,10899,463,0,2026-08-05 04:30:29.514014+00,0,,
402324385,0,EU,2026-08-04,10899,464,0,2026-08-05 04:30:29.514014+00,0,,
157596908,0,EU,2026-08-04,10897,465,0,2026-08-05 04:30:29.514014+00,0,,
65222003,0,EU,2026-08-04,10893,466,0,2026-08-05 04:30:29.514014+00,0,,
10511196,0,EU,2026-08-04,10888,467,0,2026-08-05 04:30:29.514014+00,0,,
9469,0,EU,2026-08-04,10880,468,0,2026-08-05 04:30:29.514014+00,0,,
363732276,0,EU,2026-08-04,10872,469,0,2026-08-05 04:30:29.514014+00,0,,
145179842,0,EU,2026-08-04,10867,470,0,2026-08-05 04:30:29.514014+00,0,,
128162969,0,EU,2026-08-04,10864,471,0,2026-08-05 04:30:29.514014+00,0,,
15356032,0,EU,2026-08-04,10863,472,0,2026-08-05 04:30:29.514014+00,0,,
291692462,0,EU,2026-08-04,10862,473,0,2026-08-05 04:30:29.514014+00,0,,
288699390,0,EU,2026-08-04,10856,474,0,2026-08-05 04:30:29.514014+00,0,,
8497,0,EU,2026-08-04,10854,475,0,2026-08-05 04:30:29.514014+00,0,,
8277,0,EU,2026-08-04,10847,476,0,2026-08-05 04:30:29.514014+00,0,,
3173930,0,EU,2026-08-04,10844,477,0,2026-08-05 04:30:29.514014+00,0,,
30225129,0,EU,2026-08-04,10837,478,0,2026-08-05 04:30:29.514014+00,0,,
301781114,0,EU,2026-08-04,10831,479,0,2026-08-05 04:30:29.514014+00,0,,
10210,0,EU,2026-08-04,10830,480,0,2026-08-05 04:30:29.514014+00,0,,
261377737,0,EU,2026-08-04,10829,481,0,2026-08-05 04:30:29.514014+00,0,,
9651,0,EU,2026-08-04,10826,482,0,2026-08-05 04:30:29.514014+00,0,,
76353427,0,EU,2026-08-04,10826,483,0,2026-08-05 04:30:29.514014+00,0,,
9597,0,EU,2026-08-04,10823,484,0,2026-08-05 04:30:29.514014+00,0,,
33253072,0,EU,2026-08-04,10813,485,0,2026-08-05 04:30:29.514014+00,0,,
348692674,0,EU,2026-08-04,10813,486,0,2026-08-05 04:30:29.514014+00,0,,
8090,0,EU,2026-08-04,10809,487,0,2026-08-05 04:30:29.514014+00,0,,
10585643,0,EU,2026-08-04,10808,488,0,2026-08-05 04:30:29.514014+00,0,,
440189502,0,EU,2026-08-04,10805,489,0,2026-08-05 04:30:29.514014+00,0,,
7006665,0,EU,2026-08-04,10801,490,0,2026-08-05 04:30:29.514014+00,0,,
181992578,0,EU,2026-08-04,10798,491,0,2026-08-05 04:30:29.514014+00,0,,
259714797,0,EU,2026-08-04,10789,492,0,2026-08-05 04:30:29.514014+00,0,,
18016130,0,EU,2026-08-04,10783,493,0,2026-08-05 04:30:29.514014+00,0,,
9490,0,EU,2026-08-04,10782,494,0,2026-08-05 04:30:29.514014+00,0,,
3175078,0,EU,2026-08-04,10782,495,0,2026-08-05 04:30:29.514014+00,0,,
1278899,0,EU,2026-08-04,10771,496,0,2026-08-05 04:30:29.514014+00,0,,
274237073,0,EU,2026-08-04,10771,497,0,2026-08-05 04:30:29.514014+00,0,,
201217899,0,EU,2026-08-04,10767,498,0,2026-08-05 04:30:29.514014+00,0,,
7941,0,EU,2026-08-04,10764,499,0,2026-08-05 04:30:29.514014+00,0,,
25160625,0,EU,2026-08-04,10763,500,0,2026-08-05 04:30:29.514014+00,0,,
298749596,0,EU,2026-08-04,10761,501,0,2026-08-05 04:30:29.514014+00,0,,
295410257,0,EU,2026-08-04,10756,502,0,2026-08-05 04:30:29.514014+00,0,,
2404085,0,EU,2026-08-04,10754,503,0,2026-08-05 04:30:29.514014+00,0,,
1303438,0,EU,2026-08-04,10753,504,0,2026-08-05 04:30:29.514014+00,0,,
297744538,0,EU,2026-08-04,10750,505,0,2026-08-05 04:30:29.514014+00,0,,
426451929,0,EU,2026-08-04,10748,506,0,2026-08-05 04:30:29.514014+00,0,,
422516628,0,EU,2026-08-04,10745,507,0,2026-08-05 04:30:29.514014+00,0,,
160344082,0,EU,2026-08-04,10744,508,0,2026-08-05 04:30:29.514014+00,0,,
372850498,0,EU,2026-08-04,10742,509,0,2026-08-05 04:30:29.514014+00,0,,
6351978,0,EU,2026-08-04,10742,510,0,2026-08-05 04:30:29.514014+00,0,,
8791,0,EU,2026-08-04,10741,511,0,2026-08-05 04:30:29.514014+00,0,,
303915841,0,EU,2026-08-04,10740,512,0,2026-08-05 04:30:29.514014+00,0,,
158740164,0,EU,2026-08-04,10740,513,0,2026-08-05 04:30:29.514014+00,0,,
7862,0,EU,2026-08-04,10737,514,0,2026-08-05 04:30:29.514014+00,0,,
24139924,0,EU,2026-08-04,10718,515,0,2026-08-05 04:30:29.514014+00,0,,
420195110,0,EU,2026-08-04,10716,516,0,2026-08-05 04:30:29.514014+00,0,,
429438066,0,EU,2026-08-04,10711,517,0,2026-08-05 04:30:29.514014+00,0,,
2917,0,EU,2026-08-04,10710,518,0,2026-08-05 04:30:29.514014+00,0,,
8538,0,EU,2026-08-04,10708,519,0,2026-08-05 04:30:29.514014+00,0,,
1938822,0,EU,2026-08-04,10703,520,0,2026-08-05 04:30:29.514014+00,0,,
270468528,0,EU,2026-08-04,10701,521,0,2026-08-05 04:30:29.514014+00,0,,
164774694,0,EU,2026-08-04,10700,522,0,2026-08-05 04:30:29.514014+00,0,,
9528,0,EU,2026-08-04,10698,523,0,2026-08-05 04:30:29.514014+00,0,,
19290301,0,EU,2026-08-04,10697,524,0,2026-08-05 04:30:29.514014+00,0,,
8877,0,EU,2026-08-04,10695,525,0,2026-08-05 04:30:29.514014+00,0,,
98389336,0,EU,2026-08-04,10695,526,0,2026-08-05 04:30:29.514014+00,0,,
80645627,0,EU,2026-08-04,10686,527,0,2026-08-05 04:30:29.514014+00,0,,
3175393,0,EU,2026-08-04,10685,528,0,2026-08-05 04:30:29.514014+00,0,,
8574,0,EU,2026-08-04,10685,529,0,2026-08-05 04:30:29.514014+00,0,,
82805741,0,EU,2026-08-04,10684,530,0,2026-08-05 04:30:29.514014+00,0,,
8991,0,EU,2026-08-04,10678,531,0,2026-08-05 04:30:29.514014+00,0,,
8618,0,EU,2026-08-04,10673,532,0,2026-08-05 04:30:29.514014+00,0,,
276100892,0,EU,2026-08-04,10664,533,0,2026-08-05 04:30:29.514014+00,0,,
9683,0,EU,2026-08-04,10662,534,0,2026-08-05 04:30:29.514014+00,0,,
101330445,0,EU,2026-08-04,10657,535,0,2026-08-05 04:30:29.514014+00,0,,
4070171,0,EU,2026-08-04,10655,536,0,2026-08-05 04:30:29.514014+00,0,,
154030475,0,EU,2026-08-04,10655,537,0,2026-08-05 04:30:29.514014+00,0,,
117391341,0,EU,2026-08-04,10655,538,0,2026-08-05 04:30:29.514014+00,0,,
73714100,0,EU,2026-08-04,10647,539,0,2026-08-05 04:30:29.514014+00,0,,
6533873,0,EU,2026-08-04,10645,540,0,2026-08-05 04:30:29.514014+00,0,,
385092027,0,EU,2026-08-04,10642,541,0,2026-08-05 04:30:29.514014+00,0,,
57723081,0,EU,2026-08-04,10633,542,0,2026-08-05 04:30:29.514014+00,0,,
3174696,0,EU,2026-08-04,10633,543,0,2026-08-05 04:30:29.514014+00,0,,
10108,0,EU,2026-08-04,10631,544,0,2026-08-05 04:30:29.514014+00,0,,
304213097,0,EU,2026-08-04,10629,545,0,2026-08-05 04:30:29.514014+00,0,,
208988667,0,EU,2026-08-04,10629,546,0,2026-08-05 04:30:29.514014+00,0,,
449964950,0,EU,2026-08-04,10628,547,0,2026-08-05 04:30:29.514014+00,0,,
3131,0,EU,2026-08-04,10624,548,0,2026-08-05 04:30:29.514014+00,0,,
9661,0,EU,2026-08-04,10623,549,0,2026-08-05 04:30:29.514014+00,0,,
9314,0,EU,2026-08-04,10617,550,0,2026-08-05 04:30:29.514014+00,0,,
280191815,0,EU,2026-08-04,10614,551,0,2026-08-05 04:30:29.514014+00,0,,
5810999,0,EU,2026-08-04,10611,552,0,2026-08-05 04:30:29.514014+00,0,,
384775772,0,EU,2026-08-04,10611,553,0,2026-08-05 04:30:29.514014+00,0,,
5720695,0,EU,2026-08-04,10610,554,0,2026-08-05 04:30:29.514014+00,0,,
2080382,0,EU,2026-08-04,10606,555,0,2026-08-05 04:30:29.514014+00,0,,
5711131,0,EU,2026-08-04,10606,556,0,2026-08-05 04:30:29.514014+00,0,,
376281715,0,EU,2026-08-04,10606,557,0,2026-08-05 04:30:29.514014+00,0,,
164771540,0,EU,2026-08-04,10605,558,0,2026-08-05 04:30:29.514014+00,0,,
91440065,0,EU,2026-08-04,10605,559,0,2026-08-05 04:30:29.514014+00,0,,
286180398,0,EU,2026-08-04,10602,560,0,2026-08-05 04:30:29.514014+00,0,,
201496627,0,EU,2026-08-04,10600,561,0,2026-08-05 04:30:29.514014+00,0,,
8979,0,EU,2026-08-04,10599,562,0,2026-08-05 04:30:29.514014+00,0,,
9195437,0,EU,2026-08-04,10598,563,0,2026-08-05 04:30:29.514014+00,0,,
147427966,0,EU,2026-08-04,10592,564,0,2026-08-05 04:30:29.514014+00,0,,
230482352,0,EU,2026-08-04,10588,565,0,2026-08-05 04:30:29.514014+00,0,,
439969705,0,EU,2026-08-04,10587,566,0,2026-08-05 04:30:29.514014+00,0,,
9969,0,EU,2026-08-04,10583,567,0,2026-08-05 04:30:29.514014+00,0,,
226416793,0,EU,2026-08-04,10575,568,0,2026-08-05 04:30:29.514014+00,0,,
429543678,0,EU,2026-08-04,10573,569,0,2026-08-05 04:30:29.514014+00,0,,
384055451,0,EU,2026-08-04,10572,570,0,2026-08-05 04:30:29.514014+00,0,,
8704,0,EU,2026-08-04,10571,571,0,2026-08-05 04:30:29.514014+00,0,,
165914475,0,EU,2026-08-04,10569,572,0,2026-08-05 04:30:29.514014+00,0,,
374770688,0,EU,2026-08-04,10568,573,0,2026-08-05 04:30:29.514014+00,0,,
3175759,0,EU,2026-08-04,10567,574,0,2026-08-05 04:30:29.514014+00,0,,
240092165,0,EU,2026-08-04,10567,575,0,2026-08-05 04:30:29.514014+00,0,,
161319149,0,EU,2026-08-04,10566,576,0,2026-08-05 04:30:29.514014+00,0,,
164558309,0,EU,2026-08-04,10564,577,0,2026-08-05 04:30:29.514014+00,0,,
164587824,0,EU,2026-08-04,10563,578,0,2026-08-05 04:30:29.514014+00,0,,
7909,0,EU,2026-08-04,10561,579,0,2026-08-05 04:30:29.514014+00,0,,
295336667,0,EU,2026-08-04,10561,580,0,2026-08-05 04:30:29.514014+00,0,,
9521,0,EU,2026-08-04,10558,581,0,2026-08-05 04:30:29.514014+00,0,,
60670758,0,EU,2026-08-04,10557,582,0,2026-08-05 04:30:29.514014+00,0,,
740657,0,EU,2026-08-04,10555,583,0,2026-08-05 04:30:29.514014+00,0,,
158720130,0,EU,2026-08-04,10553,584,0,2026-08-05 04:30:29.514014+00,0,,
23711104,0,EU,2026-08-04,10552,585,0,2026-08-05 04:30:29.514014+00,0,,
161476244,0,EU,2026-08-04,10538,586,0,2026-08-05 04:30:29.514014+00,0,,
8590,0,EU,2026-08-04,10536,587,0,2026-08-05 04:30:29.514014+00,0,,
9729,0,EU,2026-08-04,10535,588,0,2026-08-05 04:30:29.514014+00,0,,
418191747,0,EU,2026-08-04,10533,589,0,2026-08-05 04:30:29.514014+00,0,,
106405972,0,EU,2026-08-04,10533,590,0,2026-08-05 04:30:29.514014+00,0,,
446092936,0,EU,2026-08-04,10532,591,0,2026-08-05 04:30:29.514014+00,0,,
39416391,0,EU,2026-08-04,10530,592,0,2026-08-05 04:30:29.514014+00,0,,
363799783,0,EU,2026-08-04,10530,593,0,2026-08-05 04:30:29.514014+00,0,,
378289831,0,EU,2026-08-04,10529,594,0,2026-08-05 04:30:29.514014+00,0,,
132674180,0,EU,2026-08-04,10524,595,0,2026-08-05 04:30:29.514014+00,0,,
299930192,0,EU,2026-08-04,10523,596,0,2026-08-05 04:30:29.514014+00,0,,
10185,0,EU,2026-08-04,10521,597,0,2026-08-05 04:30:29.514014+00,0,,
244439330,0,EU,2026-08-04,10521,598,0,2026-08-05 04:30:29.514014+00,0,,
54104514,0,EU,2026-08-04,10520,599,0,2026-08-05 04:30:29.514014+00,0,,
431356584,0,EU,2026-08-04,10518,600,0,2026-08-05 04:30:29.514014+00,0,,
14438075,0,EU,2026-08-04,10516,601,0,2026-08-05 04:30:29.514014+00,0,,
1389487,0,EU,2026-08-04,10511,602,0,2026-08-05 04:30:29.514014+00,0,,
8436,0,EU,2026-08-04,10508,603,0,2026-08-05 04:30:29.514014+00,0,,
427090920,0,EU,2026-08-04,10505,604,0,2026-08-05 04:30:29.514014+00,0,,
9992,0,EU,2026-08-04,10505,605,0,2026-08-05 04:30:29.514014+00,0,,
12830562,0,EU,2026-08-04,10504,606,0,2026-08-05 04:30:29.514014+00,0,,
201820890,0,EU,2026-08-04,10501,607,0,2026-08-05 04:30:29.514014+00,0,,
11197727,0,EU,2026-08-04,10500,608,0,2026-08-05 04:30:29.514014+00,0,,
59321634,0,EU,2026-08-04,10497,609,0,2026-08-05 04:30:29.514014+00,0,,
10215,0,EU,2026-08-04,10496,610,0,2026-08-05 04:30:29.514014+00,0,,
155212842,0,EU,2026-08-04,10495,611,0,2026-08-05 04:30:29.514014+00,0,,
193146198,0,EU,2026-08-04,10495,612,0,2026-08-05 04:30:29.514014+00,0,,
8166,0,EU,2026-08-04,10492,613,0,2026-08-05 04:30:29.514014+00,0,,
8990,0,EU,2026-08-04,10491,614,0,2026-08-05 04:30:29.514014+00,0,,
296643380,0,EU,2026-08-04,10491,615,0,2026-08-05 04:30:29.514014+00,0,,
291766446,0,EU,2026-08-04,10488,616,0,2026-08-05 04:30:29.514014+00,0,,
9990,0,EU,2026-08-04,10485,617,0,2026-08-05 04:30:29.514014+00,0,,
417233451,0,EU,2026-08-04,10484,618,0,2026-08-05 04:30:29.514014+00,0,,
8845,0,EU,2026-08-04,10483,619,0,2026-08-05 04:30:29.514014+00,0,,
178017653,0,EU,2026-08-04,10477,620,0,2026-08-05 04:30:29.514014+00,0,,
72661909,0,EU,2026-08-04,10476,621,0,2026-08-05 04:30:29.514014+00,0,,
157882934,0,EU,2026-08-04,10475,622,0,2026-08-05 04:30:29.514014+00,0,,
791123,0,EU,2026-08-04,10475,623,0,2026-08-05 04:30:29.514014+00,0,,
295952232,0,EU,2026-08-04,10474,624,0,2026-08-05 04:30:29.514014+00,0,,
8293,0,EU,2026-08-04,10474,625,0,2026-08-05 04:30:29.514014+00,0,,
57268923,0,EU,2026-08-04,10474,626,0,2026-08-05 04:30:29.514014+00,0,,
172578774,0,EU,2026-08-04,10469,627,0,2026-08-05 04:30:29.514014+00,0,,
3410197,0,EU,2026-08-04,10469,628,0,2026-08-05 04:30:29.514014+00,0,,
383081745,0,EU,2026-08-04,10468,629,0,2026-08-05 04:30:29.514014+00,0,,
60538579,0,EU,2026-08-04,10465,630,0,2026-08-05 04:30:29.514014+00,0,,
378720793,0,EU,2026-08-04,10463,631,0,2026-08-05 04:30:29.514014+00,0,,
31094741,0,EU,2026-08-04,10462,632,0,2026-08-05 04:30:29.514014+00,0,,
307300875,0,EU,2026-08-04,10456,633,0,2026-08-05 04:30:29.514014+00,0,,
2841,0,EU,2026-08-04,10455,634,0,2026-08-05 04:30:29.514014+00,0,,
151289216,0,EU,2026-08-04,10454,635,0,2026-08-05 04:30:29.514014+00,0,,
3675678,0,EU,2026-08-04,10453,636,0,2026-08-05 04:30:29.514014+00,0,,
180531897,0,EU,2026-08-04,10452,637,0,2026-08-05 04:30:29.514014+00,0,,
8066,0,EU,2026-08-04,10449,638,0,2026-08-05 04:30:29.514014+00,0,,
9310,0,EU,2026-08-04,10438,639,0,2026-08-05 04:30:29.514014+00,0,,
8524,0,EU,2026-08-04,10437,640,0,2026-08-05 04:30:29.514014+00,0,,
297870381,0,EU,2026-08-04,10435,641,0,2026-08-05 04:30:29.514014+00,0,,
92010692,0,EU,2026-08-04,10435,642,0,2026-08-05 04:30:29.514014+00,0,,
188692934,0,EU,2026-08-04,10428,643,0,2026-08-05 04:30:29.514014+00,0,,
277676319,0,EU,2026-08-04,10425,644,0,2026-08-05 04:30:29.514014+00,0,,
54436713,0,EU,2026-08-04,10424,645,0,2026-08-05 04:30:29.514014+00,0,,
9693,0,EU,2026-08-04,10420,646,0,2026-08-05 04:30:29.514014+00,0,,
121610386,0,EU,2026-08-04,10418,647,0,2026-08-05 04:30:29.514014+00,0,,
10780277,0,EU,2026-08-04,10417,648,0,2026-08-05 04:30:29.514014+00,0,,
2918,0,EU,2026-08-04,10414,649,0,2026-08-05 04:30:29.514014+00,0,,
435554972,0,EU,2026-08-04,10413,650,0,2026-08-05 04:30:29.514014+00,0,,
8265,0,EU,2026-08-04,10411,651,0,2026-08-05 04:30:29.514014+00,0,,
31564377,0,EU,2026-08-04,10410,652,0,2026-08-05 04:30:29.514014+00,0,,
302156931,0,EU,2026-08-04,10408,653,0,2026-08-05 04:30:29.514014+00,0,,
303504819,0,EU,2026-08-04,10407,654,0,2026-08-05 04:30:29.514014+00,0,,
9291,0,EU,2026-08-04,10406,655,0,2026-08-05 04:30:29.514014+00,0,,
9952,0,EU,2026-08-04,10406,656,0,2026-08-05 04:30:29.514014+00,0,,
146846419,0,EU,2026-08-04,10404,657,0,2026-08-05 04:30:29.514014+00,0,,
9085,0,EU,2026-08-04,10403,658,0,2026-08-05 04:30:29.514014+00,0,,
439947456,0,EU,2026-08-04,10402,659,0,2026-08-05 04:30:29.514014+00,0,,
355028173,0,EU,2026-08-04,10401,660,0,2026-08-05 04:30:29.514014+00,0,,
464718219,0,EU,2026-08-04,10399,661,0,2026-08-05 04:30:29.514014+00,0,,
16684701,0,EU,2026-08-04,10398,662,0,2026-08-05 04:30:29.514014+00,0,,
345668138,0,EU,2026-08-04,10398,663,0,2026-08-05 04:30:29.514014+00,0,,
74041809,0,EU,2026-08-04,10395,664,0,2026-08-05 04:30:29.514014+00,0,,
155591856,0,EU,2026-08-04,10395,665,0,2026-08-05 04:30:29.514014+00,0,,
8929,0,EU,2026-08-04,10395,666,0,2026-08-05 04:30:29.514014+00,0,,
353938745,0,EU,2026-08-04,10391,667,0,2026-08-05 04:30:29.514014+00,0,,
212630404,0,EU,2026-08-04,10390,668,0,2026-08-05 04:30:29.514014+00,0,,
297785832,0,EU,2026-08-04,10388,669,0,2026-08-05 04:30:29.514014+00,0,,
56446556,0,EU,2026-08-04,10388,670,0,2026-08-05 04:30:29.514014+00,0,,
9890,0,EU,2026-08-04,10383,671,0,2026-08-05 04:30:29.514014+00,0,,
19803344,0,EU,2026-08-04,10382,672,0,2026-08-05 04:30:29.514014+00,0,,
297274177,0,EU,2026-08-04,10381,673,0,2026-08-05 04:30:29.514014+00,0,,
94573832,0,EU,2026-08-04,10380,674,0,2026-08-05 04:30:29.514014+00,0,,
384731592,0,EU,2026-08-04,10378,675,0,2026-08-05 04:30:29.514014+00,0,,
169603448,0,EU,2026-08-04,10376,676,0,2026-08-05 04:30:29.514014+00,0,,
417405751,0,EU,2026-08-04,10375,677,0,2026-08-05 04:30:29.514014+00,0,,
25337677,0,EU,2026-08-04,10372,678,0,2026-08-05 04:30:29.514014+00,0,,
444493796,0,EU,2026-08-04,10368,679,0,2026-08-05 04:30:29.514014+00,0,,
19645562,0,EU,2026-08-04,10364,680,0,2026-08-05 04:30:29.514014+00,0,,
154241984,0,EU,2026-08-04,10359,681,0,2026-08-05 04:30:29.514014+00,0,,
25686938,0,EU,2026-08-04,10358,682,0,2026-08-05 04:30:29.514014+00,0,,
217603927,0,EU,2026-08-04,10357,683,0,2026-08-05 04:30:29.514014+00,0,,
22714272,0,EU,2026-08-04,10357,684,0,2026-08-05 04:30:29.514014+00,0,,
378502065,0,EU,2026-08-04,10356,685,0,2026-08-05 04:30:29.514014+00,0,,
25968761,0,EU,2026-08-04,10353,686,0,2026-08-05 04:30:29.514014+00,0,,
8164,0,EU,2026-08-04,10351,687,0,2026-08-05 04:30:29.514014+00,0,,
315714008,0,EU,2026-08-04,10350,688,0,2026-08-05 04:30:29.514014+00,0,,
15257178,0,EU,2026-08-04,10345,689,0,2026-08-05 04:30:29.514014+00,0,,
64508178,0,EU,2026-08-04,10342,690,0,2026-08-05 04:30:29.514014+00,0,,
64835308,0,EU,2026-08-04,10341,691,0,2026-08-05 04:30:29.514014+00,0,,
8950,0,EU,2026-08-04,10338,692,0,2026-08-05 04:30:29.514014+00,0,,
325602656,0,EU,2026-08-04,10335,693,0,2026-08-05 04:30:29.514014+00,0,,
1712145,0,EU,2026-08-04,10334,694,0,2026-08-05 04:30:29.514014+00,0,,
16938004,0,EU,2026-08-04,10332,695,0,2026-08-05 04:30:29.514014+00,0,,
16713838,0,EU,2026-08-04,10328,696,0,2026-08-05 04:30:29.514014+00,0,,
164814432,0,EU,2026-08-04,10327,697,0,2026-08-05 04:30:29.514014+00,0,,
68565337,0,EU,2026-08-04,10325,698,0,2026-08-05 04:30:29.514014+00,0,,
9559,0,EU,2026-08-04,10322,699,0,2026-08-05 04:30:29.514014+00,0,,
415535680,0,EU,2026-08-04,10322,700,0,2026-08-05 04:30:29.514014+00,0,,
8828,0,EU,2026-08-04,10321,701,0,2026-08-05 04:30:29.514014+00,0,,
216216311,0,EU,2026-08-04,10321,702,0,2026-08-05 04:30:29.514014+00,0,,
292840468,0,EU,2026-08-04,10318,703,0,2026-08-05 04:30:29.514014+00,0,,
157221395,0,EU,2026-08-04,10318,704,0,2026-08-05 04:30:29.514014+00,0,,
173359303,0,EU,2026-08-04,10317,705,0,2026-08-05 04:30:29.514014+00,0,,
298909,0,EU,2026-08-04,10316,706,0,2026-08-05 04:30:29.514014+00,0,,
8328,0,EU,2026-08-04,10316,707,0,2026-08-05 04:30:29.514014+00,0,,
372179931,0,EU,2026-08-04,10313,708,0,2026-08-05 04:30:29.514014+00,0,,
381680220,0,EU,2026-08-04,10304,709,0,2026-08-05 04:30:29.514014+00,0,,
10505405,0,EU,2026-08-04,10299,710,0,2026-08-05 04:30:29.514014+00,0,,
70069311,0,EU,2026-08-04,10298,711,0,2026-08-05 04:30:29.514014+00,0,,
160301129,0,EU,2026-08-04,10295,712,0,2026-08-05 04:30:29.514014+00,0,,
9743,0,EU,2026-08-04,10294,713,0,2026-08-05 04:30:29.514014+00,0,,
176902492,0,EU,2026-08-04,10291,714,0,2026-08-05 04:30:29.514014+00,0,,
9066,0,EU,2026-08-04,10290,715,0,2026-08-05 04:30:29.514014+00,0,,
25073338,0,EU,2026-08-04,10286,716,0,2026-08-05 04:30:29.514014+00,0,,
10565453,0,EU,2026-08-04,10286,717,0,2026-08-05 04:30:29.514014+00,0,,
8818,0,EU,2026-08-04,10280,718,0,2026-08-05 04:30:29.514014+00,0,,
291568063,0,EU,2026-08-04,10279,719,0,2026-08-05 04:30:29.514014+00,0,,
21554988,0,EU,2026-08-04,10279,720,0,2026-08-05 04:30:29.514014+00,0,,
183730999,0,EU,2026-08-04,10278,721,0,2026-08-05 04:30:29.514014+00,0,,
286679237,0,EU,2026-08-04,10278,722,0,2026-08-05 04:30:29.514014+00,0,,
22369052,0,EU,2026-08-04,10275,723,0,2026-08-05 04:30:29.514014+00,0,,
55687950,0,EU,2026-08-04,10274,724,0,2026-08-05 04:30:29.514014+00,0,,
177757187,0,EU,2026-08-04,10273,725,0,2026-08-05 04:30:29.514014+00,0,,
73664506,0,EU,2026-08-04,10269,726,0,2026-08-05 04:30:29.514014+00,0,,
9222,0,EU,2026-08-04,10269,727,0,2026-08-05 04:30:29.514014+00,0,,
198895212,0,EU,2026-08-04,10263,728,0,2026-08-05 04:30:29.514014+00,0,,
298769549,0,EU,2026-08-04,10260,729,0,2026-08-05 04:30:29.514014+00,0,,
295776631,0,EU,2026-08-04,10259,730,0,2026-08-05 04:30:29.514014+00,0,,
8824,0,EU,2026-08-04,10256,731,0,2026-08-05 04:30:29.514014+00,0,,
298882887,0,EU,2026-08-04,10256,732,0,2026-08-05 04:30:29.514014+00,0,,
30150901,0,EU,2026-08-04,10256,733,0,2026-08-05 04:30:29.514014+00,0,,
8836,0,EU,2026-08-04,10254,734,0,2026-08-05 04:30:29.514014+00,0,,
9475,0,EU,2026-08-04,10254,735,0,2026-08-05 04:30:29.514014+00,0,,
64726405,0,EU,2026-08-04,10253,736,0,2026-08-05 04:30:29.514014+00,0,,
9868,0,EU,2026-08-04,10253,737,0,2026-08-05 04:30:29.514014+00,0,,
157236871,0,EU,2026-08-04,10245,738,0,2026-08-05 04:30:29.514014+00,0,,
2988148,0,EU,2026-08-04,10239,739,0,2026-08-05 04:30:29.514014+00,0,,
9551,0,EU,2026-08-04,10239,740,0,2026-08-05 04:30:29.514014+00,0,,
244981759,0,EU,2026-08-04,10239,741,0,2026-08-05 04:30:29.514014+00,0,,
125485365,0,EU,2026-08-04,10238,742,0,2026-08-05 04:30:29.514014+00,0,,
398318908,0,EU,2026-08-04,10237,743,0,2026-08-05 04:30:29.514014+00,0,,
250233284,0,EU,2026-08-04,10237,744,0,2026-08-05 04:30:29.514014+00,0,,
76696154,0,EU,2026-08-04,10235,745,0,2026-08-05 04:30:29.514014+00,0,,
182374260,0,EU,2026-08-04,10233,746,0,2026-08-05 04:30:29.514014+00,0,,
312380697,0,EU,2026-08-04,10231,747,0,2026-08-05 04:30:29.514014+00,0,,
1073494,0,EU,2026-08-04,10229,748,0,2026-08-05 04:30:29.514014+00,0,,
168539599,0,EU,2026-08-04,10228,749,0,2026-08-05 04:30:29.514014+00,0,,
352744361,0,EU,2026-08-04,10226,750,0,2026-08-05 04:30:29.514014+00,0,,
8051,0,EU,2026-08-04,10225,751,0,2026-08-05 04:30:29.514014+00,0,,
9893,0,EU,2026-08-04,10224,752,0,2026-08-05 04:30:29.514014+00,0,,
460921803,0,EU,2026-08-04,10222,753,0,2026-08-05 04:30:29.514014+00,0,,
426833549,0,EU,2026-08-04,10219,754,0,2026-08-05 04:30:29.514014+00,0,,
48184147,0,EU,2026-08-04,10211,755,0,2026-08-05 04:30:29.514014+00,0,,
8252,0,EU,2026-08-04,10210,756,0,2026-08-05 04:30:29.514014+00,0,,
316068089,0,EU,2026-08-04,10210,757,0,2026-08-05 04:30:29.514014+00,0,,
301614355,0,EU,2026-08-04,10208,758,0,2026-08-05 04:30:29.514014+00,0,,
94053242,0,EU,2026-08-04,10203,759,0,2026-08-05 04:30:29.514014+00,0,,
281531081,0,EU,2026-08-04,10203,760,0,2026-08-05 04:30:29.514014+00,0,,
97525238,0,EU,2026-08-04,10202,761,0,2026-08-05 04:30:29.514014+00,0,,
3013558,0,EU,2026-08-04,10201,762,0,2026-08-05 04:30:29.514014+00,0,,
357401037,0,EU,2026-08-04,10199,763,0,2026-08-05 04:30:29.514014+00,0,,
151138304,0,EU,2026-08-04,10190,764,0,2026-08-05 04:30:29.514014+00,0,,
30154552,0,EU,2026-08-04,10188,765,0,2026-08-05 04:30:29.514014+00,0,,
128316449,0,EU,2026-08-04,10187,766,0,2026-08-05 04:30:29.514014+00,0,,
375876157,0,EU,2026-08-04,10184,767,0,2026-08-05 04:30:29.514014+00,0,,
236880010,0,EU,2026-08-04,10183,768,0,2026-08-05 04:30:29.514014+00,0,,
9336,0,EU,2026-08-04,10182,769,0,2026-08-05 04:30:29.514014+00,0,,
10189,0,EU,2026-08-04,10181,770,0,2026-08-05 04:30:29.514014+00,0,,
193124675,0,EU,2026-08-04,10181,771,0,2026-08-05 04:30:29.514014+00,0,,
3907714,0,EU,2026-08-04,10181,772,0,2026-08-05 04:30:29.514014+00,0,,
450116100,0,EU,2026-08-04,10180,773,0,2026-08-05 04:30:29.514014+00,0,,
324485642,0,EU,2026-08-04,10174,774,0,2026-08-05 04:30:29.514014+00,0,,
228664135,0,EU,2026-08-04,10174,775,0,2026-08-05 04:30:29.514014+00,0,,
8003,0,EU,2026-08-04,10174,776,0,2026-08-05 04:30:29.514014+00,0,,
9677,0,EU,2026-08-04,10170,777,0,2026-08-05 04:30:29.514014+00,0,,
23664910,0,EU,2026-08-04,10170,778,0,2026-08-05 04:30:29.514014+00,0,,
174512683,0,EU,2026-08-04,10170,779,0,2026-08-05 04:30:29.514014+00,0,,
9249,0,EU,2026-08-04,10170,780,0,2026-08-05 04:30:29.514014+00,0,,
3175464,0,EU,2026-08-04,10170,781,0,2026-08-05 04:30:29.514014+00,0,,
173782185,0,EU,2026-08-04,10169,782,0,2026-08-05 04:30:29.514014+00,0,,
10775781,0,EU,2026-08-04,10169,783,0,2026-08-05 04:30:29.514014+00,0,,
87887851,0,EU,2026-08-04,10169,784,0,2026-08-05 04:30:29.514014+00,0,,
14516579,0,EU,2026-08-04,10166,785,0,2026-08-05 04:30:29.514014+00,0,,
291753828,0,EU,2026-08-04,10166,786,0,2026-08-05 04:30:29.514014+00,0,,
10105729,0,EU,2026-08-04,10159,787,0,2026-08-05 04:30:29.514014+00,0,,
3192692,0,EU,2026-08-04,10158,788,0,2026-08-05 04:30:29.514014+00,0,,
171256636,0,EU,2026-08-04,10157,789,0,2026-08-05 04:30:29.514014+00,0,,
279461660,0,EU,2026-08-04,10157,790,0,2026-08-05 04:30:29.514014+00,0,,
15468476,0,EU,2026-08-04,10156,791,0,2026-08-05 04:30:29.514014+00,0,,
47634840,0,EU,2026-08-04,10155,792,0,2026-08-05 04:30:29.514014+00,0,,
10011,0,EU,2026-08-04,10155,793,0,2026-08-05 04:30:29.514014+00,0,,
209494371,0,EU,2026-08-04,10152,794,0,2026-08-05 04:30:29.514014+00,0,,
12552318,0,EU,2026-08-04,10150,795,0,2026-08-05 04:30:29.514014+00,0,,
29386928,0,EU,2026-08-04,10148,796,0,2026-08-05 04:30:29.514014+00,0,,
303977079,0,EU,2026-08-04,10145,797,0,2026-08-05 04:30:29.514014+00,0,,
7931,0,EU,2026-08-04,10144,798,0,2026-08-05 04:30:29.514014+00,0,,
458641995,0,EU,2026-08-04,10144,799,0,2026-08-05 04:30:29.514014+00,0,,
156678106,0,EU,2026-08-04,10142,800,0,2026-08-05 04:30:29.514014+00,0,,
106252735,0,EU,2026-08-04,10140,801,0,2026-08-05 04:30:29.514014+00,0,,
60831918,0,EU,2026-08-04,10139,802,0,2026-08-05 04:30:29.514014+00,0,,
265388725,0,EU,2026-08-04,10137,803,0,2026-08-05 04:30:29.514014+00,0,,
444496554,0,EU,2026-08-04,10136,804,0,2026-08-05 04:30:29.514014+00,0,,
55875769,0,EU,2026-08-04,10135,805,0,2026-08-05 04:30:29.514014+00,0,,
294429498,0,EU,2026-08-04,10132,806,0,2026-08-05 04:30:29.514014+00,0,,
1853211,0,EU,2026-08-04,10132,807,0,2026-08-05 04:30:29.514014+00,0,,
348168515,0,EU,2026-08-04,10130,808,0,2026-08-05 04:30:29.514014+00,0,,
185956635,0,EU,2026-08-04,10129,809,0,2026-08-05 04:30:29.514014+00,0,,
379109275,0,EU,2026-08-04,10125,810,0,2026-08-05 04:30:29.514014+00,0,,
309807896,0,EU,2026-08-04,10123,811,0,2026-08-05 04:30:29.514014+00,0,,
268114589,0,EU,2026-08-04,10123,812,0,2026-08-05 04:30:29.514014+00,0,,
154891010,0,EU,2026-08-04,10118,813,0,2026-08-05 04:30:29.514014+00,0,,
35120375,0,EU,2026-08-04,10116,814,0,2026-08-05 04:30:29.514014+00,0,,
9590,0,EU,2026-08-04,10115,815,0,2026-08-05 04:30:29.514014+00,0,,
224437082,0,EU,2026-08-04,10113,816,0,2026-08-05 04:30:29.514014+00,0,,
405046023,0,EU,2026-08-04,10113,817,0,2026-08-05 04:30:29.514014+00,0,,
3211,0,EU,2026-08-04,10113,818,0,2026-08-05 04:30:29.514014+00,0,,
116321707,0,EU,2026-08-04,10111,819,0,2026-08-05 04:30:29.514014+00,0,,
308520839,0,EU,2026-08-04,10109,820,0,2026-08-05 04:30:29.514014+00,0,,
118608887,0,EU,2026-08-04,10108,821,0,2026-08-05 04:30:29.514014+00,0,,
432203607,0,EU,2026-08-04,10107,822,0,2026-08-05 04:30:29.514014+00,0,,
250339074,0,EU,2026-08-04,10106,823,0,2026-08-05 04:30:29.514014+00,0,,
349063096,0,EU,2026-08-04,10104,824,0,2026-08-05 04:30:29.514014+00,0,,
48705204,0,EU,2026-08-04,10103,825,0,2026-08-05 04:30:29.514014+00,0,,
146051089,0,EU,2026-08-04,10103,826,0,2026-08-05 04:30:29.514014+00,0,,
8714,0,EU,2026-08-04,10102,827,0,2026-08-05 04:30:29.514014+00,0,,
7968,0,EU,2026-08-04,10100,828,0,2026-08-05 04:30:29.514014+00,0,,
286746667,0,EU,2026-08-04,10100,829,0,2026-08-05 04:30:29.514014+00,0,,
20978050,0,EU,2026-08-04,10099,830,0,2026-08-05 04:30:29.514014+00,0,,
7846,0,EU,2026-08-04,10097,831,0,2026-08-05 04:30:29.514014+00,0,,
393062458,0,EU,2026-08-04,10095,832,0,2026-08-05 04:30:29.514014+00,0,,
33128716,0,EU,2026-08-04,10094,833,0,2026-08-05 04:30:29.514014+00,0,,
19397581,0,EU,2026-08-04,10093,834,0,2026-08-05 04:30:29.514014+00,0,,
20072119,0,EU,2026-08-04,10090,835,0,2026-08-05 04:30:29.514014+00,0,,
52926683,0,EU,2026-08-04,10087,836,0,2026-08-05 04:30:29.514014+00,0,,
161272072,0,EU,2026-08-04,10087,837,0,2026-08-05 04:30:29.514014+00,0,,
380289586,0,EU,2026-08-04,10086,838,0,2026-08-05 04:30:29.514014+00,0,,
466763534,0,EU,2026-08-04,10085,839,0,2026-08-05 04:30:29.514014+00,0,,
327453496,0,EU,2026-08-04,10085,840,0,2026-08-05 04:30:29.514014+00,0,,
395118722,0,EU,2026-08-04,10084,841,0,2026-08-05 04:30:29.514014+00,0,,
161070906,0,EU,2026-08-04,10079,842,0,2026-08-05 04:30:29.514014+00,0,,
8570,0,EU,2026-08-04,10078,843,0,2026-08-05 04:30:29.514014+00,0,,
9090,0,EU,2026-08-04,10077,844,0,2026-08-05 04:30:29.514014+00,0,,
385310710,0,EU,2026-08-04,10077,845,0,2026-08-05 04:30:29.514014+00,0,,
378872260,0,EU,2026-08-04,10076,846,0,2026-08-05 04:30:29.514014+00,0,,
464912236,0,EU,2026-08-04,10076,847,0,2026-08-05 04:30:29.514014+00,0,,
29618477,0,EU,2026-08-04,10076,848,0,2026-08-05 04:30:29.514014+00,0,,
446592128,0,EU,2026-08-04,10075,849,0,2026-08-05 04:30:29.514014+00,0,,
460496381,0,EU,2026-08-04,10075,850,0,2026-08-05 04:30:29.514014+00,0,,
18599890,0,EU,2026-08-04,10074,851,0,2026-08-05 04:30:29.514014+00,0,,
44216149,0,EU,2026-08-04,10073,852,0,2026-08-05 04:30:29.514014+00,0,,
9558,0,EU,2026-08-04,10072,853,0,2026-08-05 04:30:29.514014+00,0,,
223210300,0,EU,2026-08-04,10071,854,0,2026-08-05 04:30:29.514014+00,0,,
15928827,0,EU,2026-08-04,10071,855,0,2026-08-05 04:30:29.514014+00,0,,
25652384,0,EU,2026-08-04,10070,856,0,2026-08-05 04:30:29.514014+00,0,,
6631735,0,EU,2026-08-04,10069,857,0,2026-08-05 04:30:29.514014+00,0,,
242620061,0,EU,2026-08-04,10068,858,0,2026-08-05 04:30:29.514014+00,0,,
2991,0,EU,2026-08-04,10067,859,0,2026-08-05 04:30:29.514014+00,0,,
64680847,0,EU,2026-08-04,10067,860,0,2026-08-05 04:30:29.514014+00,0,,
68492714,0,EU,2026-08-04,10066,861,0,2026-08-05 04:30:29.514014+00,0,,
417547873,0,EU,2026-08-04,10066,862,0,2026-08-05 04:30:29.514014+00,0,,
63211920,0,EU,2026-08-04,10066,863,0,2026-08-05 04:30:29.514014+00,0,,
38244829,0,EU,2026-08-04,10063,864,0,2026-08-05 04:30:29.514014+00,0,,
168092095,0,EU,2026-08-04,10063,865,0,2026-08-05 04:30:29.514014+00,0,,
461986507,0,EU,2026-08-04,10062,866,0,2026-08-05 04:30:29.514014+00,0,,
9581,0,EU,2026-08-04,10061,867,0,2026-08-05 04:30:29.514014+00,0,,
218798461,0,EU,2026-08-04,10061,868,0,2026-08-05 04:30:29.514014+00,0,,
172759139,0,EU,2026-08-04,10060,869,0,2026-08-05 04:30:29.514014+00,0,,
11512679,0,EU,2026-08-04,10059,870,0,2026-08-05 04:30:29.514014+00,0,,
301634448,0,EU,2026-08-04,10058,871,0,2026-08-05 04:30:29.514014+00,0,,
459139097,0,EU,2026-08-04,10057,872,0,2026-08-05 04:30:29.514014+00,0,,
47389816,0,EU,2026-08-04,10057,873,0,2026-08-05 04:30:29.514014+00,0,,
464265749,0,EU,2026-08-04,10057,874,0,2026-08-05 04:30:29.514014+00,0,,
445587321,0,EU,2026-08-04,10055,875,0,2026-08-05 04:30:29.514014+00,0,,
9123,0,EU,2026-08-04,10055,876,0,2026-08-05 04:30:29.514014+00,0,,
420855330,0,EU,2026-08-04,10055,877,0,2026-08-05 04:30:29.514014+00,0,,
8634,0,EU,2026-08-04,10054,878,0,2026-08-05 04:30:29.514014+00,0,,
470549576,0,EU,2026-08-04,10054,879,0,2026-08-05 04:30:29.514014+00,0,,
324965042,0,EU,2026-08-04,10053,880,0,2026-08-05 04:30:29.514014+00,0,,
389569041,0,EU,2026-08-04,10053,881,0,2026-08-05 04:30:29.514014+00,0,,
178937727,0,EU,2026-08-04,10052,882,0,2026-08-05 04:30:29.514014+00,0,,
292645176,0,EU,2026-08-04,10051,883,0,2026-08-05 04:30:29.514014+00,0,,
335241578,0,EU,2026-08-04,10050,884,0,2026-08-05 04:30:29.514014+00,0,,
461742415,0,EU,2026-08-04,10050,885,0,2026-08-05 04:30:29.514014+00,0,,
361051192,0,EU,2026-08-04,10050,886,0,2026-08-05 04:30:29.514014+00,0,,
153340819,0,EU,2026-08-04,10048,887,0,2026-08-05 04:30:29.514014+00,0,,
438522677,0,EU,2026-08-04,10048,888,0,2026-08-05 04:30:29.514014+00,0,,
222158559,0,EU,2026-08-04,10046,889,0,2026-08-05 04:30:29.514014+00,0,,
49953846,0,EU,2026-08-04,10046,890,0,2026-08-05 04:30:29.514014+00,0,,
430549252,0,EU,2026-08-04,10045,891,0,2026-08-05 04:30:29.514014+00,0,,
171268245,0,EU,2026-08-04,10044,892,0,2026-08-05 04:30:29.514014+00,0,,
264480771,0,EU,2026-08-04,10043,893,0,2026-08-05 04:30:29.514014+00,0,,
361616264,0,EU,2026-08-04,10042,894,0,2026-08-05 04:30:29.514014+00,0,,
204930772,0,EU,2026-08-04,10042,895,0,2026-08-05 04:30:29.514014+00,0,,
397584083,0,EU,2026-08-04,10042,896,0,2026-08-05 04:30:29.514014+00,0,,
135148631,0,EU,2026-08-04,10040,897,0,2026-08-05 04:30:29.514014+00,0,,
2006722,0,EU,2026-08-04,10039,898,0,2026-08-05 04:30:29.514014+00,0,,
8313,0,EU,2026-08-04,10039,899,0,2026-08-05 04:30:29.514014+00,0,,
391304765,0,EU,2026-08-04,10039,900,0,2026-08-05 04:30:29.514014+00,0,,
419171836,0,EU,2026-08-04,10039,901,0,2026-08-05 04:30:29.514014+00,0,,
363799545,0,EU,2026-08-04,10039,902,0,2026-08-05 04:30:29.514014+00,0,,
8107372,0,EU,2026-08-04,10038,903,0,2026-08-05 04:30:29.514014+00,0,,
8814,0,EU,2026-08-04,10035,904,0,2026-08-05 04:30:29.514014+00,0,,
224712695,0,EU,2026-08-04,10035,905,0,2026-08-05 04:30:29.514014+00,0,,
12766908,0,EU,2026-08-04,10034,906,0,2026-08-05 04:30:29.514014+00,0,,
2252369,0,EU,2026-08-04,10033,907,0,2026-08-05 04:30:29.514014+00,0,,
332741649,0,EU,2026-08-04,10033,908,0,2026-08-05 04:30:29.514014+00,0,,
8624,0,EU,2026-08-04,10033,909,0,2026-08-05 04:30:29.514014+00,0,,
169466821,0,EU,2026-08-04,10030,910,0,2026-08-05 04:30:29.514014+00,0,,
9287,0,EU,2026-08-04,10029,911,0,2026-08-05 04:30:29.514014+00,0,,
64618359,0,EU,2026-08-04,10029,912,0,2026-08-05 04:30:29.514014+00,0,,
188632983,0,EU,2026-08-04,10029,913,0,2026-08-05 04:30:29.514014+00,0,,
9924,0,EU,2026-08-04,10028,914,0,2026-08-05 04:30:29.514014+00,0,,
31737766,0,EU,2026-08-04,10026,915,0,2026-08-05 04:30:29.514014+00,0,,
9367,0,EU,2026-08-04,10025,916,0,2026-08-05 04:30:29.514014+00,0,,
227787203,0,EU,2026-08-04,10025,917,0,2026-08-05 04:30:29.514014+00,0,,
5733348,0,EU,2026-08-04,10024,918,0,2026-08-05 04:30:29.514014+00,0,,
470532720,0,EU,2026-08-04,10024,919,0,2026-08-05 04:30:29.514014+00,0,,
8431,0,EU,2026-08-04,10022,920,0,2026-08-05 04:30:29.514014+00,0,,
9042,0,EU,2026-08-04,10022,921,0,2026-08-05 04:30:29.514014+00,0,,
192182540,0,EU,2026-08-04,10022,922,0,2026-08-05 04:30:29.514014+00,0,,
1440681,0,EU,2026-08-04,10021,923,0,2026-08-05 04:30:29.514014+00,0,,
252272438,0,EU,2026-08-04,10021,924,0,2026-08-05 04:30:29.514014+00,0,,
210577113,0,EU,2026-08-04,10020,925,0,2026-08-05 04:30:29.514014+00,0,,
130408131,0,EU,2026-08-04,10020,926,0,2026-08-05 04:30:29.514014+00,0,,
200818141,0,EU,2026-08-04,10019,927,0,2026-08-05 04:30:29.514014+00,0,,
8401,0,EU,2026-08-04,10018,928,0,2026-08-05 04:30:29.514014+00,0,,
9157,0,EU,2026-08-04,10017,929,0,2026-08-05 04:30:29.514014+00,0,,
216485100,0,EU,2026-08-04,10016,930,0,2026-08-05 04:30:29.514014+00,0,,
80776897,0,EU,2026-08-04,10016,931,0,2026-08-05 04:30:29.514014+00,0,,
299897343,0,EU,2026-08-04,10015,932,0,2026-08-05 04:30:29.514014+00,0,,
9376,0,EU,2026-08-04,10015,933,0,2026-08-05 04:30:29.514014+00,0,,
449491394,0,EU,2026-08-04,10014,934,0,2026-08-05 04:30:29.514014+00,0,,
173914652,0,EU,2026-08-04,10013,935,0,2026-08-05 04:30:29.514014+00,0,,
9358633,0,EU,2026-08-04,10012,936,0,2026-08-05 04:30:29.514014+00,0,,
8601,0,EU,2026-08-04,10012,937,0,2026-08-05 04:30:29.514014+00,0,,
387187256,0,EU,2026-08-04,10011,938,0,2026-08-05 04:30:29.514014+00,0,,
35916723,0,EU,2026-08-04,10010,939,0,2026-08-05 04:30:29.514014+00,0,,
300464664,0,EU,2026-08-04,10010,940,0,2026-08-05 04:30:29.514014+00,0,,
467146245,0,EU,2026-08-04,10009,941,0,2026-08-05 04:30:29.514014+00,0,,
383918423,0,EU,2026-08-04,10009,942,0,2026-08-05 04:30:29.514014+00,0,,
137831415,0,EU,2026-08-04,10008,943,0,2026-08-05 04:30:29.514014+00,0,,
365555755,0,EU,2026-08-04,10008,944,0,2026-08-05 04:30:29.514014+00,0,,
8227,0,EU,2026-08-04,10007,945,0,2026-08-05 04:30:29.514014+00,0,,
9756,0,EU,2026-08-04,10006,946,0,2026-08-05 04:30:29.514014+00,0,,
9205,0,EU,2026-08-04,10005,947,0,2026-08-05 04:30:29.514014+00,0,,
109388532,0,EU,2026-08-04,10005,948,0,2026-08-05 04:30:29.514014+00,0,,
359907446,0,EU,2026-08-04,10005,949,0,2026-08-05 04:30:29.514014+00,0,,
443432362,0,EU,2026-08-04,10004,950,0,2026-08-05 04:30:29.514014+00,0,,
322908813,0,EU,2026-08-04,10003,951,0,2026-08-05 04:30:29.514014+00,0,,
181524708,0,EU,2026-08-04,10002,952,0,2026-08-05 04:30:29.514014+00,0,,
16446283,0,EU,2026-08-04,10002,953,0,2026-08-05 04:30:29.514014+00,0,,
206224464,0,EU,2026-08-04,10002,954,0,2026-08-05 04:30:29.514014+00,0,,
215550087,0,EU,2026-08-04,10002,955,0,2026-08-05 04:30:29.514014+00,0,,
10092,0,EU,2026-08-04,10001,956,0,2026-08-05 04:30:29.514014+00,0,,
163552887,0,EU,2026-08-04,10001,957,0,2026-08-05 04:30:29.514014+00,0,,
8470,0,EU,2026-08-04,9998,958,0,2026-08-05 04:30:29.514014+00,0,,
4072069,0,EU,2026-08-04,9996,959,0,2026-08-05 04:30:29.514014+00,0,,
9078,0,EU,2026-08-04,9996,960,0,2026-08-05 04:30:29.514014+00,0,,
333192327,0,EU,2026-08-04,9995,961,0,2026-08-05 04:30:29.514014+00,0,,
9430720,0,EU,2026-08-04,9995,962,0,2026-08-05 04:30:29.514014+00,0,,
3297573,0,EU,2026-08-04,9993,963,0,2026-08-05 04:30:29.514014+00,0,,
8719,0,EU,2026-08-04,9993,964,0,2026-08-05 04:30:29.514014+00,0,,
32779658,0,EU,2026-08-04,9991,965,0,2026-08-05 04:30:29.514014+00,0,,
191329007,0,EU,2026-08-04,9990,966,0,2026-08-05 04:30:29.514014+00,0,,
497553,0,EU,2026-08-04,9989,967,0,2026-08-05 04:30:29.514014+00,0,,
3174620,0,EU,2026-08-04,9987,968,0,2026-08-05 04:30:29.514014+00,0,,
3199,0,EU,2026-08-04,9985,969,0,2026-08-05 04:30:29.514014+00,0,,
3240,0,EU,2026-08-04,9983,970,0,2026-08-05 04:30:29.514014+00,0,,
8451254,0,EU,2026-08-04,9981,971,0,2026-08-05 04:30:29.514014+00,0,,
71964560,0,EU,2026-08-04,9980,972,0,2026-08-05 04:30:29.514014+00,0,,
294534668,0,EU,2026-08-04,9980,973,0,2026-08-05 04:30:29.514014+00,0,,
23506754,0,EU,2026-08-04,9980,974,0,2026-08-05 04:30:29.514014+00,0,,
168847511,0,EU,2026-08-04,9978,975,0,2026-08-05 04:30:29.514014+00,0,,
22624485,0,EU,2026-08-04,9977,976,0,2026-08-05 04:30:29.514014+00,0,,
9111880,0,EU,2026-08-04,9977,977,0,2026-08-05 04:30:29.514014+00,0,,
9330,0,EU,2026-08-04,9976,978,0,2026-08-05 04:30:29.514014+00,0,,
308801987,0,EU,2026-08-04,9974,979,0,2026-08-05 04:30:29.514014+00,0,,
154728798,0,EU,2026-08-04,9973,980,0,2026-08-05 04:30:29.514014+00,0,,
14789355,0,EU,2026-08-04,9972,981,0,2026-08-05 04:30:29.514014+00,0,,
469838704,0,EU,2026-08-04,9971,982,0,2026-08-05 04:30:29.514014+00,0,,
94174746,0,EU,2026-08-04,9971,983,0,2026-08-05 04:30:29.514014+00,0,,
348730174,0,EU,2026-08-04,9968,984,0,2026-08-05 04:30:29.514014+00,0,,
36347715,0,EU,2026-08-04,9968,985,0,2026-08-05 04:30:29.514014+00,0,,
51827800,0,EU,2026-08-04,9962,986,0,2026-08-05 04:30:29.514014+00,0,,
94657607,0,EU,2026-08-04,9961,987,0,2026-08-05 04:30:29.514014+00,0,,
59728037,0,EU,2026-08-04,9960,988,0,2026-08-05 04:30:29.514014+00,0,,
118,0,EU,2026-08-04,9960,989,0,2026-08-05 04:30:29.514014+00,0,,
464960396,0,EU,2026-08-04,9959,990,0,2026-08-05 04:30:29.514014+00,0,,
9540,0,EU,2026-08-04,9958,991,0,2026-08-05 04:30:29.514014+00,0,,
345808062,0,EU,2026-08-04,9958,992,0,2026-08-05 04:30:29.514014+00,0,,
27037350,0,EU,2026-08-04,9957,993,0,2026-08-05 04:30:29.514014+00,0,,
424219506,0,EU,2026-08-04,9951,994,0,2026-08-05 04:30:29.514014+00,0,,
9331,0,EU,2026-08-04,9949,995,0,2026-08-05 04:30:29.514014+00,0,,
8122,0,EU,2026-08-04,9949,996,0,2026-08-05 04:30:29.514014+00,0,,
8928,0,EU,2026-08-04,9949,997,0,2026-08-05 04:30:29.514014+00,0,,
158782396,0,EU,2026-08-04,9949,998,0,2026-08-05 04:30:29.514014+00,0,,
9662,0,EU,2026-08-04,9946,999,0,2026-08-05 04:30:29.514014+00,0,,
166818095,0,EU,2026-08-04,9945,1000,0,2026-08-05 04:30:29.514014+00,0,,
2796,0,AP,2026-08-04,19310,1,0,2026-08-05 04:30:29.514014+00,0,,
73,0,AP,2026-08-04,18804,2,0,2026-08-05 04:30:29.514014+00,0,,
3298,0,AP,2026-08-04,18567,3,0,2026-08-05 04:30:29.514014+00,0,,
34687448,0,AP,2026-08-04,18153,4,0,2026-08-05 04:30:29.514014+00,0,,
3175042,0,AP,2026-08-04,17651,5,0,2026-08-05 04:30:29.514014+00,0,,
3173332,0,AP,2026-08-04,17501,6,0,2026-08-05 04:30:29.514014+00,0,,
3081,0,AP,2026-08-04,17368,7,0,2026-08-05 04:30:29.514014+00,0,,
3184,0,AP,2026-08-04,17026,8,0,2026-08-05 04:30:29.514014+00,0,,
20,0,AP,2026-08-04,17020,9,0,2026-08-05 04:30:29.514014+00,0,,
2964,0,AP,2026-08-04,17008,10,0,2026-08-05 04:30:29.514014+00,0,,
3242,0,AP,2026-08-04,16741,11,0,2026-08-05 04:30:29.514014+00,0,,
46,0,AP,2026-08-04,16614,12,0,2026-08-05 04:30:29.514014+00,0,,
3481,0,AP,2026-08-04,16583,13,0,2026-08-05 04:30:29.514014+00,0,,
140,0,AP,2026-08-04,16318,14,0,2026-08-05 04:30:29.514014+00,0,,
100,0,AP,2026-08-04,16141,15,0,2026-08-05 04:30:29.514014+00,0,,
78267926,0,AP,2026-08-04,16104,16,0,2026-08-05 04:30:29.514014+00,0,,
10404,0,AP,2026-08-04,16064,17,0,2026-08-05 04:30:29.514014+00,0,,
252913336,0,AP,2026-08-04,16029,18,0,2026-08-05 04:30:29.514014+00,0,,
3332,0,AP,2026-08-04,15910,19,0,2026-08-05 04:30:29.514014+00,0,,
479,0,AP,2026-08-04,15762,20,0,2026-08-05 04:30:29.514014+00,0,,
124,0,AP,2026-08-04,15752,21,0,2026-08-05 04:30:29.514014+00,0,,
3175885,0,AP,2026-08-04,15248,22,0,2026-08-05 04:30:29.514014+00,0,,
11043,0,AP,2026-08-04,15179,23,0,2026-08-05 04:30:29.514014+00,0,,
10286,0,AP,2026-08-04,15128,24,0,2026-08-05 04:30:29.514014+00,0,,
2990,0,AP,2026-08-04,15105,25,0,2026-08-05 04:30:29.514014+00,0,,
3339,0,AP,2026-08-04,15052,26,0,2026-08-05 04:30:29.514014+00,0,,
213948317,0,AP,2026-08-04,14921,27,0,2026-08-05 04:30:29.514014+00,0,,
8841,0,AP,2026-08-04,14625,28,0,2026-08-05 04:30:29.514014+00,0,,
3175361,0,AP,2026-08-04,14602,29,0,2026-08-05 04:30:29.514014+00,0,,
92025637,0,AP,2026-08-04,14384,30,0,2026-08-05 04:30:29.514014+00,0,,
269542614,0,AP,2026-08-04,14313,31,0,2026-08-05 04:30:29.514014+00,0,,
2838,0,AP,2026-08-04,14234,32,0,2026-08-05 04:30:29.514014+00,0,,
325294188,0,AP,2026-08-04,14232,33,0,2026-08-05 04:30:29.514014+00,0,,
2862,0,AP,2026-08-04,14174,34,0,2026-08-05 04:30:29.514014+00,0,,
196340831,0,AP,2026-08-04,14129,35,0,2026-08-05 04:30:29.514014+00,0,,
3305,0,AP,2026-08-04,14123,36,0,2026-08-05 04:30:29.514014+00,0,,
2819,0,AP,2026-08-04,14121,37,0,2026-08-05 04:30:29.514014+00,0,,
3576,0,AP,2026-08-04,14113,38,0,2026-08-05 04:30:29.514014+00,0,,
65880110,0,AP,2026-08-04,14095,39,0,2026-08-05 04:30:29.514014+00,0,,
33585405,0,AP,2026-08-04,14078,40,0,2026-08-05 04:30:29.514014+00,0,,
3176191,0,AP,2026-08-04,14059,41,0,2026-08-05 04:30:29.514014+00,0,,
159190273,0,AP,2026-08-04,14018,42,0,2026-08-05 04:30:29.514014+00,0,,
9218,0,AP,2026-08-04,14015,43,0,2026-08-05 04:30:29.514014+00,0,,
10473,0,AP,2026-08-04,14013,44,0,2026-08-05 04:30:29.514014+00,0,,
3353,0,AP,2026-08-04,14010,45,0,2026-08-05 04:30:29.514014+00,0,,
95,0,AP,2026-08-04,13895,46,0,2026-08-05 04:30:29.514014+00,0,,
3045,0,AP,2026-08-04,13813,47,0,2026-08-05 04:30:29.514014+00,0,,
2897,0,AP,2026-08-04,13800,48,0,2026-08-05 04:30:29.514014+00,0,,
3180,0,AP,2026-08-04,13780,49,0,2026-08-05 04:30:29.514014+00,0,,
10849,0,AP,2026-08-04,13752,50,0,2026-08-05 04:30:29.514014+00,0,,
10343,0,AP,2026-08-04,13708,51,0,2026-08-05 04:30:29.514014+00,0,,
3388,0,AP,2026-08-04,13707,52,0,2026-08-05 04:30:29.514014+00,0,,
286871294,0,AP,2026-08-04,13690,53,0,2026-08-05 04:30:29.514014+00,0,,
3102,0,AP,2026-08-04,13668,54,0,2026-08-05 04:30:29.514014+00,0,,
17703951,0,AP,2026-08-04,13650,55,0,2026-08-05 04:30:29.514014+00,0,,
8805,0,AP,2026-08-04,13623,56,0,2026-08-05 04:30:29.514014+00,0,,
2785,0,AP,2026-08-04,13544,57,0,2026-08-05 04:30:29.514014+00,0,,
9278,0,AP,2026-08-04,13476,58,0,2026-08-05 04:30:29.514014+00,0,,
9517,0,AP,2026-08-04,13466,59,0,2026-08-05 04:30:29.514014+00,0,,
74,0,AP,2026-08-04,13423,60,0,2026-08-05 04:30:29.514014+00,0,,
7928,0,AP,2026-08-04,13319,61,0,2026-08-05 04:30:29.514014+00,0,,
10302,0,AP,2026-08-04,13288,62,0,2026-08-05 04:30:29.514014+00,0,,
3347,0,AP,2026-08-04,13268,63,0,2026-08-05 04:30:29.514014+00,0,,
291458909,0,AP,2026-08-04,13218,64,0,2026-08-05 04:30:29.514014+00,0,,
112,0,AP,2026-08-04,13201,65,0,2026-08-05 04:30:29.514014+00,0,,
2904,0,AP,2026-08-04,13187,66,0,2026-08-05 04:30:29.514014+00,0,,
3151,0,AP,2026-08-04,13112,67,0,2026-08-05 04:30:29.514014+00,0,,
220146966,0,AP,2026-08-04,13099,68,0,2026-08-05 04:30:29.514014+00,0,,
10991,0,AP,2026-08-04,13070,69,0,2026-08-05 04:30:29.514014+00,0,,
8284,0,AP,2026-08-04,13046,70,0,2026-08-05 04:30:29.514014+00,0,,
152931565,0,AP,2026-08-04,13041,71,0,2026-08-05 04:30:29.514014+00,0,,
9320,0,AP,2026-08-04,13033,72,0,2026-08-05 04:30:29.514014+00,0,,
9587,0,AP,2026-08-04,13017,73,0,2026-08-05 04:30:29.514014+00,0,,
3331,0,AP,2026-08-04,13015,74,0,2026-08-05 04:30:29.514014+00,0,,
10334,0,AP,2026-08-04,12980,75,0,2026-08-05 04:30:29.514014+00,0,,
3107,0,AP,2026-08-04,12938,76,0,2026-08-05 04:30:29.514014+00,0,,
25526664,0,AP,2026-08-04,12933,77,0,2026-08-05 04:30:29.514014+00,0,,
11160,0,AP,2026-08-04,12928,78,0,2026-08-05 04:30:29.514014+00,0,,
3043,0,AP,2026-08-04,12905,79,0,2026-08-05 04:30:29.514014+00,0,,
226710070,0,AP,2026-08-04,12895,80,0,2026-08-05 04:30:29.514014+00,0,,
6242336,0,AP,2026-08-04,12887,81,0,2026-08-05 04:30:29.514014+00,0,,
3152,0,AP,2026-08-04,12864,82,0,2026-08-05 04:30:29.514014+00,0,,
210149902,0,AP,2026-08-04,12841,83,0,2026-08-05 04:30:29.514014+00,0,,
9061,0,AP,2026-08-04,12837,84,0,2026-08-05 04:30:29.514014+00,0,,
92439487,0,AP,2026-08-04,12836,85,0,2026-08-05 04:30:29.514014+00,0,,
3229,0,AP,2026-08-04,12779,86,0,2026-08-05 04:30:29.514014+00,0,,
153988351,0,AP,2026-08-04,12765,87,0,2026-08-05 04:30:29.514014+00,0,,
9105,0,AP,2026-08-04,12742,88,0,2026-08-05 04:30:29.514014+00,0,,
90558637,0,AP,2026-08-04,12695,89,0,2026-08-05 04:30:29.514014+00,0,,
16,0,AP,2026-08-04,12613,91,0,2026-08-05 04:30:29.514014+00,0,,
9906,0,AP,2026-08-04,12606,92,0,2026-08-05 04:30:29.514014+00,0,,
71734638,0,AP,2026-08-04,12580,93,0,2026-08-05 04:30:29.514014+00,0,,
6712919,0,AP,2026-08-04,12569,94,0,2026-08-05 04:30:29.514014+00,0,,
168590915,0,AP,2026-08-04,12552,95,0,2026-08-05 04:30:29.514014+00,0,,
3176622,0,AP,2026-08-04,12551,96,0,2026-08-05 04:30:29.514014+00,0,,
8649,0,AP,2026-08-04,12496,97,0,2026-08-05 04:30:29.514014+00,0,,
306154493,0,AP,2026-08-04,12493,98,0,2026-08-05 04:30:29.514014+00,0,,
14182099,0,AP,2026-08-04,12473,99,0,2026-08-05 04:30:29.514014+00,0,,
9441,0,AP,2026-08-04,12468,100,0,2026-08-05 04:30:29.514014+00,0,,
3078,0,AP,2026-08-04,12468,101,0,2026-08-05 04:30:29.514014+00,0,,
48395530,0,AP,2026-08-04,12441,102,0,2026-08-05 04:30:29.514014+00,0,,
158965389,0,AP,2026-08-04,12424,103,0,2026-08-05 04:30:29.514014+00,0,,
10749,0,AP,2026-08-04,12421,104,0,2026-08-05 04:30:29.514014+00,0,,
3564,0,AP,2026-08-04,12421,105,0,2026-08-05 04:30:29.514014+00,0,,
9634,0,AP,2026-08-04,12378,106,0,2026-08-05 04:30:29.514014+00,0,,
18228019,0,AP,2026-08-04,12344,107,0,2026-08-05 04:30:29.514014+00,0,,
329498746,0,AP,2026-08-04,12310,108,0,2026-08-05 04:30:29.514014+00,0,,
9211,0,AP,2026-08-04,12309,109,0,2026-08-05 04:30:29.514014+00,0,,
3843166,0,AP,2026-08-04,12286,110,0,2026-08-05 04:30:29.514014+00,0,,
10002767,0,AP,2026-08-04,12279,111,0,2026-08-05 04:30:29.514014+00,0,,
2841,0,AP,2026-08-04,12266,112,0,2026-08-05 04:30:29.514014+00,0,,
3168,0,AP,2026-08-04,12226,113,0,2026-08-05 04:30:29.514014+00,0,,
294258630,0,AP,2026-08-04,12220,114,0,2026-08-05 04:30:29.514014+00,0,,
3063,0,AP,2026-08-04,12215,115,0,2026-08-05 04:30:29.514014+00,0,,
3571,0,AP,2026-08-04,12204,116,0,2026-08-05 04:30:29.514014+00,0,,
9032,0,AP,2026-08-04,12201,117,0,2026-08-05 04:30:29.514014+00,0,,
11023,0,AP,2026-08-04,12179,118,0,2026-08-05 04:30:29.514014+00,0,,
3173982,0,AP,2026-08-04,12169,119,0,2026-08-05 04:30:29.514014+00,0,,
3215,0,AP,2026-08-04,12146,120,0,2026-08-05 04:30:29.514014+00,0,,
116,0,AP,2026-08-04,12129,121,0,2026-08-05 04:30:29.514014+00,0,,
26069778,0,AP,2026-08-04,12117,122,0,2026-08-05 04:30:29.514014+00,0,,
10717,0,AP,2026-08-04,12105,123,0,2026-08-05 04:30:29.514014+00,0,,
3174143,0,AP,2026-08-04,12100,124,0,2026-08-05 04:30:29.514014+00,0,,
5010922,0,AP,2026-08-04,12096,125,0,2026-08-05 04:30:29.514014+00,0,,
10350,0,AP,2026-08-04,12095,126,0,2026-08-05 04:30:29.514014+00,0,,
9010706,0,AP,2026-08-04,12089,127,0,2026-08-05 04:30:29.514014+00,0,,
8712,0,AP,2026-08-04,12084,128,0,2026-08-05 04:30:29.514014+00,0,,
10284,0,AP,2026-08-04,12065,129,0,2026-08-05 04:30:29.514014+00,0,,
10048,0,AP,2026-08-04,12065,130,0,2026-08-05 04:30:29.514014+00,0,,
3334,0,AP,2026-08-04,12064,131,0,2026-08-05 04:30:29.514014+00,0,,
311590709,0,AP,2026-08-04,12063,132,0,2026-08-05 04:30:29.514014+00,0,,
8083883,0,AP,2026-08-04,12054,133,0,2026-08-05 04:30:29.514014+00,0,,
112276308,0,AP,2026-08-04,12038,134,0,2026-08-05 04:30:29.514014+00,0,,
10645,0,AP,2026-08-04,12036,135,0,2026-08-05 04:30:29.514014+00,0,,
225942523,0,AP,2026-08-04,12034,136,0,2026-08-05 04:30:29.514014+00,0,,
357255107,0,AP,2026-08-04,12032,137,0,2026-08-05 04:30:29.514014+00,0,,
56,0,AP,2026-08-04,11984,138,0,2026-08-05 04:30:29.514014+00,0,,
22158210,0,AP,2026-08-04,11982,139,0,2026-08-05 04:30:29.514014+00,0,,
12513898,0,AP,2026-08-04,11973,140,0,2026-08-05 04:30:29.514014+00,0,,
3502,0,AP,2026-08-04,11965,141,0,2026-08-05 04:30:29.514014+00,0,,
2802,0,AP,2026-08-04,11929,142,0,2026-08-05 04:30:29.514014+00,0,,
367661755,0,AP,2026-08-04,11923,143,0,2026-08-05 04:30:29.514014+00,0,,
9927,0,AP,2026-08-04,11902,144,0,2026-08-05 04:30:29.514014+00,0,,
319819252,0,AP,2026-08-04,11895,145,0,2026-08-05 04:30:29.514014+00,0,,
8111,0,AP,2026-08-04,11890,146,0,2026-08-05 04:30:29.514014+00,0,,
3207,0,AP,2026-08-04,11888,147,0,2026-08-05 04:30:29.514014+00,0,,
263582180,0,AP,2026-08-04,11878,148,0,2026-08-05 04:30:29.514014+00,0,,
10138420,0,AP,2026-08-04,11873,149,0,2026-08-05 04:30:29.514014+00,0,,
9959,0,AP,2026-08-04,11865,150,0,2026-08-05 04:30:29.514014+00,0,,
24567760,0,AP,2026-08-04,11854,151,0,2026-08-05 04:30:29.514014+00,0,,
159551901,0,AP,2026-08-04,11837,152,0,2026-08-05 04:30:29.514014+00,0,,
3176026,0,AP,2026-08-04,11813,153,0,2026-08-05 04:30:29.514014+00,0,,
3024,0,AP,2026-08-04,11809,154,0,2026-08-05 04:30:29.514014+00,0,,
7979,0,AP,2026-08-04,11805,155,0,2026-08-05 04:30:29.514014+00,0,,
7725476,0,AP,2026-08-04,11795,156,0,2026-08-05 04:30:29.514014+00,0,,
3351,0,AP,2026-08-04,11795,157,0,2026-08-05 04:30:29.514014+00,0,,
300979812,0,AP,2026-08-04,11776,158,0,2026-08-05 04:30:29.514014+00,0,,
11617639,0,AP,2026-08-04,11758,159,0,2026-08-05 04:30:29.514014+00,0,,
153110384,0,AP,2026-08-04,11747,160,0,2026-08-05 04:30:29.514014+00,0,,
271271101,0,AP,2026-08-04,11744,161,0,2026-08-05 04:30:29.514014+00,0,,
3335,0,AP,2026-08-04,11739,162,0,2026-08-05 04:30:29.514014+00,0,,
3355,0,AP,2026-08-04,11736,163,0,2026-08-05 04:30:29.514014+00,0,,
182058728,0,AP,2026-08-04,11727,164,0,2026-08-05 04:30:29.514014+00,0,,
296153240,0,AP,2026-08-04,11726,165,0,2026-08-05 04:30:29.514014+00,0,,
15217801,0,AP,2026-08-04,11677,166,0,2026-08-05 04:30:29.514014+00,0,,
2193194,0,AP,2026-08-04,11637,167,0,2026-08-05 04:30:29.514014+00,0,,
148602774,0,AP,2026-08-04,11636,168,0,2026-08-05 04:30:29.514014+00,0,,
54225571,0,AP,2026-08-04,11630,169,0,2026-08-05 04:30:29.514014+00,0,,
333198146,0,AP,2026-08-04,11630,170,0,2026-08-05 04:30:29.514014+00,0,,
9576,0,AP,2026-08-04,11626,171,0,2026-08-05 04:30:29.514014+00,0,,
3394,0,AP,2026-08-04,11611,172,0,2026-08-05 04:30:29.514014+00,0,,
99972564,0,AP,2026-08-04,11609,173,0,2026-08-05 04:30:29.514014+00,0,,
21810010,0,AP,2026-08-04,11579,174,0,2026-08-05 04:30:29.514014+00,0,,
10306,0,AP,2026-08-04,11552,175,0,2026-08-05 04:30:29.514014+00,0,,
179134190,0,AP,2026-08-04,11545,176,0,2026-08-05 04:30:29.514014+00,0,,
2895089,0,AP,2026-08-04,11537,177,0,2026-08-05 04:30:29.514014+00,0,,
35810887,0,AP,2026-08-04,11505,178,0,2026-08-05 04:30:29.514014+00,0,,
5011179,0,AP,2026-08-04,11499,179,0,2026-08-05 04:30:29.514014+00,0,,
177128593,0,AP,2026-08-04,11497,180,0,2026-08-05 04:30:29.514014+00,0,,
10308,0,AP,2026-08-04,11492,181,0,2026-08-05 04:30:29.514014+00,0,,
8534,0,AP,2026-08-04,11491,182,0,2026-08-05 04:30:29.514014+00,0,,
74021591,0,AP,2026-08-04,11483,183,0,2026-08-05 04:30:29.514014+00,0,,
6445809,0,AP,2026-08-04,11481,184,0,2026-08-05 04:30:29.514014+00,0,,
320805291,0,AP,2026-08-04,11478,185,0,2026-08-05 04:30:29.514014+00,0,,
10336,0,AP,2026-08-04,11466,186,0,2026-08-05 04:30:29.514014+00,0,,
38978139,0,AP,2026-08-04,11464,187,0,2026-08-05 04:30:29.514014+00,0,,
3096,0,AP,2026-08-04,11447,188,0,2026-08-05 04:30:29.514014+00,0,,
211289226,0,AP,2026-08-04,11425,189,0,2026-08-05 04:30:29.514014+00,0,,
202767601,0,AP,2026-08-04,11410,190,0,2026-08-05 04:30:29.514014+00,0,,
29275969,0,AP,2026-08-04,11409,191,0,2026-08-05 04:30:29.514014+00,0,,
10326,0,AP,2026-08-04,11402,192,0,2026-08-05 04:30:29.514014+00,0,,
10311,0,AP,2026-08-04,11386,193,0,2026-08-05 04:30:29.514014+00,0,,
9309,0,AP,2026-08-04,11378,194,0,2026-08-05 04:30:29.514014+00,0,,
298945979,0,AP,2026-08-04,11374,195,0,2026-08-05 04:30:29.514014+00,0,,
45470862,0,AP,2026-08-04,11363,196,0,2026-08-05 04:30:29.514014+00,0,,
422779217,0,AP,2026-08-04,11359,197,0,2026-08-05 04:30:29.514014+00,0,,
9326,0,AP,2026-08-04,11358,198,0,2026-08-05 04:30:29.514014+00,0,,
22496837,0,AP,2026-08-04,11336,199,0,2026-08-05 04:30:29.514014+00,0,,
9063,0,AP,2026-08-04,11325,200,0,2026-08-05 04:30:29.514014+00,0,,
80063712,0,AP,2026-08-04,11300,201,0,2026-08-05 04:30:29.514014+00,0,,
9573,0,AP,2026-08-04,11288,202,0,2026-08-05 04:30:29.514014+00,0,,
87,0,AP,2026-08-04,11282,203,0,2026-08-05 04:30:29.514014+00,0,,
11155020,0,AP,2026-08-04,11262,204,0,2026-08-05 04:30:29.514014+00,0,,
45733236,0,AP,2026-08-04,11260,205,0,2026-08-05 04:30:29.514014+00,0,,
8158645,0,AP,2026-08-04,11259,206,0,2026-08-05 04:30:29.514014+00,0,,
29038376,0,AP,2026-08-04,11254,207,0,2026-08-05 04:30:29.514014+00,0,,
4227771,0,AP,2026-08-04,11249,208,0,2026-08-05 04:30:29.514014+00,0,,
7587921,0,AP,2026-08-04,11247,209,0,2026-08-05 04:30:29.514014+00,0,,
413956735,0,AP,2026-08-04,11241,210,0,2026-08-05 04:30:29.514014+00,0,,
66,0,AP,2026-08-04,11240,211,0,2026-08-05 04:30:29.514014+00,0,,
337249851,0,AP,2026-08-04,11234,212,0,2026-08-05 04:30:29.514014+00,0,,
293793339,0,AP,2026-08-04,11232,213,0,2026-08-05 04:30:29.514014+00,0,,
3124,0,AP,2026-08-04,11228,214,0,2026-08-05 04:30:29.514014+00,0,,
17700263,0,AP,2026-08-04,11220,215,0,2026-08-05 04:30:29.514014+00,0,,
380309113,0,AP,2026-08-04,11218,216,0,2026-08-05 04:30:29.514014+00,0,,
82784725,0,AP,2026-08-04,11215,217,0,2026-08-05 04:30:29.514014+00,0,,
3173860,0,AP,2026-08-04,11205,218,0,2026-08-05 04:30:29.514014+00,0,,
10374,0,AP,2026-08-04,11203,219,0,2026-08-05 04:30:29.514014+00,0,,
43,0,AP,2026-08-04,11202,220,0,2026-08-05 04:30:29.514014+00,0,,
4566797,0,AP,2026-08-04,11195,221,0,2026-08-05 04:30:29.514014+00,0,,
401769390,0,AP,2026-08-04,11186,222,0,2026-08-05 04:30:29.514014+00,0,,
47297705,0,AP,2026-08-04,11160,223,0,2026-08-05 04:30:29.514014+00,0,,
104015005,0,AP,2026-08-04,11160,224,0,2026-08-05 04:30:29.514014+00,0,,
8999,0,AP,2026-08-04,11154,225,0,2026-08-05 04:30:29.514014+00,0,,
20246792,0,AP,2026-08-04,11134,226,0,2026-08-05 04:30:29.514014+00,0,,
21178181,0,AP,2026-08-04,11130,227,0,2026-08-05 04:30:29.514014+00,0,,
266445371,0,AP,2026-08-04,11107,228,0,2026-08-05 04:30:29.514014+00,0,,
8633,0,AP,2026-08-04,11104,229,0,2026-08-05 04:30:29.514014+00,0,,
9345,0,AP,2026-08-04,11076,230,0,2026-08-05 04:30:29.514014+00,0,,
10373,0,AP,2026-08-04,11074,231,0,2026-08-05 04:30:29.514014+00,0,,
10351,0,AP,2026-08-04,11074,232,0,2026-08-05 04:30:29.514014+00,0,,
186654482,0,AP,2026-08-04,11063,233,0,2026-08-05 04:30:29.514014+00,0,,
7893,0,AP,2026-08-04,11056,234,0,2026-08-05 04:30:29.514014+00,0,,
411526261,0,AP,2026-08-04,11055,235,0,2026-08-05 04:30:29.514014+00,0,,
9923,0,AP,2026-08-04,11053,236,0,2026-08-05 04:30:29.514014+00,0,,
294152249,0,AP,2026-08-04,11032,237,0,2026-08-05 04:30:29.514014+00,0,,
3366,0,AP,2026-08-04,11031,238,0,2026-08-05 04:30:29.514014+00,0,,
327483097,0,AP,2026-08-04,11027,239,0,2026-08-05 04:30:29.514014+00,0,,
8880816,0,AP,2026-08-04,11025,240,0,2026-08-05 04:30:29.514014+00,0,,
8779,0,AP,2026-08-04,11024,241,0,2026-08-05 04:30:29.514014+00,0,,
137839844,0,AP,2026-08-04,11019,242,0,2026-08-05 04:30:29.514014+00,0,,
32446776,0,AP,2026-08-04,11015,243,0,2026-08-05 04:30:29.514014+00,0,,
3122,0,AP,2026-08-04,11011,244,0,2026-08-05 04:30:29.514014+00,0,,
9037,0,AP,2026-08-04,11011,245,0,2026-08-05 04:30:29.514014+00,0,,
5056419,0,AP,2026-08-04,11010,246,0,2026-08-05 04:30:29.514014+00,0,,
10895,0,AP,2026-08-04,11007,247,0,2026-08-05 04:30:29.514014+00,0,,
288749366,0,AP,2026-08-04,11004,248,0,2026-08-05 04:30:29.514014+00,0,,
8437,0,AP,2026-08-04,10995,249,0,2026-08-05 04:30:29.514014+00,0,,
196050298,0,AP,2026-08-04,10990,250,0,2026-08-05 04:30:29.514014+00,0,,
16782660,0,AP,2026-08-04,10987,251,0,2026-08-05 04:30:29.514014+00,0,,
387120811,0,AP,2026-08-04,10975,252,0,2026-08-05 04:30:29.514014+00,0,,
3249,0,AP,2026-08-04,10972,253,0,2026-08-05 04:30:29.514014+00,0,,
9545,0,AP,2026-08-04,10968,254,0,2026-08-05 04:30:29.514014+00,0,,
10356,0,AP,2026-08-04,10957,255,0,2026-08-05 04:30:29.514014+00,0,,
16919298,0,AP,2026-08-04,10954,256,0,2026-08-05 04:30:29.514014+00,0,,
93202084,0,AP,2026-08-04,10938,257,0,2026-08-05 04:30:29.514014+00,0,,
8840,0,AP,2026-08-04,10929,258,0,2026-08-05 04:30:29.514014+00,0,,
176327734,0,AP,2026-08-04,10928,259,0,2026-08-05 04:30:29.514014+00,0,,
9574,0,AP,2026-08-04,10924,260,0,2026-08-05 04:30:29.514014+00,0,,
9921,0,AP,2026-08-04,10910,261,0,2026-08-05 04:30:29.514014+00,0,,
10461,0,AP,2026-08-04,10905,262,0,2026-08-05 04:30:29.514014+00,0,,
11286,0,AP,2026-08-04,10903,263,0,2026-08-05 04:30:29.514014+00,0,,
440330625,0,AP,2026-08-04,10901,264,0,2026-08-05 04:30:29.514014+00,0,,
61316632,0,AP,2026-08-04,10898,265,0,2026-08-05 04:30:29.514014+00,0,,
136600426,0,AP,2026-08-04,10892,266,0,2026-08-05 04:30:29.514014+00,0,,
10316,0,AP,2026-08-04,10892,267,0,2026-08-05 04:30:29.514014+00,0,,
2950,0,AP,2026-08-04,10883,268,0,2026-08-05 04:30:29.514014+00,0,,
10366,0,AP,2026-08-04,10875,269,0,2026-08-05 04:30:29.514014+00,0,,
9481,0,AP,2026-08-04,10870,270,0,2026-08-05 04:30:29.514014+00,0,,
27617083,0,AP,2026-08-04,10867,271,0,2026-08-05 04:30:29.514014+00,0,,
9461,0,AP,2026-08-04,10858,272,0,2026-08-05 04:30:29.514014+00,0,,
9566,0,AP,2026-08-04,10850,273,0,2026-08-05 04:30:29.514014+00,0,,
75320784,0,AP,2026-08-04,10849,274,0,2026-08-05 04:30:29.514014+00,0,,
117770007,0,AP,2026-08-04,10847,275,0,2026-08-05 04:30:29.514014+00,0,,
293460194,0,AP,2026-08-04,10835,276,0,2026-08-05 04:30:29.514014+00,0,,
32614068,0,AP,2026-08-04,10823,277,0,2026-08-05 04:30:29.514014+00,0,,
401121141,0,AP,2026-08-04,10806,278,0,2026-08-05 04:30:29.514014+00,0,,
165866092,0,AP,2026-08-04,10794,279,0,2026-08-05 04:30:29.514014+00,0,,
3175551,0,AP,2026-08-04,10791,280,0,2026-08-05 04:30:29.514014+00,0,,
287405904,0,AP,2026-08-04,10789,281,0,2026-08-05 04:30:29.514014+00,0,,
9282,0,AP,2026-08-04,10788,282,0,2026-08-05 04:30:29.514014+00,0,,
160816816,0,AP,2026-08-04,10775,283,0,2026-08-05 04:30:29.514014+00,0,,
48331942,0,AP,2026-08-04,10773,284,0,2026-08-05 04:30:29.514014+00,0,,
23428711,0,AP,2026-08-04,10772,285,0,2026-08-05 04:30:29.514014+00,0,,
3433,0,AP,2026-08-04,10760,286,0,2026-08-05 04:30:29.514014+00,0,,
9476,0,AP,2026-08-04,10760,287,0,2026-08-05 04:30:29.514014+00,0,,
14864842,0,AP,2026-08-04,10757,288,0,2026-08-05 04:30:29.514014+00,0,,
114857969,0,AP,2026-08-04,10753,289,0,2026-08-05 04:30:29.514014+00,0,,
9958,0,AP,2026-08-04,10750,290,0,2026-08-05 04:30:29.514014+00,0,,
10322,0,AP,2026-08-04,10749,291,0,2026-08-05 04:30:29.514014+00,0,,
269993244,0,AP,2026-08-04,10739,292,0,2026-08-05 04:30:29.514014+00,0,,
42310030,0,AP,2026-08-04,10731,293,0,2026-08-05 04:30:29.514014+00,0,,
10149,0,AP,2026-08-04,10728,294,0,2026-08-05 04:30:29.514014+00,0,,
156699363,0,AP,2026-08-04,10723,295,0,2026-08-05 04:30:29.514014+00,0,,
190407869,0,AP,2026-08-04,10721,296,0,2026-08-05 04:30:29.514014+00,0,,
10315,0,AP,2026-08-04,10719,297,0,2026-08-05 04:30:29.514014+00,0,,
6779033,0,AP,2026-08-04,10700,298,0,2026-08-05 04:30:29.514014+00,0,,
8607,0,AP,2026-08-04,10695,299,0,2026-08-05 04:30:29.514014+00,0,,
6914222,0,AP,2026-08-04,10694,300,0,2026-08-05 04:30:29.514014+00,0,,
63160931,0,AP,2026-08-04,10687,301,0,2026-08-05 04:30:29.514014+00,0,,
8175,0,AP,2026-08-04,10682,302,0,2026-08-05 04:30:29.514014+00,0,,
40969046,0,AP,2026-08-04,10678,303,0,2026-08-05 04:30:29.514014+00,0,,
9561,0,AP,2026-08-04,10678,304,0,2026-08-05 04:30:29.514014+00,0,,
22242989,0,AP,2026-08-04,10669,305,0,2026-08-05 04:30:29.514014+00,0,,
3225,0,AP,2026-08-04,10665,306,0,2026-08-05 04:30:29.514014+00,0,,
11603838,0,AP,2026-08-04,10652,307,0,2026-08-05 04:30:29.514014+00,0,,
4445490,0,AP,2026-08-04,10630,308,0,2026-08-05 04:30:29.514014+00,0,,
15107542,0,AP,2026-08-04,10628,309,0,2026-08-05 04:30:29.514014+00,0,,
2888,0,AP,2026-08-04,10623,310,0,2026-08-05 04:30:29.514014+00,0,,
10481,0,AP,2026-08-04,10616,311,0,2026-08-05 04:30:29.514014+00,0,,
7962,0,AP,2026-08-04,10615,312,0,2026-08-05 04:30:29.514014+00,0,,
14153674,0,AP,2026-08-04,10609,313,0,2026-08-05 04:30:29.514014+00,0,,
18484286,0,AP,2026-08-04,10608,314,0,2026-08-05 04:30:29.514014+00,0,,
8911,0,AP,2026-08-04,10608,315,0,2026-08-05 04:30:29.514014+00,0,,
180859239,0,AP,2026-08-04,10602,316,0,2026-08-05 04:30:29.514014+00,0,,
468210290,0,AP,2026-08-04,10602,317,0,2026-08-05 04:30:29.514014+00,0,,
2982,0,AP,2026-08-04,10600,318,0,2026-08-05 04:30:29.514014+00,0,,
4435202,0,AP,2026-08-04,10592,319,0,2026-08-05 04:30:29.514014+00,0,,
9010,0,AP,2026-08-04,10591,320,0,2026-08-05 04:30:29.514014+00,0,,
328534919,0,AP,2026-08-04,10590,321,0,2026-08-05 04:30:29.514014+00,0,,
186282505,0,AP,2026-08-04,10587,322,0,2026-08-05 04:30:29.514014+00,0,,
11969293,0,AP,2026-08-04,10585,323,0,2026-08-05 04:30:29.514014+00,0,,
9674,0,AP,2026-08-04,10571,324,0,2026-08-05 04:30:29.514014+00,0,,
8588435,0,AP,2026-08-04,10571,325,0,2026-08-05 04:30:29.514014+00,0,,
43405774,0,AP,2026-08-04,10570,326,0,2026-08-05 04:30:29.514014+00,0,,
339878729,0,AP,2026-08-04,10565,327,0,2026-08-05 04:30:29.514014+00,0,,
104047346,0,AP,2026-08-04,10565,328,0,2026-08-05 04:30:29.514014+00,0,,
2983,0,AP,2026-08-04,10564,329,0,2026-08-05 04:30:29.514014+00,0,,
401314289,0,AP,2026-08-04,10561,330,0,2026-08-05 04:30:29.514014+00,0,,
10986,0,AP,2026-08-04,10559,331,0,2026-08-05 04:30:29.514014+00,0,,
35809525,0,AP,2026-08-04,10559,332,0,2026-08-05 04:30:29.514014+00,0,,
3750890,0,AP,2026-08-04,10544,333,0,2026-08-05 04:30:29.514014+00,0,,
299885254,0,AP,2026-08-04,10543,334,0,2026-08-05 04:30:29.514014+00,0,,
19877716,0,AP,2026-08-04,10538,335,0,2026-08-05 04:30:29.514014+00,0,,
20316809,0,AP,2026-08-04,10535,336,0,2026-08-05 04:30:29.514014+00,0,,
3137,0,AP,2026-08-04,10531,337,0,2026-08-05 04:30:29.514014+00,0,,
7811401,0,AP,2026-08-04,10524,338,0,2026-08-05 04:30:29.514014+00,0,,
19200995,0,AP,2026-08-04,10522,339,0,2026-08-05 04:30:29.514014+00,0,,
2786,0,AP,2026-08-04,10521,340,0,2026-08-05 04:30:29.514014+00,0,,
94197747,0,AP,2026-08-04,10516,341,0,2026-08-05 04:30:29.514014+00,0,,
6672922,0,AP,2026-08-04,10515,342,0,2026-08-05 04:30:29.514014+00,0,,
128503723,0,AP,2026-08-04,10500,343,0,2026-08-05 04:30:29.514014+00,0,,
10105,0,AP,2026-08-04,10492,344,0,2026-08-05 04:30:29.514014+00,0,,
81490220,0,AP,2026-08-04,10489,345,0,2026-08-05 04:30:29.514014+00,0,,
238004601,0,AP,2026-08-04,10488,346,0,2026-08-05 04:30:29.514014+00,0,,
413077,0,AP,2026-08-04,10488,347,0,2026-08-05 04:30:29.514014+00,0,,
420485658,0,AP,2026-08-04,10480,348,0,2026-08-05 04:30:29.514014+00,0,,
10292,0,AP,2026-08-04,10480,349,0,2026-08-05 04:30:29.514014+00,0,,
13090020,0,AP,2026-08-04,10477,350,0,2026-08-05 04:30:29.514014+00,0,,
3174449,0,AP,2026-08-04,10472,351,0,2026-08-05 04:30:29.514014+00,0,,
108635957,0,AP,2026-08-04,10468,352,0,2026-08-05 04:30:29.514014+00,0,,
8054,0,AP,2026-08-04,10463,353,0,2026-08-05 04:30:29.514014+00,0,,
22564335,0,AP,2026-08-04,10457,354,0,2026-08-05 04:30:29.514014+00,0,,
191882543,0,AP,2026-08-04,10449,355,0,2026-08-05 04:30:29.514014+00,0,,
226999705,0,AP,2026-08-04,10438,356,0,2026-08-05 04:30:29.514014+00,0,,
171428387,0,AP,2026-08-04,10433,357,0,2026-08-05 04:30:29.514014+00,0,,
216089838,0,AP,2026-08-04,10425,358,0,2026-08-05 04:30:29.514014+00,0,,
11263,0,AP,2026-08-04,10418,359,0,2026-08-05 04:30:29.514014+00,0,,
152663803,0,AP,2026-08-04,10418,360,0,2026-08-05 04:30:29.514014+00,0,,
165619034,0,AP,2026-08-04,10402,361,0,2026-08-05 04:30:29.514014+00,0,,
2961840,0,AP,2026-08-04,10386,362,0,2026-08-05 04:30:29.514014+00,0,,
231576502,0,AP,2026-08-04,10386,363,0,2026-08-05 04:30:29.514014+00,0,,
16276142,0,AP,2026-08-04,10385,364,0,2026-08-05 04:30:29.514014+00,0,,
26704041,0,AP,2026-08-04,10379,365,0,2026-08-05 04:30:29.514014+00,0,,
27594588,0,AP,2026-08-04,10368,366,0,2026-08-05 04:30:29.514014+00,0,,
179832750,0,AP,2026-08-04,10365,367,0,2026-08-05 04:30:29.514014+00,0,,
9535,0,AP,2026-08-04,10362,368,0,2026-08-05 04:30:29.514014+00,0,,
9837,0,AP,2026-08-04,10359,369,0,2026-08-05 04:30:29.514014+00,0,,
23363118,0,AP,2026-08-04,10357,370,0,2026-08-05 04:30:29.514014+00,0,,
206300945,0,AP,2026-08-04,10357,371,0,2026-08-05 04:30:29.514014+00,0,,
10283,0,AP,2026-08-04,10354,372,0,2026-08-05 04:30:29.514014+00,0,,
152517601,0,AP,2026-08-04,10354,373,0,2026-08-05 04:30:29.514014+00,0,,
3574,0,AP,2026-08-04,10348,374,0,2026-08-05 04:30:29.514014+00,0,,
325804448,0,AP,2026-08-04,10347,375,0,2026-08-05 04:30:29.514014+00,0,,
10164,0,AP,2026-08-04,10346,376,0,2026-08-05 04:30:29.514014+00,0,,
3133,0,AP,2026-08-04,10338,377,0,2026-08-05 04:30:29.514014+00,0,,
142,0,AP,2026-08-04,10335,378,0,2026-08-05 04:30:29.514014+00,0,,
369632958,0,AP,2026-08-04,10325,379,0,2026-08-05 04:30:29.514014+00,0,,
111617746,0,AP,2026-08-04,10316,380,0,2026-08-05 04:30:29.514014+00,0,,
146405014,0,AP,2026-08-04,10311,381,0,2026-08-05 04:30:29.514014+00,0,,
300060091,0,AP,2026-08-04,10303,382,0,2026-08-05 04:30:29.514014+00,0,,
232170780,0,AP,2026-08-04,10301,383,0,2026-08-05 04:30:29.514014+00,0,,
60972146,0,AP,2026-08-04,10300,384,0,2026-08-05 04:30:29.514014+00,0,,
3110,0,AP,2026-08-04,10297,385,0,2026-08-05 04:30:29.514014+00,0,,
35370720,0,AP,2026-08-04,10295,386,0,2026-08-05 04:30:29.514014+00,0,,
246407451,0,AP,2026-08-04,10295,387,0,2026-08-05 04:30:29.514014+00,0,,
157994098,0,AP,2026-08-04,10293,388,0,2026-08-05 04:30:29.514014+00,0,,
209760258,0,AP,2026-08-04,10285,389,0,2026-08-05 04:30:29.514014+00,0,,
18393572,0,AP,2026-08-04,10283,390,0,2026-08-05 04:30:29.514014+00,0,,
10337,0,AP,2026-08-04,10283,391,0,2026-08-05 04:30:29.514014+00,0,,
27805806,0,AP,2026-08-04,10282,392,0,2026-08-05 04:30:29.514014+00,0,,
155079701,0,AP,2026-08-04,10267,393,0,2026-08-05 04:30:29.514014+00,0,,
10370,0,AP,2026-08-04,10261,394,0,2026-08-05 04:30:29.514014+00,0,,
240447931,0,AP,2026-08-04,10256,395,0,2026-08-05 04:30:29.514014+00,0,,
11291,0,AP,2026-08-04,10247,396,0,2026-08-05 04:30:29.514014+00,0,,
59530633,0,AP,2026-08-04,10242,397,0,2026-08-05 04:30:29.514014+00,0,,
290884936,0,AP,2026-08-04,10241,398,0,2026-08-05 04:30:29.514014+00,0,,
3358,0,AP,2026-08-04,10238,399,0,2026-08-05 04:30:29.514014+00,0,,
62559946,0,AP,2026-08-04,10237,400,0,2026-08-05 04:30:29.514014+00,0,,
13747684,0,AP,2026-08-04,10237,401,0,2026-08-05 04:30:29.514014+00,0,,
401676267,0,AP,2026-08-04,10233,402,0,2026-08-05 04:30:29.514014+00,0,,
10140,0,AP,2026-08-04,10230,403,0,2026-08-05 04:30:29.514014+00,0,,
2915,0,AP,2026-08-04,10227,404,0,2026-08-05 04:30:29.514014+00,0,,
9107,0,AP,2026-08-04,10224,405,0,2026-08-05 04:30:29.514014+00,0,,
313874022,0,AP,2026-08-04,10216,406,0,2026-08-05 04:30:29.514014+00,0,,
157729700,0,AP,2026-08-04,10213,407,0,2026-08-05 04:30:29.514014+00,0,,
8484,0,AP,2026-08-04,10210,408,0,2026-08-05 04:30:29.514014+00,0,,
101071479,0,AP,2026-08-04,10208,409,0,2026-08-05 04:30:29.514014+00,0,,
10718,0,AP,2026-08-04,10207,410,0,2026-08-05 04:30:29.514014+00,0,,
10329,0,AP,2026-08-04,10203,411,0,2026-08-05 04:30:29.514014+00,0,,
9212,0,AP,2026-08-04,10200,412,0,2026-08-05 04:30:29.514014+00,0,,
343331088,0,AP,2026-08-04,10198,413,0,2026-08-05 04:30:29.514014+00,0,,
34411490,0,AP,2026-08-04,10191,414,0,2026-08-05 04:30:29.514014+00,0,,
467783506,0,AP,2026-08-04,10191,415,0,2026-08-05 04:30:29.514014+00,0,,
23193621,0,AP,2026-08-04,10189,416,0,2026-08-05 04:30:29.514014+00,0,,
1777952,0,AP,2026-08-04,10181,417,0,2026-08-05 04:30:29.514014+00,0,,
45041955,0,AP,2026-08-04,10181,418,0,2026-08-05 04:30:29.514014+00,0,,
85466178,0,AP,2026-08-04,10180,419,0,2026-08-05 04:30:29.514014+00,0,,
48724092,0,AP,2026-08-04,10169,420,0,2026-08-05 04:30:29.514014+00,0,,
12694863,0,AP,2026-08-04,10168,421,0,2026-08-05 04:30:29.514014+00,0,,
10294,0,AP,2026-08-04,10167,422,0,2026-08-05 04:30:29.514014+00,0,,
7871,0,AP,2026-08-04,10160,423,0,2026-08-05 04:30:29.514014+00,0,,
333241555,0,AP,2026-08-04,10156,424,0,2026-08-05 04:30:29.514014+00,0,,
743784,0,AP,2026-08-04,10151,425,0,2026-08-05 04:30:29.514014+00,0,,
386085211,0,AP,2026-08-04,10151,426,0,2026-08-05 04:30:29.514014+00,0,,
10563,0,AP,2026-08-04,10150,427,0,2026-08-05 04:30:29.514014+00,0,,
3330,0,AP,2026-08-04,10148,428,0,2026-08-05 04:30:29.514014+00,0,,
385419946,0,AP,2026-08-04,10148,429,0,2026-08-05 04:30:29.514014+00,0,,
7984772,0,AP,2026-08-04,10146,430,0,2026-08-05 04:30:29.514014+00,0,,
33996434,0,AP,2026-08-04,10142,431,0,2026-08-05 04:30:29.514014+00,0,,
2791760,0,AP,2026-08-04,10141,432,0,2026-08-05 04:30:29.514014+00,0,,
182869469,0,AP,2026-08-04,10138,433,0,2026-08-05 04:30:29.514014+00,0,,
360716784,0,AP,2026-08-04,10127,434,0,2026-08-05 04:30:29.514014+00,0,,
191255134,0,AP,2026-08-04,10118,435,0,2026-08-05 04:30:29.514014+00,0,,
172109726,0,AP,2026-08-04,10117,436,0,2026-08-05 04:30:29.514014+00,0,,
9259,0,AP,2026-08-04,10114,437,0,2026-08-05 04:30:29.514014+00,0,,
117145143,0,AP,2026-08-04,10108,438,0,2026-08-05 04:30:29.514014+00,0,,
9727,0,AP,2026-08-04,10107,439,0,2026-08-05 04:30:29.514014+00,0,,
47772888,0,AP,2026-08-04,10107,440,0,2026-08-05 04:30:29.514014+00,0,,
371833300,0,AP,2026-08-04,10102,441,0,2026-08-05 04:30:29.514014+00,0,,
177677070,0,AP,2026-08-04,10101,442,0,2026-08-05 04:30:29.514014+00,0,,
7872,0,AP,2026-08-04,10099,443,0,2026-08-05 04:30:29.514014+00,0,,
58722486,0,AP,2026-08-04,10097,444,0,2026-08-05 04:30:29.514014+00,0,,
178579814,0,AP,2026-08-04,10091,445,0,2026-08-05 04:30:29.514014+00,0,,
279947638,0,AP,2026-08-04,10090,446,0,2026-08-05 04:30:29.514014+00,0,,
160529396,0,AP,2026-08-04,10089,447,0,2026-08-05 04:30:29.514014+00,0,,
51832279,0,AP,2026-08-04,10087,448,0,2026-08-05 04:30:29.514014+00,0,,
27735855,0,AP,2026-08-04,10085,449,0,2026-08-05 04:30:29.514014+00,0,,
14372473,0,AP,2026-08-04,10077,450,0,2026-08-05 04:30:29.514014+00,0,,
247854972,0,AP,2026-08-04,10076,451,0,2026-08-05 04:30:29.514014+00,0,,
90828123,0,AP,2026-08-04,10072,452,0,2026-08-05 04:30:29.514014+00,0,,
57151691,0,AP,2026-08-04,10071,453,0,2026-08-05 04:30:29.514014+00,0,,
17485158,0,AP,2026-08-04,10069,454,0,2026-08-05 04:30:29.514014+00,0,,
319190769,0,AP,2026-08-04,10066,455,0,2026-08-05 04:30:29.514014+00,0,,
41624488,0,AP,2026-08-04,10065,456,0,2026-08-05 04:30:29.514014+00,0,,
1166954,0,AP,2026-08-04,10063,457,0,2026-08-05 04:30:29.514014+00,0,,
36309974,0,AP,2026-08-04,10061,458,0,2026-08-05 04:30:29.514014+00,0,,
298331683,0,AP,2026-08-04,10061,459,0,2026-08-05 04:30:29.514014+00,0,,
9850,0,AP,2026-08-04,10060,460,0,2026-08-05 04:30:29.514014+00,0,,
173265931,0,AP,2026-08-04,10059,461,0,2026-08-05 04:30:29.514014+00,0,,
407250045,0,AP,2026-08-04,10058,462,0,2026-08-05 04:30:29.514014+00,0,,
2785324,0,AP,2026-08-04,10057,463,0,2026-08-05 04:30:29.514014+00,0,,
9262,0,AP,2026-08-04,10056,464,0,2026-08-05 04:30:29.514014+00,0,,
402366658,0,AP,2026-08-04,10056,465,0,2026-08-05 04:30:29.514014+00,0,,
15149676,0,AP,2026-08-04,10055,466,0,2026-08-05 04:30:29.514014+00,0,,
53699706,0,AP,2026-08-04,10055,467,0,2026-08-05 04:30:29.514014+00,0,,
180664516,0,AP,2026-08-04,10055,468,0,2026-08-05 04:30:29.514014+00,0,,
11509461,0,AP,2026-08-04,10053,469,0,2026-08-05 04:30:29.514014+00,0,,
7917663,0,AP,2026-08-04,10052,470,0,2026-08-05 04:30:29.514014+00,0,,
7717515,0,AP,2026-08-04,10051,471,0,2026-08-05 04:30:29.514014+00,0,,
318666050,0,AP,2026-08-04,10048,472,0,2026-08-05 04:30:29.514014+00,0,,
29146528,0,AP,2026-08-04,10048,473,0,2026-08-05 04:30:29.514014+00,0,,
37224920,0,AP,2026-08-04,10044,474,0,2026-08-05 04:30:29.514014+00,0,,
467284316,0,AP,2026-08-04,10044,475,0,2026-08-05 04:30:29.514014+00,0,,
393151361,0,AP,2026-08-04,10040,476,0,2026-08-05 04:30:29.514014+00,0,,
407874908,0,AP,2026-08-04,10039,477,0,2026-08-05 04:30:29.514014+00,0,,
9070,0,AP,2026-08-04,10035,478,0,2026-08-05 04:30:29.514014+00,0,,
226409955,0,AP,2026-08-04,10034,479,0,2026-08-05 04:30:29.514014+00,0,,
68448898,0,AP,2026-08-04,10034,480,0,2026-08-05 04:30:29.514014+00,0,,
2200410,0,AP,2026-08-04,10033,481,0,2026-08-05 04:30:29.514014+00,0,,
248560565,0,AP,2026-08-04,10032,482,0,2026-08-05 04:30:29.514014+00,0,,
188875556,0,AP,2026-08-04,10032,483,0,2026-08-05 04:30:29.514014+00,0,,
44402,0,AP,2026-08-04,10031,484,0,2026-08-05 04:30:29.514014+00,0,,
8611,0,AP,2026-08-04,10031,485,0,2026-08-05 04:30:29.514014+00,0,,
60467289,0,AP,2026-08-04,10030,486,0,2026-08-05 04:30:29.514014+00,0,,
6735488,0,AP,2026-08-04,10029,487,0,2026-08-05 04:30:29.514014+00,0,,
220796254,0,AP,2026-08-04,10028,488,0,2026-08-05 04:30:29.514014+00,0,,
261542999,0,AP,2026-08-04,10026,489,0,2026-08-05 04:30:29.514014+00,0,,
298062238,0,AP,2026-08-04,10024,490,0,2026-08-05 04:30:29.514014+00,0,,
10972,0,AP,2026-08-04,10022,491,0,2026-08-05 04:30:29.514014+00,0,,
48485952,0,AP,2026-08-04,10022,492,0,2026-08-05 04:30:29.514014+00,0,,
72014812,0,AP,2026-08-04,10020,493,0,2026-08-05 04:30:29.514014+00,0,,
11490949,0,AP,2026-08-04,10019,494,0,2026-08-05 04:30:29.514014+00,0,,
222603583,0,AP,2026-08-04,10019,495,0,2026-08-05 04:30:29.514014+00,0,,
349150066,0,AP,2026-08-04,10018,496,0,2026-08-05 04:30:29.514014+00,0,,
8310,0,AP,2026-08-04,10018,497,0,2026-08-05 04:30:29.514014+00,0,,
6262464,0,AP,2026-08-04,10017,498,0,2026-08-05 04:30:29.514014+00,0,,
380637975,0,AP,2026-08-04,10017,499,0,2026-08-05 04:30:29.514014+00,0,,
3013,0,AP,2026-08-04,10012,500,0,2026-08-05 04:30:29.514014+00,0,,
267592531,0,AP,2026-08-04,10011,501,0,2026-08-05 04:30:29.514014+00,0,,
27377302,0,AP,2026-08-04,10009,502,0,2026-08-05 04:30:29.514014+00,0,,
22204440,0,AP,2026-08-04,10007,503,0,2026-08-05 04:30:29.514014+00,0,,
320318299,0,AP,2026-08-04,10007,504,0,2026-08-05 04:30:29.514014+00,0,,
379752314,0,AP,2026-08-04,10007,505,0,2026-08-05 04:30:29.514014+00,0,,
206426010,0,AP,2026-08-04,10007,506,0,2026-08-05 04:30:29.514014+00,0,,
96296037,0,AP,2026-08-04,10007,507,0,2026-08-05 04:30:29.514014+00,0,,
10075,0,AP,2026-08-04,10006,508,0,2026-08-05 04:30:29.514014+00,0,,
317910804,0,AP,2026-08-04,10006,509,0,2026-08-05 04:30:29.514014+00,0,,
10038236,0,AP,2026-08-04,10005,510,0,2026-08-05 04:30:29.514014+00,0,,
6770627,0,AP,2026-08-04,10005,511,0,2026-08-05 04:30:29.514014+00,0,,
9542,0,AP,2026-08-04,10004,512,0,2026-08-05 04:30:29.514014+00,0,,
381680220,0,AP,2026-08-04,10004,513,0,2026-08-05 04:30:29.514014+00,0,,
84099846,0,AP,2026-08-04,10003,514,0,2026-08-05 04:30:29.514014+00,0,,
180132257,0,AP,2026-08-04,10003,515,0,2026-08-05 04:30:29.514014+00,0,,
448894143,0,AP,2026-08-04,10002,516,0,2026-08-05 04:30:29.514014+00,0,,
322708196,0,AP,2026-08-04,10000,517,0,2026-08-05 04:30:29.514014+00,0,,
287075143,0,AP,2026-08-04,10000,518,0,2026-08-05 04:30:29.514014+00,0,,
13668221,0,AP,2026-08-04,9998,519,0,2026-08-05 04:30:29.514014+00,0,,
124440251,0,AP,2026-08-04,9997,520,0,2026-08-05 04:30:29.514014+00,0,,
306120600,0,AP,2026-08-04,9990,521,0,2026-08-05 04:30:29.514014+00,0,,
19264996,0,AP,2026-08-04,9989,522,0,2026-08-05 04:30:29.514014+00,0,,
29670128,0,AP,2026-08-04,9976,523,0,2026-08-05 04:30:29.514014+00,0,,
302024797,0,AP,2026-08-04,9972,524,0,2026-08-05 04:30:29.514014+00,0,,
332769291,0,AP,2026-08-04,9970,525,0,2026-08-05 04:30:29.514014+00,0,,
8986,0,AP,2026-08-04,9969,526,0,2026-08-05 04:30:29.514014+00,0,,
110443902,0,AP,2026-08-04,9963,527,0,2026-08-05 04:30:29.514014+00,0,,
26609556,0,AP,2026-08-04,9949,528,0,2026-08-05 04:30:29.514014+00,0,,
117555252,0,AP,2026-08-04,9942,529,0,2026-08-05 04:30:29.514014+00,0,,
9440,0,AP,2026-08-04,9942,530,0,2026-08-05 04:30:29.514014+00,0,,
286745368,0,AP,2026-08-04,9941,531,0,2026-08-05 04:30:29.514014+00,0,,
306804331,0,AP,2026-08-04,9938,532,0,2026-08-05 04:30:29.514014+00,0,,
18866991,0,AP,2026-08-04,9930,533,0,2026-08-05 04:30:29.514014+00,0,,
369988058,0,AP,2026-08-04,9930,534,0,2026-08-05 04:30:29.514014+00,0,,
311949589,0,AP,2026-08-04,9922,535,0,2026-08-05 04:30:29.514014+00,0,,
286906810,0,AP,2026-08-04,9921,536,0,2026-08-05 04:30:29.514014+00,0,,
262522706,0,AP,2026-08-04,9910,537,0,2026-08-05 04:30:29.514014+00,0,,
344886741,0,AP,2026-08-04,9908,538,0,2026-08-05 04:30:29.514014+00,0,,
6151308,0,AP,2026-08-04,9907,539,0,2026-08-05 04:30:29.514014+00,0,,
1273132,0,AP,2026-08-04,9901,540,0,2026-08-05 04:30:29.514014+00,0,,
1342769,0,AP,2026-08-04,9900,541,0,2026-08-05 04:30:29.514014+00,0,,
355697078,0,AP,2026-08-04,9890,542,0,2026-08-05 04:30:29.514014+00,0,,
8822896,0,AP,2026-08-04,9889,543,0,2026-08-05 04:30:29.514014+00,0,,
257754769,0,AP,2026-08-04,9883,544,0,2026-08-05 04:30:29.514014+00,0,,
372088269,0,AP,2026-08-04,9876,545,0,2026-08-05 04:30:29.514014+00,0,,
257633488,0,AP,2026-08-04,9875,546,0,2026-08-05 04:30:29.514014+00,0,,
19544981,0,AP,2026-08-04,9874,547,0,2026-08-05 04:30:29.514014+00,0,,
241613006,0,AP,2026-08-04,9873,548,0,2026-08-05 04:30:29.514014+00,0,,
339288717,0,AP,2026-08-04,9864,549,0,2026-08-05 04:30:29.514014+00,0,,
13657705,0,AP,2026-08-04,9858,550,0,2026-08-05 04:30:29.514014+00,0,,
29927944,0,AP,2026-08-04,9853,551,0,2026-08-05 04:30:29.514014+00,0,,
2832130,0,AP,2026-08-04,9852,552,0,2026-08-05 04:30:29.514014+00,0,,
45705509,0,AP,2026-08-04,9851,553,0,2026-08-05 04:30:29.514014+00,0,,
62900588,0,AP,2026-08-04,9847,554,0,2026-08-05 04:30:29.514014+00,0,,
378136467,0,AP,2026-08-04,9846,555,0,2026-08-05 04:30:29.514014+00,0,,
9798,0,AP,2026-08-04,9846,556,0,2026-08-05 04:30:29.514014+00,0,,
8673,0,AP,2026-08-04,9845,557,0,2026-08-05 04:30:29.514014+00,0,,
332402428,0,AP,2026-08-04,9834,558,0,2026-08-05 04:30:29.514014+00,0,,
174579297,0,AP,2026-08-04,9829,559,0,2026-08-05 04:30:29.514014+00,0,,
46008999,0,AP,2026-08-04,9824,560,0,2026-08-05 04:30:29.514014+00,0,,
240924432,0,AP,2026-08-04,9817,561,0,2026-08-05 04:30:29.514014+00,0,,
44435124,0,AP,2026-08-04,9814,562,0,2026-08-05 04:30:29.514014+00,0,,
353167246,0,AP,2026-08-04,9813,563,0,2026-08-05 04:30:29.514014+00,0,,
3348,0,AP,2026-08-04,9813,564,0,2026-08-05 04:30:29.514014+00,0,,
408123286,0,AP,2026-08-04,9810,565,0,2026-08-05 04:30:29.514014+00,0,,
3174646,0,AP,2026-08-04,9809,566,0,2026-08-05 04:30:29.514014+00,0,,
40342909,0,AP,2026-08-04,9801,567,0,2026-08-05 04:30:29.514014+00,0,,
11881501,0,AP,2026-08-04,9790,568,0,2026-08-05 04:30:29.514014+00,0,,
394696847,0,AP,2026-08-04,9786,569,0,2026-08-05 04:30:29.514014+00,0,,
29255486,0,AP,2026-08-04,9782,570,0,2026-08-05 04:30:29.514014+00,0,,
326910303,0,AP,2026-08-04,9774,571,0,2026-08-05 04:30:29.514014+00,0,,
16576327,0,AP,2026-08-04,9772,572,0,2026-08-05 04:30:29.514014+00,0,,
38002643,0,AP,2026-08-04,9772,573,0,2026-08-05 04:30:29.514014+00,0,,
193882111,0,AP,2026-08-04,9767,574,0,2026-08-05 04:30:29.514014+00,0,,
247984526,0,AP,2026-08-04,9767,575,0,2026-08-05 04:30:29.514014+00,0,,
45083144,0,AP,2026-08-04,9766,576,0,2026-08-05 04:30:29.514014+00,0,,
13436310,0,AP,2026-08-04,9762,577,0,2026-08-05 04:30:29.514014+00,0,,
328401165,0,AP,2026-08-04,9752,578,0,2026-08-05 04:30:29.514014+00,0,,
322404067,0,AP,2026-08-04,9743,579,0,2026-08-05 04:30:29.514014+00,0,,
4065517,0,AP,2026-08-04,9742,580,0,2026-08-05 04:30:29.514014+00,0,,
3472,0,AP,2026-08-04,9742,581,0,2026-08-05 04:30:29.514014+00,0,,
9068008,0,AP,2026-08-04,9742,582,0,2026-08-05 04:30:29.514014+00,0,,
406161834,0,AP,2026-08-04,9734,583,0,2026-08-05 04:30:29.514014+00,0,,
332041647,0,AP,2026-08-04,9727,584,0,2026-08-05 04:30:29.514014+00,0,,
54178847,0,AP,2026-08-04,9726,585,0,2026-08-05 04:30:29.514014+00,0,,
4039113,0,AP,2026-08-04,9725,586,0,2026-08-05 04:30:29.514014+00,0,,
197801202,0,AP,2026-08-04,9721,587,0,2026-08-05 04:30:29.514014+00,0,,
45365794,0,AP,2026-08-04,9721,588,0,2026-08-05 04:30:29.514014+00,0,,
45886760,0,AP,2026-08-04,9720,589,0,2026-08-05 04:30:29.514014+00,0,,
4662473,0,AP,2026-08-04,9719,590,0,2026-08-05 04:30:29.514014+00,0,,
400010835,0,AP,2026-08-04,9717,591,0,2026-08-05 04:30:29.514014+00,0,,
7582039,0,AP,2026-08-04,9712,592,0,2026-08-05 04:30:29.514014+00,0,,
35487131,0,AP,2026-08-04,9710,593,0,2026-08-05 04:30:29.514014+00,0,,
197921706,0,AP,2026-08-04,9699,594,0,2026-08-05 04:30:29.514014+00,0,,
15682502,0,AP,2026-08-04,9694,595,0,2026-08-05 04:30:29.514014+00,0,,
11297,0,AP,2026-08-04,9691,596,0,2026-08-05 04:30:29.514014+00,0,,
8943270,0,AP,2026-08-04,9688,597,0,2026-08-05 04:30:29.514014+00,0,,
260091138,0,AP,2026-08-04,9686,598,0,2026-08-05 04:30:29.514014+00,0,,
218839702,0,AP,2026-08-04,9685,599,0,2026-08-05 04:30:29.514014+00,0,,
2758399,0,AP,2026-08-04,9685,600,0,2026-08-05 04:30:29.514014+00,0,,
422290571,0,AP,2026-08-04,9684,601,0,2026-08-05 04:30:29.514014+00,0,,
1704770,0,AP,2026-08-04,9675,602,0,2026-08-05 04:30:29.514014+00,0,,
401833237,0,AP,2026-08-04,9670,603,0,2026-08-05 04:30:29.514014+00,0,,
98608688,0,AP,2026-08-04,9669,604,0,2026-08-05 04:30:29.514014+00,0,,
383129389,0,AP,2026-08-04,9668,605,0,2026-08-05 04:30:29.514014+00,0,,
78034,0,AP,2026-08-04,9667,606,0,2026-08-05 04:30:29.514014+00,0,,
12867064,0,AP,2026-08-04,9666,607,0,2026-08-05 04:30:29.514014+00,0,,
46236340,0,AP,2026-08-04,9666,608,0,2026-08-05 04:30:29.514014+00,0,,
57218061,0,AP,2026-08-04,9666,609,0,2026-08-05 04:30:29.514014+00,0,,
8366386,0,AP,2026-08-04,9657,610,0,2026-08-05 04:30:29.514014+00,0,,
186897886,0,AP,2026-08-04,9657,611,0,2026-08-05 04:30:29.514014+00,0,,
9324,0,AP,2026-08-04,9656,612,0,2026-08-05 04:30:29.514014+00,0,,
5557448,0,AP,2026-08-04,9651,613,0,2026-08-05 04:30:29.514014+00,0,,
367737353,0,AP,2026-08-04,9648,614,0,2026-08-05 04:30:29.514014+00,0,,
8432619,0,AP,2026-08-04,9648,615,0,2026-08-05 04:30:29.514014+00,0,,
42164384,0,AP,2026-08-04,9646,616,0,2026-08-05 04:30:29.514014+00,0,,
448583074,0,AP,2026-08-04,9642,617,0,2026-08-05 04:30:29.514014+00,0,,
139915351,0,AP,2026-08-04,9638,618,0,2026-08-05 04:30:29.514014+00,0,,
22523426,0,AP,2026-08-04,9636,619,0,2026-08-05 04:30:29.514014+00,0,,
418735291,0,AP,2026-08-04,9636,620,0,2026-08-05 04:30:29.514014+00,0,,
139753385,0,AP,2026-08-04,9635,621,0,2026-08-05 04:30:29.514014+00,0,,
106139031,0,AP,2026-08-04,9626,622,0,2026-08-05 04:30:29.514014+00,0,,
11098570,0,AP,2026-08-04,9626,623,0,2026-08-05 04:30:29.514014+00,0,,
184685434,0,AP,2026-08-04,9624,624,0,2026-08-05 04:30:29.514014+00,0,,
190760974,0,AP,2026-08-04,9624,625,0,2026-08-05 04:30:29.514014+00,0,,
217462805,0,AP,2026-08-04,9623,626,0,2026-08-05 04:30:29.514014+00,0,,
8480,0,AP,2026-08-04,9619,627,0,2026-08-05 04:30:29.514014+00,0,,
104468860,0,AP,2026-08-04,9617,628,0,2026-08-05 04:30:29.514014+00,0,,
256044156,0,AP,2026-08-04,9613,629,0,2026-08-05 04:30:29.514014+00,0,,
415507,0,AP,2026-08-04,9604,630,0,2026-08-05 04:30:29.514014+00,0,,
374005940,0,AP,2026-08-04,9600,631,0,2026-08-05 04:30:29.514014+00,0,,
6283055,0,AP,2026-08-04,9594,632,0,2026-08-05 04:30:29.514014+00,0,,
5054860,0,AP,2026-08-04,9592,633,0,2026-08-05 04:30:29.514014+00,0,,
364920146,0,AP,2026-08-04,9587,634,0,2026-08-05 04:30:29.514014+00,0,,
3111,0,AP,2026-08-04,9586,635,0,2026-08-05 04:30:29.514014+00,0,,
11300,0,AP,2026-08-04,9586,636,0,2026-08-05 04:30:29.514014+00,0,,
398865834,0,AP,2026-08-04,9586,637,0,2026-08-05 04:30:29.514014+00,0,,
11292,0,AP,2026-08-04,9585,638,0,2026-08-05 04:30:29.514014+00,0,,
228374221,0,AP,2026-08-04,9583,639,0,2026-08-05 04:30:29.514014+00,0,,
26903575,0,AP,2026-08-04,9579,640,0,2026-08-05 04:30:29.514014+00,0,,
252849874,0,AP,2026-08-04,9578,641,0,2026-08-05 04:30:29.514014+00,0,,
7636280,0,AP,2026-08-04,9574,642,0,2026-08-05 04:30:29.514014+00,0,,
330142207,0,AP,2026-08-04,9568,643,0,2026-08-05 04:30:29.514014+00,0,,
27578812,0,AP,2026-08-04,9566,644,0,2026-08-05 04:30:29.514014+00,0,,
360991770,0,AP,2026-08-04,9564,645,0,2026-08-05 04:30:29.514014+00,0,,
46316926,0,AP,2026-08-04,9563,646,0,2026-08-05 04:30:29.514014+00,0,,
9590,0,AP,2026-08-04,9560,647,0,2026-08-05 04:30:29.514014+00,0,,
418597081,0,AP,2026-08-04,9557,648,0,2026-08-05 04:30:29.514014+00,0,,
8559,0,AP,2026-08-04,9553,649,0,2026-08-05 04:30:29.514014+00,0,,
369162431,0,AP,2026-08-04,9553,650,0,2026-08-05 04:30:29.514014+00,0,,
273174091,0,AP,2026-08-04,9549,651,0,2026-08-05 04:30:29.514014+00,0,,
420677273,0,AP,2026-08-04,9548,652,0,2026-08-05 04:30:29.514014+00,0,,
198321171,0,AP,2026-08-04,9548,653,0,2026-08-05 04:30:29.514014+00,0,,
43431069,0,AP,2026-08-04,9547,654,0,2026-08-05 04:30:29.514014+00,0,,
32482015,0,AP,2026-08-04,9545,655,0,2026-08-05 04:30:29.514014+00,0,,
194057199,0,AP,2026-08-04,9544,656,0,2026-08-05 04:30:29.514014+00,0,,
16755329,0,AP,2026-08-04,9540,657,0,2026-08-05 04:30:29.514014+00,0,,
357783777,0,AP,2026-08-04,9539,658,0,2026-08-05 04:30:29.514014+00,0,,
377130143,0,AP,2026-08-04,9539,659,0,2026-08-05 04:30:29.514014+00,0,,
174995015,0,AP,2026-08-04,9533,660,0,2026-08-05 04:30:29.514014+00,0,,
122288073,0,AP,2026-08-04,9528,661,0,2026-08-05 04:30:29.514014+00,0,,
22979350,0,AP,2026-08-04,9524,662,0,2026-08-05 04:30:29.514014+00,0,,
52223759,0,AP,2026-08-04,9521,663,0,2026-08-05 04:30:29.514014+00,0,,
10340,0,AP,2026-08-04,9518,664,0,2026-08-05 04:30:29.514014+00,0,,
428535176,0,AP,2026-08-04,9518,665,0,2026-08-05 04:30:29.514014+00,0,,
208846629,0,AP,2026-08-04,9516,666,0,2026-08-05 04:30:29.514014+00,0,,
169370375,0,AP,2026-08-04,9516,667,0,2026-08-05 04:30:29.514014+00,0,,
403136142,0,AP,2026-08-04,9515,668,0,2026-08-05 04:30:29.514014+00,0,,
117445730,0,AP,2026-08-04,9515,669,0,2026-08-05 04:30:29.514014+00,0,,
10065,0,AP,2026-08-04,9509,670,0,2026-08-05 04:30:29.514014+00,0,,
18551490,0,AP,2026-08-04,9507,671,0,2026-08-05 04:30:29.514014+00,0,,
30547960,0,AP,2026-08-04,9507,672,0,2026-08-05 04:30:29.514014+00,0,,
271932635,0,AP,2026-08-04,9504,673,0,2026-08-05 04:30:29.514014+00,0,,
363777093,0,AP,2026-08-04,9504,674,0,2026-08-05 04:30:29.514014+00,0,,
9940,0,AP,2026-08-04,9502,675,0,2026-08-05 04:30:29.514014+00,0,,
140656714,0,AP,2026-08-04,9500,676,0,2026-08-05 04:30:29.514014+00,0,,
410419422,0,AP,2026-08-04,9493,677,0,2026-08-05 04:30:29.514014+00,0,,
47067653,0,AP,2026-08-04,9492,678,0,2026-08-05 04:30:29.514014+00,0,,
464541383,0,AP,2026-08-04,9491,679,0,2026-08-05 04:30:29.514014+00,0,,
9321,0,AP,2026-08-04,9489,680,0,2026-08-05 04:30:29.514014+00,0,,
791482,0,AP,2026-08-04,9487,681,0,2026-08-05 04:30:29.514014+00,0,,
292549514,0,AP,2026-08-04,9487,682,0,2026-08-05 04:30:29.514014+00,0,,
429782423,0,AP,2026-08-04,9485,683,0,2026-08-05 04:30:29.514014+00,0,,
3217,0,AP,2026-08-04,9484,684,0,2026-08-05 04:30:29.514014+00,0,,
24552404,0,AP,2026-08-04,9483,685,0,2026-08-05 04:30:29.514014+00,0,,
211184483,0,AP,2026-08-04,9477,686,0,2026-08-05 04:30:29.514014+00,0,,
452710567,0,AP,2026-08-04,9477,687,0,2026-08-05 04:30:29.514014+00,0,,
16215694,0,AP,2026-08-04,9474,688,0,2026-08-05 04:30:29.514014+00,0,,
78730654,0,AP,2026-08-04,9473,689,0,2026-08-05 04:30:29.514014+00,0,,
29139036,0,AP,2026-08-04,9473,690,0,2026-08-05 04:30:29.514014+00,0,,
47118781,0,AP,2026-08-04,9460,691,0,2026-08-05 04:30:29.514014+00,0,,
374167029,0,AP,2026-08-04,9458,692,0,2026-08-05 04:30:29.514014+00,0,,
64398730,0,AP,2026-08-04,9457,693,0,2026-08-05 04:30:29.514014+00,0,,
433163661,0,AP,2026-08-04,9457,694,0,2026-08-05 04:30:29.514014+00,0,,
240683326,0,AP,2026-08-04,9454,695,0,2026-08-05 04:30:29.514014+00,0,,
11149,0,AP,2026-08-04,9451,696,0,2026-08-05 04:30:29.514014+00,0,,
44089547,0,AP,2026-08-04,9448,697,0,2026-08-05 04:30:29.514014+00,0,,
380162067,0,AP,2026-08-04,9447,698,0,2026-08-05 04:30:29.514014+00,0,,
81509103,0,AP,2026-08-04,9445,699,0,2026-08-05 04:30:29.514014+00,0,,
2962,0,AP,2026-08-04,9444,700,0,2026-08-05 04:30:29.514014+00,0,,
790860,0,AP,2026-08-04,9442,701,0,2026-08-05 04:30:29.514014+00,0,,
165149626,0,AP,2026-08-04,9442,702,0,2026-08-05 04:30:29.514014+00,0,,
4385045,0,AP,2026-08-04,9442,703,0,2026-08-05 04:30:29.514014+00,0,,
10469865,0,AP,2026-08-04,9441,704,0,2026-08-05 04:30:29.514014+00,0,,
28661191,0,AP,2026-08-04,9438,705,0,2026-08-05 04:30:29.514014+00,0,,
56037723,0,AP,2026-08-04,9435,706,0,2026-08-05 04:30:29.514014+00,0,,
12801620,0,AP,2026-08-04,9434,707,0,2026-08-05 04:30:29.514014+00,0,,
34808808,0,AP,2026-08-04,9432,708,0,2026-08-05 04:30:29.514014+00,0,,
34642558,0,AP,2026-08-04,9431,709,0,2026-08-05 04:30:29.514014+00,0,,
21176363,0,AP,2026-08-04,9431,710,0,2026-08-05 04:30:29.514014+00,0,,
341374774,0,AP,2026-08-04,9431,711,0,2026-08-05 04:30:29.514014+00,0,,
60722467,0,AP,2026-08-04,9428,712,0,2026-08-05 04:30:29.514014+00,0,,
364646499,0,AP,2026-08-04,9427,713,0,2026-08-05 04:30:29.514014+00,0,,
8894,0,AP,2026-08-04,9427,714,0,2026-08-05 04:30:29.514014+00,0,,
416068916,0,AP,2026-08-04,9426,715,0,2026-08-05 04:30:29.514014+00,0,,
313501262,0,AP,2026-08-04,9422,716,0,2026-08-05 04:30:29.514014+00,0,,
8904,0,AP,2026-08-04,9417,717,0,2026-08-05 04:30:29.514014+00,0,,
25440069,0,AP,2026-08-04,9415,718,0,2026-08-05 04:30:29.514014+00,0,,
227923103,0,AP,2026-08-04,9414,719,0,2026-08-05 04:30:29.514014+00,0,,
294819233,0,AP,2026-08-04,9411,720,0,2026-08-05 04:30:29.514014+00,0,,
55287921,0,AP,2026-08-04,9410,721,0,2026-08-05 04:30:29.514014+00,0,,
13211824,0,AP,2026-08-04,9409,722,0,2026-08-05 04:30:29.514014+00,0,,
5420605,0,AP,2026-08-04,9408,723,0,2026-08-05 04:30:29.514014+00,0,,
284659139,0,AP,2026-08-04,9407,724,0,2026-08-05 04:30:29.514014+00,0,,
111306179,0,AP,2026-08-04,9405,725,0,2026-08-05 04:30:29.514014+00,0,,
3316,0,AP,2026-08-04,9402,726,0,2026-08-05 04:30:29.514014+00,0,,
49066164,0,AP,2026-08-04,9401,727,0,2026-08-05 04:30:29.514014+00,0,,
225917115,0,AP,2026-08-04,9398,728,0,2026-08-05 04:30:29.514014+00,0,,
395231679,0,AP,2026-08-04,9397,729,0,2026-08-05 04:30:29.514014+00,0,,
187418287,0,AP,2026-08-04,9395,730,0,2026-08-05 04:30:29.514014+00,0,,
791998,0,AP,2026-08-04,9394,731,0,2026-08-05 04:30:29.514014+00,0,,
352686456,0,AP,2026-08-04,9388,732,0,2026-08-05 04:30:29.514014+00,0,,
369330779,0,AP,2026-08-04,9387,733,0,2026-08-05 04:30:29.514014+00,0,,
204542776,0,AP,2026-08-04,9384,734,0,2026-08-05 04:30:29.514014+00,0,,
45467248,0,AP,2026-08-04,9382,735,0,2026-08-05 04:30:29.514014+00,0,,
11007,0,AP,2026-08-04,9381,736,0,2026-08-05 04:30:29.514014+00,0,,
429674488,0,AP,2026-08-04,9381,737,0,2026-08-05 04:30:29.514014+00,0,,
14380303,0,AP,2026-08-04,9380,738,0,2026-08-05 04:30:29.514014+00,0,,
444008938,0,AP,2026-08-04,9378,739,0,2026-08-05 04:30:29.514014+00,0,,
361195258,0,AP,2026-08-04,9376,740,0,2026-08-05 04:30:29.514014+00,0,,
18185796,0,AP,2026-08-04,9373,741,0,2026-08-05 04:30:29.514014+00,0,,
3175001,0,AP,2026-08-04,9372,742,0,2026-08-05 04:30:29.514014+00,0,,
78492244,0,AP,2026-08-04,9370,743,0,2026-08-05 04:30:29.514014+00,0,,
346828349,0,AP,2026-08-04,9370,744,0,2026-08-05 04:30:29.514014+00,0,,
6189756,0,AP,2026-08-04,9369,745,0,2026-08-05 04:30:29.514014+00,0,,
64264582,0,AP,2026-08-04,9366,746,0,2026-08-05 04:30:29.514014+00,0,,
48860461,0,AP,2026-08-04,9363,747,0,2026-08-05 04:30:29.514014+00,0,,
353695236,0,AP,2026-08-04,9362,748,0,2026-08-05 04:30:29.514014+00,0,,
204167644,0,AP,2026-08-04,9361,749,0,2026-08-05 04:30:29.514014+00,0,,
207946630,0,AP,2026-08-04,9361,750,0,2026-08-05 04:30:29.514014+00,0,,
50701164,0,AP,2026-08-04,9355,751,0,2026-08-05 04:30:29.514014+00,0,,
108638028,0,AP,2026-08-04,9354,752,0,2026-08-05 04:30:29.514014+00,0,,
10331,0,AP,2026-08-04,9344,753,0,2026-08-05 04:30:29.514014+00,0,,
403724764,0,AP,2026-08-04,9343,754,0,2026-08-05 04:30:29.514014+00,0,,
438923425,0,AP,2026-08-04,9340,755,0,2026-08-05 04:30:29.514014+00,0,,
352230114,0,AP,2026-08-04,9338,756,0,2026-08-05 04:30:29.514014+00,0,,
25323384,0,AP,2026-08-04,9338,757,0,2026-08-05 04:30:29.514014+00,0,,
242284834,0,AP,2026-08-04,9338,758,0,2026-08-05 04:30:29.514014+00,0,,
220589252,0,AP,2026-08-04,9338,759,0,2026-08-05 04:30:29.514014+00,0,,
22546585,0,AP,2026-08-04,9337,760,0,2026-08-05 04:30:29.514014+00,0,,
20353586,0,AP,2026-08-04,9336,761,0,2026-08-05 04:30:29.514014+00,0,,
8927,0,AP,2026-08-04,9335,762,0,2026-08-05 04:30:29.514014+00,0,,
168906850,0,AP,2026-08-04,9329,763,0,2026-08-05 04:30:29.514014+00,0,,
37457080,0,AP,2026-08-04,9328,764,0,2026-08-05 04:30:29.514014+00,0,,
328693803,0,AP,2026-08-04,9327,765,0,2026-08-05 04:30:29.514014+00,0,,
43637559,0,AP,2026-08-04,9324,766,0,2026-08-05 04:30:29.514014+00,0,,
46410527,0,AP,2026-08-04,9324,767,0,2026-08-05 04:30:29.514014+00,0,,
426582870,0,AP,2026-08-04,9322,768,0,2026-08-05 04:30:29.514014+00,0,,
230531621,0,AP,2026-08-04,9319,769,0,2026-08-05 04:30:29.514014+00,0,,
10174,0,AP,2026-08-04,9319,770,0,2026-08-05 04:30:29.514014+00,0,,
10313,0,AP,2026-08-04,9318,771,0,2026-08-05 04:30:29.514014+00,0,,
300604694,0,AP,2026-08-04,9318,772,0,2026-08-05 04:30:29.514014+00,0,,
69996092,0,AP,2026-08-04,9317,773,0,2026-08-05 04:30:29.514014+00,0,,
368979888,0,AP,2026-08-04,9316,774,0,2026-08-05 04:30:29.514014+00,0,,
9765,0,AP,2026-08-04,9316,775,0,2026-08-05 04:30:29.514014+00,0,,
257582397,0,AP,2026-08-04,9315,776,0,2026-08-05 04:30:29.514014+00,0,,
10348,0,AP,2026-08-04,9311,777,0,2026-08-05 04:30:29.514014+00,0,,
220762709,0,AP,2026-08-04,9309,778,0,2026-08-05 04:30:29.514014+00,0,,
269030259,0,AP,2026-08-04,9304,779,0,2026-08-05 04:30:29.514014+00,0,,
243425205,0,AP,2026-08-04,9303,780,0,2026-08-05 04:30:29.514014+00,0,,
411590209,0,AP,2026-08-04,9302,781,0,2026-08-05 04:30:29.514014+00,0,,
106291595,0,AP,2026-08-04,9298,782,0,2026-08-05 04:30:29.514014+00,0,,
47442213,0,AP,2026-08-04,9296,783,0,2026-08-05 04:30:29.514014+00,0,,
300455814,0,AP,2026-08-04,9291,784,0,2026-08-05 04:30:29.514014+00,0,,
25113216,0,AP,2026-08-04,9289,785,0,2026-08-05 04:30:29.514014+00,0,,
33866314,0,AP,2026-08-04,9289,786,0,2026-08-05 04:30:29.514014+00,0,,
55960585,0,AP,2026-08-04,9288,787,0,2026-08-05 04:30:29.514014+00,0,,
27115338,0,AP,2026-08-04,9286,788,0,2026-08-05 04:30:29.514014+00,0,,
396054435,0,AP,2026-08-04,9285,789,0,2026-08-05 04:30:29.514014+00,0,,
379870295,0,AP,2026-08-04,9280,790,0,2026-08-05 04:30:29.514014+00,0,,
97124916,0,AP,2026-08-04,9279,791,0,2026-08-05 04:30:29.514014+00,0,,
312942467,0,AP,2026-08-04,9275,792,0,2026-08-05 04:30:29.514014+00,0,,
302684338,0,AP,2026-08-04,9275,793,0,2026-08-05 04:30:29.514014+00,0,,
9236,0,AP,2026-08-04,9275,794,0,2026-08-05 04:30:29.514014+00,0,,
353571512,0,AP,2026-08-04,9274,795,0,2026-08-05 04:30:29.514014+00,0,,
202491086,0,AP,2026-08-04,9269,796,0,2026-08-05 04:30:29.514014+00,0,,
118947925,0,AP,2026-08-04,9268,797,0,2026-08-05 04:30:29.514014+00,0,,
431347038,0,AP,2026-08-04,9267,798,0,2026-08-05 04:30:29.514014+00,0,,
7894,0,AP,2026-08-04,9264,799,0,2026-08-05 04:30:29.514014+00,0,,
345872689,0,AP,2026-08-04,9263,800,0,2026-08-05 04:30:29.514014+00,0,,
47073982,0,AP,2026-08-04,9263,801,0,2026-08-05 04:30:29.514014+00,0,,
370007132,0,AP,2026-08-04,9261,802,0,2026-08-05 04:30:29.514014+00,0,,
382070723,0,AP,2026-08-04,9259,803,0,2026-08-05 04:30:29.514014+00,0,,
45891091,0,AP,2026-08-04,9257,804,0,2026-08-05 04:30:29.514014+00,0,,
146787008,0,AP,2026-08-04,9256,805,0,2026-08-05 04:30:29.514014+00,0,,
227241453,0,AP,2026-08-04,9256,806,0,2026-08-05 04:30:29.514014+00,0,,
30868395,0,AP,2026-08-04,9254,807,0,2026-08-05 04:30:29.514014+00,0,,
239594230,0,AP,2026-08-04,9253,808,0,2026-08-05 04:30:29.514014+00,0,,
327855066,0,AP,2026-08-04,9251,809,0,2026-08-05 04:30:29.514014+00,0,,
70331658,0,AP,2026-08-04,9251,810,0,2026-08-05 04:30:29.514014+00,0,,
130167540,0,AP,2026-08-04,9250,811,0,2026-08-05 04:30:29.514014+00,0,,
12378407,0,AP,2026-08-04,9247,812,0,2026-08-05 04:30:29.514014+00,0,,
47776242,0,AP,2026-08-04,9246,813,0,2026-08-05 04:30:29.514014+00,0,,
2185898,0,AP,2026-08-04,9241,814,0,2026-08-05 04:30:29.514014+00,0,,
41034347,0,AP,2026-08-04,9239,815,0,2026-08-05 04:30:29.514014+00,0,,
261451427,0,AP,2026-08-04,9236,816,0,2026-08-05 04:30:29.514014+00,0,,
6393471,0,AP,2026-08-04,9235,817,0,2026-08-05 04:30:29.514014+00,0,,
5239931,0,AP,2026-08-04,9235,818,0,2026-08-05 04:30:29.514014+00,0,,
208237897,0,AP,2026-08-04,9234,819,0,2026-08-05 04:30:29.514014+00,0,,
32013421,0,AP,2026-08-04,9233,820,0,2026-08-05 04:30:29.514014+00,0,,
17768313,0,AP,2026-08-04,9232,821,0,2026-08-05 04:30:29.514014+00,0,,
88504309,0,AP,2026-08-04,9232,822,0,2026-08-05 04:30:29.514014+00,0,,
111881365,0,AP,2026-08-04,9230,823,0,2026-08-05 04:30:29.514014+00,0,,
60888759,0,AP,2026-08-04,9230,824,0,2026-08-05 04:30:29.514014+00,0,,
316557258,0,AP,2026-08-04,9227,825,0,2026-08-05 04:30:29.514014+00,0,,
9535426,0,AP,2026-08-04,9224,826,0,2026-08-05 04:30:29.514014+00,0,,
10335,0,AP,2026-08-04,9224,827,0,2026-08-05 04:30:29.514014+00,0,,
12149671,0,AP,2026-08-04,9224,828,0,2026-08-05 04:30:29.514014+00,0,,
49354426,0,AP,2026-08-04,9223,829,0,2026-08-05 04:30:29.514014+00,0,,
468379476,0,AP,2026-08-04,9222,830,0,2026-08-05 04:30:29.514014+00,0,,
406925612,0,AP,2026-08-04,9217,831,0,2026-08-05 04:30:29.514014+00,0,,
447000049,0,AP,2026-08-04,9217,832,0,2026-08-05 04:30:29.514014+00,0,,
245248735,0,AP,2026-08-04,9214,833,0,2026-08-05 04:30:29.514014+00,0,,
7540631,0,AP,2026-08-04,9204,834,0,2026-08-05 04:30:29.514014+00,0,,
362856343,0,AP,2026-08-04,9199,835,0,2026-08-05 04:30:29.514014+00,0,,
401932563,0,AP,2026-08-04,9198,836,0,2026-08-05 04:30:29.514014+00,0,,
58343634,0,AP,2026-08-04,9198,837,0,2026-08-05 04:30:29.514014+00,0,,
10287,0,AP,2026-08-04,9193,838,0,2026-08-05 04:30:29.514014+00,0,,
444946410,0,AP,2026-08-04,9193,839,0,2026-08-05 04:30:29.514014+00,0,,
462281064,0,AP,2026-08-04,9193,840,0,2026-08-05 04:30:29.514014+00,0,,
110803886,0,AP,2026-08-04,9191,842,0,2026-08-05 04:30:29.514014+00,0,,
199117762,0,AP,2026-08-04,9190,843,0,2026-08-05 04:30:29.514014+00,0,,
168270386,0,AP,2026-08-04,9190,844,0,2026-08-05 04:30:29.514014+00,0,,
37560757,0,AP,2026-08-04,9190,845,0,2026-08-05 04:30:29.514014+00,0,,
401760058,0,AP,2026-08-04,9187,846,0,2026-08-05 04:30:29.514014+00,0,,
416136499,0,AP,2026-08-04,9186,847,0,2026-08-05 04:30:29.514014+00,0,,
467988083,0,AP,2026-08-04,9183,848,0,2026-08-05 04:30:29.514014+00,0,,
159357706,0,AP,2026-08-04,9181,849,0,2026-08-05 04:30:29.514014+00,0,,
464762345,0,AP,2026-08-04,9178,850,0,2026-08-05 04:30:29.514014+00,0,,
114239138,0,AP,2026-08-04,9176,851,0,2026-08-05 04:30:29.514014+00,0,,
204464142,0,AP,2026-08-04,9175,852,0,2026-08-05 04:30:29.514014+00,0,,
450577434,0,AP,2026-08-04,9173,853,0,2026-08-05 04:30:29.514014+00,0,,
10349,0,AP,2026-08-04,9173,854,0,2026-08-05 04:30:29.514014+00,0,,
7415435,0,AP,2026-08-04,9171,855,0,2026-08-05 04:30:29.514014+00,0,,
52828702,0,AP,2026-08-04,9171,856,0,2026-08-05 04:30:29.514014+00,0,,
167394456,0,AP,2026-08-04,9171,857,0,2026-08-05 04:30:29.514014+00,0,,
39077859,0,AP,2026-08-04,9170,858,0,2026-08-05 04:30:29.514014+00,0,,
18960620,0,AP,2026-08-04,9166,859,0,2026-08-05 04:30:29.514014+00,0,,
393117075,0,AP,2026-08-04,9164,860,0,2026-08-05 04:30:29.514014+00,0,,
337177287,0,AP,2026-08-04,9164,861,0,2026-08-05 04:30:29.514014+00,0,,
4313326,0,AP,2026-08-04,9163,862,0,2026-08-05 04:30:29.514014+00,0,,
39058141,0,AP,2026-08-04,9161,863,0,2026-08-05 04:30:29.514014+00,0,,
11299869,0,AP,2026-08-04,9160,864,0,2026-08-05 04:30:29.514014+00,0,,
156816157,0,AP,2026-08-04,9160,865,0,2026-08-05 04:30:29.514014+00,0,,
121144911,0,AP,2026-08-04,9158,866,0,2026-08-05 04:30:29.514014+00,0,,
413803819,0,AP,2026-08-04,9158,867,0,2026-08-05 04:30:29.514014+00,0,,
302059252,0,AP,2026-08-04,9157,868,0,2026-08-05 04:30:29.514014+00,0,,
191690966,0,AP,2026-08-04,9155,869,0,2026-08-05 04:30:29.514014+00,0,,
12564659,0,AP,2026-08-04,9150,870,0,2026-08-05 04:30:29.514014+00,0,,
40863762,0,AP,2026-08-04,9150,871,0,2026-08-05 04:30:29.514014+00,0,,
438586395,0,AP,2026-08-04,9146,872,0,2026-08-05 04:30:29.514014+00,0,,
9275,0,AP,2026-08-04,9145,873,0,2026-08-05 04:30:29.514014+00,0,,
365625171,0,AP,2026-08-04,9143,874,0,2026-08-05 04:30:29.514014+00,0,,
31252162,0,AP,2026-08-04,9141,875,0,2026-08-05 04:30:29.514014+00,0,,
17096958,0,AP,2026-08-04,9139,876,0,2026-08-05 04:30:29.514014+00,0,,
6804898,0,AP,2026-08-04,9139,877,0,2026-08-05 04:30:29.514014+00,0,,
8232,0,AP,2026-08-04,9138,878,0,2026-08-05 04:30:29.514014+00,0,,
8969,0,AP,2026-08-04,9136,879,0,2026-08-05 04:30:29.514014+00,0,,
244944543,0,AP,2026-08-04,9135,880,0,2026-08-05 04:30:29.514014+00,0,,
343503062,0,AP,2026-08-04,9135,881,0,2026-08-05 04:30:29.514014+00,0,,
345203184,0,AP,2026-08-04,9135,882,0,2026-08-05 04:30:29.514014+00,0,,
263835765,0,AP,2026-08-04,9133,883,0,2026-08-05 04:30:29.514014+00,0,,
8937,0,AP,2026-08-04,9132,884,0,2026-08-05 04:30:29.514014+00,0,,
194751176,0,AP,2026-08-04,9131,885,0,2026-08-05 04:30:29.514014+00,0,,
420036403,0,AP,2026-08-04,9129,886,0,2026-08-05 04:30:29.514014+00,0,,
458929505,0,AP,2026-08-04,9126,887,0,2026-08-05 04:30:29.514014+00,0,,
1661268,0,AP,2026-08-04,9124,888,0,2026-08-05 04:30:29.514014+00,0,,
5009727,0,AP,2026-08-04,9123,889,0,2026-08-05 04:30:29.514014+00,0,,
215406477,0,AP,2026-08-04,9120,890,0,2026-08-05 04:30:29.514014+00,0,,
205415616,0,AP,2026-08-04,9120,891,0,2026-08-05 04:30:29.514014+00,0,,
9899,0,AP,2026-08-04,9118,892,0,2026-08-05 04:30:29.514014+00,0,,
425259749,0,AP,2026-08-04,9118,893,0,2026-08-05 04:30:29.514014+00,0,,
28324914,0,AP,2026-08-04,9117,894,0,2026-08-05 04:30:29.514014+00,0,,
306706859,0,AP,2026-08-04,9116,895,0,2026-08-05 04:30:29.514014+00,0,,
141625503,0,AP,2026-08-04,9115,896,0,2026-08-05 04:30:29.514014+00,0,,
362183536,0,AP,2026-08-04,9114,897,0,2026-08-05 04:30:29.514014+00,0,,
369903750,0,AP,2026-08-04,9113,898,0,2026-08-05 04:30:29.514014+00,0,,
3507,0,AP,2026-08-04,9113,899,0,2026-08-05 04:30:29.514014+00,0,,
206004830,0,AP,2026-08-04,9112,900,0,2026-08-05 04:30:29.514014+00,0,,
296703054,0,AP,2026-08-04,9111,901,0,2026-08-05 04:30:29.514014+00,0,,
143426,0,AP,2026-08-04,9111,902,0,2026-08-05 04:30:29.514014+00,0,,
445778084,0,AP,2026-08-04,9106,903,0,2026-08-05 04:30:29.514014+00,0,,
22492667,0,AP,2026-08-04,9106,904,0,2026-08-05 04:30:29.514014+00,0,,
37817766,0,AP,2026-08-04,9105,905,0,2026-08-05 04:30:29.514014+00,0,,
33151626,0,AP,2026-08-04,9105,906,0,2026-08-05 04:30:29.514014+00,0,,
163919527,0,AP,2026-08-04,9103,907,0,2026-08-05 04:30:29.514014+00,0,,
323177042,0,AP,2026-08-04,9103,908,0,2026-08-05 04:30:29.514014+00,0,,
93512480,0,AP,2026-08-04,9102,909,0,2026-08-05 04:30:29.514014+00,0,,
133700057,0,AP,2026-08-04,9101,910,0,2026-08-05 04:30:29.514014+00,0,,
400066063,0,AP,2026-08-04,9100,911,0,2026-08-05 04:30:29.514014+00,0,,
8600,0,AP,2026-08-04,9099,912,0,2026-08-05 04:30:29.514014+00,0,,
339591390,0,AP,2026-08-04,9098,913,0,2026-08-05 04:30:29.514014+00,0,,
9395,0,AP,2026-08-04,9092,914,0,2026-08-05 04:30:29.514014+00,0,,
202142140,0,AP,2026-08-04,9091,915,0,2026-08-05 04:30:29.514014+00,0,,
390742765,0,AP,2026-08-04,9091,916,0,2026-08-05 04:30:29.514014+00,0,,
461175497,0,AP,2026-08-04,9090,917,0,2026-08-05 04:30:29.514014+00,0,,
4967384,0,AP,2026-08-04,9089,918,0,2026-08-05 04:30:29.514014+00,0,,
91900736,0,AP,2026-08-04,9085,919,0,2026-08-05 04:30:29.514014+00,0,,
10616,0,AP,2026-08-04,9084,920,0,2026-08-05 04:30:29.514014+00,0,,
37839136,0,AP,2026-08-04,9082,921,0,2026-08-05 04:30:29.514014+00,0,,
145268650,0,AP,2026-08-04,9082,922,0,2026-08-05 04:30:29.514014+00,0,,
15440707,0,AP,2026-08-04,9082,923,0,2026-08-05 04:30:29.514014+00,0,,
418378624,0,AP,2026-08-04,9081,924,0,2026-08-05 04:30:29.514014+00,0,,
11294,0,AP,2026-08-04,9080,925,0,2026-08-05 04:30:29.514014+00,0,,
9397,0,AP,2026-08-04,9080,926,0,2026-08-05 04:30:29.514014+00,0,,
368191447,0,AP,2026-08-04,9079,927,0,2026-08-05 04:30:29.514014+00,0,,
8228,0,AP,2026-08-04,9077,928,0,2026-08-05 04:30:29.514014+00,0,,
15031089,0,AP,2026-08-04,9075,929,0,2026-08-05 04:30:29.514014+00,0,,
467747236,0,AP,2026-08-04,9073,930,0,2026-08-05 04:30:29.514014+00,0,,
253835875,0,AP,2026-08-04,9072,931,0,2026-08-05 04:30:29.514014+00,0,,
359465,0,AP,2026-08-04,9068,932,0,2026-08-05 04:30:29.514014+00,0,,
23388200,0,AP,2026-08-04,9066,933,0,2026-08-05 04:30:29.514014+00,0,,
405069209,0,AP,2026-08-04,9066,934,0,2026-08-05 04:30:29.514014+00,0,,
39395151,0,AP,2026-08-04,9064,935,0,2026-08-05 04:30:29.514014+00,0,,
470404845,0,AP,2026-08-04,9063,936,0,2026-08-05 04:30:29.514014+00,0,,
14443162,0,AP,2026-08-04,9062,937,0,2026-08-05 04:30:29.514014+00,0,,
461231778,0,AP,2026-08-04,9062,938,0,2026-08-05 04:30:29.514014+00,0,,
19748087,0,AP,2026-08-04,9061,939,0,2026-08-05 04:30:29.514014+00,0,,
187325782,0,AP,2026-08-04,9061,940,0,2026-08-05 04:30:29.514014+00,0,,
81299828,0,AP,2026-08-04,9061,941,0,2026-08-05 04:30:29.514014+00,0,,
9578,0,AP,2026-08-04,9060,942,0,2026-08-05 04:30:29.514014+00,0,,
468461462,0,AP,2026-08-04,9057,943,0,2026-08-05 04:30:29.514014+00,0,,
417065524,0,AP,2026-08-04,9056,944,0,2026-08-05 04:30:29.514014+00,0,,
5010554,0,AP,2026-08-04,9054,945,0,2026-08-05 04:30:29.514014+00,0,,
6026974,0,AP,2026-08-04,9053,946,0,2026-08-05 04:30:29.514014+00,0,,
386191522,0,AP,2026-08-04,9053,947,0,2026-08-05 04:30:29.514014+00,0,,
98463732,0,AP,2026-08-04,9052,948,0,2026-08-05 04:30:29.514014+00,0,,
3807120,0,AP,2026-08-04,9047,949,0,2026-08-05 04:30:29.514014+00,0,,
94642687,0,AP,2026-08-04,9045,950,0,2026-08-05 04:30:29.514014+00,0,,
28212322,0,AP,2026-08-04,9043,951,0,2026-08-05 04:30:29.514014+00,0,,
83417611,0,AP,2026-08-04,9043,952,0,2026-08-05 04:30:29.514014+00,0,,
11281,0,AP,2026-08-04,9042,953,0,2026-08-05 04:30:29.514014+00,0,,
259147576,0,AP,2026-08-04,9042,954,0,2026-08-05 04:30:29.514014+00,0,,
16799354,0,AP,2026-08-04,9041,955,0,2026-08-05 04:30:29.514014+00,0,,
49878817,0,AP,2026-08-04,9040,956,0,2026-08-05 04:30:29.514014+00,0,,
40886713,0,AP,2026-08-04,9039,957,0,2026-08-05 04:30:29.514014+00,0,,
50178944,0,AP,2026-08-04,9037,958,0,2026-08-05 04:30:29.514014+00,0,,
189830365,0,AP,2026-08-04,9034,959,0,2026-08-05 04:30:29.514014+00,0,,
251281087,0,AP,2026-08-04,9032,960,0,2026-08-05 04:30:29.514014+00,0,,
358816699,0,AP,2026-08-04,9031,961,0,2026-08-05 04:30:29.514014+00,0,,
389350101,0,AP,2026-08-04,9031,962,0,2026-08-05 04:30:29.514014+00,0,,
551408,0,AP,2026-08-04,9029,963,0,2026-08-05 04:30:29.514014+00,0,,
436946702,0,AP,2026-08-04,9029,964,0,2026-08-05 04:30:29.514014+00,0,,
354596217,0,AP,2026-08-04,9026,965,0,2026-08-05 04:30:29.514014+00,0,,
438920351,0,AP,2026-08-04,9026,966,0,2026-08-05 04:30:29.514014+00,0,,
8152,0,AP,2026-08-04,9025,967,0,2026-08-05 04:30:29.514014+00,0,,
162182169,0,AP,2026-08-04,9024,968,0,2026-08-05 04:30:29.514014+00,0,,
9897742,0,AP,2026-08-04,9022,969,0,2026-08-05 04:30:29.514014+00,0,,
23565653,0,AP,2026-08-04,9021,970,0,2026-08-05 04:30:29.514014+00,0,,
467788882,0,AP,2026-08-04,9018,971,0,2026-08-05 04:30:29.514014+00,0,,
101004561,0,AP,2026-08-04,9018,972,0,2026-08-05 04:30:29.514014+00,0,,
8859,0,AP,2026-08-04,9017,973,0,2026-08-05 04:30:29.514014+00,0,,
16144345,0,AP,2026-08-04,9015,974,0,2026-08-05 04:30:29.514014+00,0,,
39956374,0,AP,2026-08-04,9015,975,0,2026-08-05 04:30:29.514014+00,0,,
179498230,0,AP,2026-08-04,9012,976,0,2026-08-05 04:30:29.514014+00,0,,
405765736,0,AP,2026-08-04,9011,977,0,2026-08-05 04:30:29.514014+00,0,,
464164545,0,AP,2026-08-04,9006,978,0,2026-08-05 04:30:29.514014+00,0,,
427542788,0,AP,2026-08-04,9006,979,0,2026-08-05 04:30:29.514014+00,0,,
94281652,0,AP,2026-08-04,9005,980,0,2026-08-05 04:30:29.514014+00,0,,
325149952,0,AP,2026-08-04,9004,981,0,2026-08-05 04:30:29.514014+00,0,,
383091422,0,AP,2026-08-04,9003,982,0,2026-08-05 04:30:29.514014+00,0,,
130806079,0,AP,2026-08-04,9003,983,0,2026-08-05 04:30:29.514014+00,0,,
383285274,0,AP,2026-08-04,9002,984,0,2026-08-05 04:30:29.514014+00,0,,
41661652,0,AP,2026-08-04,9001,985,0,2026-08-05 04:30:29.514014+00,0,,
14758356,0,AP,2026-08-04,9001,986,0,2026-08-05 04:30:29.514014+00,0,,
390809517,0,AP,2026-08-04,9001,987,0,2026-08-05 04:30:29.514014+00,0,,
269480577,0,AP,2026-08-04,9001,988,0,2026-08-05 04:30:29.514014+00,0,,
179333482,0,AP,2026-08-04,9000,989,0,2026-08-05 04:30:29.514014+00,0,,
11071,0,AP,2026-08-04,8997,990,0,2026-08-05 04:30:29.514014+00,0,,
13794405,0,AP,2026-08-04,8996,991,0,2026-08-05 04:30:29.514014+00,0,,
174132813,0,AP,2026-08-04,8995,992,0,2026-08-05 04:30:29.514014+00,0,,
33633671,0,AP,2026-08-04,8995,993,0,2026-08-05 04:30:29.514014+00,0,,
328518531,0,AP,2026-08-04,8993,994,0,2026-08-05 04:30:29.514014+00,0,,
370275689,0,AP,2026-08-04,8993,995,0,2026-08-05 04:30:29.514014+00,0,,
11270,0,AP,2026-08-04,8992,996,0,2026-08-05 04:30:29.514014+00,0,,
459936608,0,AP,2026-08-04,8988,997,0,2026-08-05 04:30:29.514014+00,0,,
8722,0,AP,2026-08-04,8984,998,0,2026-08-05 04:30:29.514014+00,0,,
443404978,0,AP,2026-08-04,8984,999,0,2026-08-05 04:30:29.514014+00,0,,
64302922,0,AP,2026-08-04,8980,1000,0,2026-08-05 04:30:29.514014+00,0,,
94185586,1,NA,2026-08-04,28566,1,0,2026-08-05 04:30:29.514014+00,0,,
3162,1,NA,2026-08-04,22905,2,0,2026-08-05 04:30:29.514014+00,0,,
3138,1,NA,2026-08-04,22567,3,0,2026-08-05 04:30:29.514014+00,0,,
2935,1,NA,2026-08-04,22369,4,0,2026-08-05 04:30:29.514014+00,0,,
53,1,NA,2026-08-04,22246,5,0,2026-08-05 04:30:29.514014+00,0,,
3306,1,NA,2026-08-04,22132,6,0,2026-08-05 04:30:29.514014+00,0,,
334960542,1,NA,2026-08-04,21861,7,0,2026-08-05 04:30:29.514014+00,0,,
19146192,1,NA,2026-08-04,21352,8,0,2026-08-05 04:30:29.514014+00,0,,
7943,1,NA,2026-08-04,21094,9,0,2026-08-05 04:30:29.514014+00,0,,
2846,1,NA,2026-08-04,20627,10,0,2026-08-05 04:30:29.514014+00,0,,
2916,1,NA,2026-08-04,20147,11,0,2026-08-05 04:30:29.514014+00,0,,
3294,1,NA,2026-08-04,19227,12,0,2026-08-05 04:30:29.514014+00,0,,
2896,1,NA,2026-08-04,18830,13,0,2026-08-05 04:30:29.514014+00,0,,
91153725,1,NA,2026-08-04,18293,14,0,2026-08-05 04:30:29.514014+00,0,,
45275099,1,NA,2026-08-04,17821,15,0,2026-08-05 04:30:29.514014+00,0,,
65032750,1,NA,2026-08-04,17798,16,0,2026-08-05 04:30:29.514014+00,0,,
17,1,NA,2026-08-04,17729,17,0,2026-08-05 04:30:29.514014+00,0,,
3113,1,NA,2026-08-04,16662,18,0,2026-08-05 04:30:29.514014+00,0,,
3226,1,NA,2026-08-04,16662,19,0,2026-08-05 04:30:29.514014+00,0,,
137831106,1,NA,2026-08-04,16659,20,0,2026-08-05 04:30:29.514014+00,0,,
3139,1,NA,2026-08-04,16563,21,0,2026-08-05 04:30:29.514014+00,0,,
90799146,1,NA,2026-08-04,16557,22,0,2026-08-05 04:30:29.514014+00,0,,
3279,1,NA,2026-08-04,16441,23,0,2026-08-05 04:30:29.514014+00,0,,
3086,1,NA,2026-08-04,16433,24,0,2026-08-05 04:30:29.514014+00,0,,
291120697,1,NA,2026-08-04,16430,25,0,2026-08-05 04:30:29.514014+00,0,,
3260,1,NA,2026-08-04,16364,26,0,2026-08-05 04:30:29.514014+00,0,,
73299939,1,NA,2026-08-04,16358,27,0,2026-08-05 04:30:29.514014+00,0,,
8192639,1,NA,2026-08-04,16096,28,0,2026-08-05 04:30:29.514014+00,0,,
2808,1,NA,2026-08-04,15296,29,0,2026-08-05 04:30:29.514014+00,0,,
8708,1,NA,2026-08-04,15266,30,0,2026-08-05 04:30:29.514014+00,0,,
3029,1,NA,2026-08-04,15233,31,0,2026-08-05 04:30:29.514014+00,0,,
9913,1,NA,2026-08-04,14709,32,0,2026-08-05 04:30:29.514014+00,0,,
3055,1,NA,2026-08-04,14669,33,0,2026-08-05 04:30:29.514014+00,0,,
51071099,1,NA,2026-08-04,14501,34,0,2026-08-05 04:30:29.514014+00,0,,
8087,1,NA,2026-08-04,14397,35,0,2026-08-05 04:30:29.514014+00,0,,
41209338,1,NA,2026-08-04,14376,36,0,2026-08-05 04:30:29.514014+00,0,,
78083282,1,NA,2026-08-04,14358,37,0,2026-08-05 04:30:29.514014+00,0,,
9393,1,NA,2026-08-04,14355,38,0,2026-08-05 04:30:29.514014+00,0,,
25,1,NA,2026-08-04,14230,39,0,2026-08-05 04:30:29.514014+00,0,,
2929,1,NA,2026-08-04,14182,40,0,2026-08-05 04:30:29.514014+00,0,,
165408714,1,NA,2026-08-04,14150,41,0,2026-08-05 04:30:29.514014+00,0,,
1385410,1,NA,2026-08-04,14106,42,0,2026-08-05 04:30:29.514014+00,0,,
2803,1,NA,2026-08-04,13847,43,0,2026-08-05 04:30:29.514014+00,0,,
75422530,1,NA,2026-08-04,13834,44,0,2026-08-05 04:30:29.514014+00,0,,
2925,1,NA,2026-08-04,13822,45,0,2026-08-05 04:30:29.514014+00,0,,
83695207,1,NA,2026-08-04,13784,46,0,2026-08-05 04:30:29.514014+00,0,,
245061204,1,NA,2026-08-04,13774,47,0,2026-08-05 04:30:29.514014+00,0,,
9026,1,NA,2026-08-04,13627,48,0,2026-08-05 04:30:29.514014+00,0,,
48386473,1,NA,2026-08-04,13600,49,0,2026-08-05 04:30:29.514014+00,0,,
1141879,1,NA,2026-08-04,13577,50,0,2026-08-05 04:30:29.514014+00,0,,
9806,1,NA,2026-08-04,13573,51,0,2026-08-05 04:30:29.514014+00,0,,
3211,1,NA,2026-08-04,13571,52,0,2026-08-05 04:30:29.514014+00,0,,
130421519,1,NA,2026-08-04,13537,53,0,2026-08-05 04:30:29.514014+00,0,,
8440,1,NA,2026-08-04,13528,54,0,2026-08-05 04:30:29.514014+00,0,,
16280566,1,NA,2026-08-04,13522,55,0,2026-08-05 04:30:29.514014+00,0,,
43532200,1,NA,2026-08-04,13520,56,0,2026-08-05 04:30:29.514014+00,0,,
136165289,1,NA,2026-08-04,13466,57,0,2026-08-05 04:30:29.514014+00,0,,
3276,1,NA,2026-08-04,13442,58,0,2026-08-05 04:30:29.514014+00,0,,
2871,1,NA,2026-08-04,13413,59,0,2026-08-05 04:30:29.514014+00,0,,
206112057,1,NA,2026-08-04,13370,60,0,2026-08-05 04:30:29.514014+00,0,,
822039,1,NA,2026-08-04,13325,61,0,2026-08-05 04:30:29.514014+00,0,,
8975,1,NA,2026-08-04,13245,62,0,2026-08-05 04:30:29.514014+00,0,,
30450749,1,NA,2026-08-04,13240,63,0,2026-08-05 04:30:29.514014+00,0,,
8642,1,NA,2026-08-04,13184,64,0,2026-08-05 04:30:29.514014+00,0,,
359531261,1,NA,2026-08-04,13127,65,0,2026-08-05 04:30:29.514014+00,0,,
16990580,1,NA,2026-08-04,13127,66,0,2026-08-05 04:30:29.514014+00,0,,
3147,1,NA,2026-08-04,13123,67,0,2026-08-05 04:30:29.514014+00,0,,
9205318,1,NA,2026-08-04,13100,68,0,2026-08-05 04:30:29.514014+00,0,,
85854458,1,NA,2026-08-04,13099,69,0,2026-08-05 04:30:29.514014+00,0,,
316301749,1,NA,2026-08-04,13032,70,0,2026-08-05 04:30:29.514014+00,0,,
231951109,1,NA,2026-08-04,13031,71,0,2026-08-05 04:30:29.514014+00,0,,
3178,1,NA,2026-08-04,13017,72,0,2026-08-05 04:30:29.514014+00,0,,
42355403,1,NA,2026-08-04,12935,73,0,2026-08-05 04:30:29.514014+00,0,,
76156893,1,NA,2026-08-04,12935,74,0,2026-08-05 04:30:29.514014+00,0,,
75916303,1,NA,2026-08-04,12852,75,0,2026-08-05 04:30:29.514014+00,0,,
178130545,1,NA,2026-08-04,12767,76,0,2026-08-05 04:30:29.514014+00,0,,
42342982,1,NA,2026-08-04,12757,77,0,2026-08-05 04:30:29.514014+00,0,,
24739428,1,NA,2026-08-04,12573,78,0,2026-08-05 04:30:29.514014+00,0,,
7851503,1,NA,2026-08-04,12538,79,0,2026-08-05 04:30:29.514014+00,0,,
10123743,1,NA,2026-08-04,12536,80,0,2026-08-05 04:30:29.514014+00,0,,
2844,1,NA,2026-08-04,12304,81,0,2026-08-05 04:30:29.514014+00,0,,
3120,1,NA,2026-08-04,12304,82,0,2026-08-05 04:30:29.514014+00,0,,
9835,1,NA,2026-08-04,12226,83,0,2026-08-05 04:30:29.514014+00,0,,
5450720,1,NA,2026-08-04,12216,84,0,2026-08-05 04:30:29.514014+00,0,,
5450699,1,NA,2026-08-04,12208,85,0,2026-08-05 04:30:29.514014+00,0,,
9194,1,NA,2026-08-04,12206,86,0,2026-08-05 04:30:29.514014+00,0,,
9131,1,NA,2026-08-04,12196,87,0,2026-08-05 04:30:29.514014+00,0,,
9881,1,NA,2026-08-04,12176,88,0,2026-08-05 04:30:29.514014+00,0,,
3173953,1,NA,2026-08-04,12165,89,0,2026-08-05 04:30:29.514014+00,0,,
3175643,1,NA,2026-08-04,12164,90,0,2026-08-05 04:30:29.514014+00,0,,
9299,1,NA,2026-08-04,12141,91,0,2026-08-05 04:30:29.514014+00,0,,
5786327,1,NA,2026-08-04,12133,92,0,2026-08-05 04:30:29.514014+00,0,,
72492901,1,NA,2026-08-04,12110,93,0,2026-08-05 04:30:29.514014+00,0,,
9064,1,NA,2026-08-04,12032,94,0,2026-08-05 04:30:29.514014+00,0,,
196111357,1,NA,2026-08-04,12020,95,0,2026-08-05 04:30:29.514014+00,0,,
278667878,1,NA,2026-08-04,12012,96,0,2026-08-05 04:30:29.514014+00,0,,
14917599,1,NA,2026-08-04,11998,97,0,2026-08-05 04:30:29.514014+00,0,,
14919398,1,NA,2026-08-04,11975,98,0,2026-08-05 04:30:29.514014+00,0,,
311429346,1,NA,2026-08-04,11968,99,0,2026-08-05 04:30:29.514014+00,0,,
34635533,1,NA,2026-08-04,11967,100,0,2026-08-05 04:30:29.514014+00,0,,
2917,1,EU,2026-08-04,26006,1,0,2026-08-05 04:30:29.514014+00,0,,
3175575,1,EU,2026-08-04,23573,2,0,2026-08-05 04:30:29.514014+00,0,,
9141,1,EU,2026-08-04,22223,3,0,2026-08-05 04:30:29.514014+00,0,,
71964560,1,EU,2026-08-04,22222,4,0,2026-08-05 04:30:29.514014+00,0,,
2931,1,EU,2026-08-04,21093,5,0,2026-08-05 04:30:29.514014+00,0,,
739983,1,EU,2026-08-04,21030,6,0,2026-08-05 04:30:29.514014+00,0,,
2927,1,EU,2026-08-04,20992,7,0,2026-08-05 04:30:29.514014+00,0,,
8229,1,EU,2026-08-04,20314,8,0,2026-08-05 04:30:29.514014+00,0,,
8703,1,EU,2026-08-04,20295,9,0,2026-08-05 04:30:29.514014+00,0,,
94489083,1,EU,2026-08-04,20067,10,0,2026-08-05 04:30:29.514014+00,0,,
266126055,1,EU,2026-08-04,20061,11,0,2026-08-05 04:30:29.514014+00,0,,
291120697,1,EU,2026-08-04,19184,12,0,2026-08-05 04:30:29.514014+00,0,,
115495642,1,EU,2026-08-04,19167,13,0,2026-08-05 04:30:29.514014+00,0,,
3318,1,EU,2026-08-04,19117,14,0,2026-08-05 04:30:29.514014+00,0,,
9314,1,EU,2026-08-04,19000,15,0,2026-08-05 04:30:29.514014+00,0,,
2984,1,EU,2026-08-04,18654,16,0,2026-08-05 04:30:29.514014+00,0,,
274705151,1,EU,2026-08-04,18360,17,0,2026-08-05 04:30:29.514014+00,0,,
3176,1,EU,2026-08-04,18349,18,0,2026-08-05 04:30:29.514014+00,0,,
2833,1,EU,2026-08-04,17936,19,0,2026-08-05 04:30:29.514014+00,0,,
3011,1,EU,2026-08-04,17685,20,0,2026-08-05 04:30:29.514014+00,0,,
287845755,1,EU,2026-08-04,17645,21,0,2026-08-05 04:30:29.514014+00,0,,
8860,1,EU,2026-08-04,17550,22,0,2026-08-05 04:30:29.514014+00,0,,
118,1,EU,2026-08-04,17412,23,0,2026-08-05 04:30:29.514014+00,0,,
31110911,1,EU,2026-08-04,16897,24,0,2026-08-05 04:30:29.514014+00,0,,
2806,1,EU,2026-08-04,16879,25,0,2026-08-05 04:30:29.514014+00,0,,
2994,1,EU,2026-08-04,16811,26,0,2026-08-05 04:30:29.514014+00,0,,
3103,1,EU,2026-08-04,16405,27,0,2026-08-05 04:30:29.514014+00,0,,
383625311,1,EU,2026-08-04,16355,28,0,2026-08-05 04:30:29.514014+00,0,,
463586584,1,EU,2026-08-04,15888,29,0,2026-08-05 04:30:29.514014+00,0,,
5025748,1,EU,2026-08-04,15720,30,0,2026-08-05 04:30:29.514014+00,0,,
3199,1,EU,2026-08-04,15677,31,0,2026-08-05 04:30:29.514014+00,0,,
91153725,1,EU,2026-08-04,15673,32,0,2026-08-05 04:30:29.514014+00,0,,
334960542,1,EU,2026-08-04,15516,33,0,2026-08-05 04:30:29.514014+00,0,,
277601397,1,EU,2026-08-04,15451,34,0,2026-08-05 04:30:29.514014+00,0,,
3145,1,EU,2026-08-04,15357,35,0,2026-08-05 04:30:29.514014+00,0,,
3322,1,EU,2026-08-04,15318,36,0,2026-08-05 04:30:29.514014+00,0,,
2882,1,EU,2026-08-04,15287,37,0,2026-08-05 04:30:29.514014+00,0,,
2919,1,EU,2026-08-04,15238,38,0,2026-08-05 04:30:29.514014+00,0,,
47958344,1,EU,2026-08-04,15218,39,0,2026-08-05 04:30:29.514014+00,0,,
2869,1,EU,2026-08-04,15181,40,0,2026-08-05 04:30:29.514014+00,0,,
456482471,1,EU,2026-08-04,15111,41,0,2026-08-05 04:30:29.514014+00,0,,
284152775,1,EU,2026-08-04,15027,42,0,2026-08-05 04:30:29.514014+00,0,,
3282,1,EU,2026-08-04,15017,43,0,2026-08-05 04:30:29.514014+00,0,,
9753,1,EU,2026-08-04,14913,44,0,2026-08-05 04:30:29.514014+00,0,,
241503134,1,EU,2026-08-04,14903,45,0,2026-08-05 04:30:29.514014+00,0,,
2967,1,EU,2026-08-04,14831,46,0,2026-08-05 04:30:29.514014+00,0,,
36039226,1,EU,2026-08-04,14783,47,0,2026-08-05 04:30:29.514014+00,0,,
45132189,1,EU,2026-08-04,14638,48,0,2026-08-05 04:30:29.514014+00,0,,
218956057,1,EU,2026-08-04,14567,49,0,2026-08-05 04:30:29.514014+00,0,,
9732,1,EU,2026-08-04,14450,50,0,2026-08-05 04:30:29.514014+00,0,,
2889,1,EU,2026-08-04,14404,51,0,2026-08-05 04:30:29.514014+00,0,,
3053,1,EU,2026-08-04,14355,52,0,2026-08-05 04:30:29.514014+00,0,,
34472294,1,EU,2026-08-04,14219,53,0,2026-08-05 04:30:29.514014+00,0,,
9239,1,EU,2026-08-04,14216,54,0,2026-08-05 04:30:29.514014+00,0,,
9771,1,EU,2026-08-04,14216,55,0,2026-08-05 04:30:29.514014+00,0,,
9245,1,EU,2026-08-04,14213,56,0,2026-08-05 04:30:29.514014+00,0,,
3181,1,EU,2026-08-04,14211,57,0,2026-08-05 04:30:29.514014+00,0,,
2954,1,EU,2026-08-04,14077,58,0,2026-08-05 04:30:29.514014+00,0,,
380192488,1,EU,2026-08-04,14061,59,0,2026-08-05 04:30:29.514014+00,0,,
10266,1,EU,2026-08-04,13967,60,0,2026-08-05 04:30:29.514014+00,0,,
3221,1,EU,2026-08-04,13960,61,0,2026-08-05 04:30:29.514014+00,0,,
3879734,1,EU,2026-08-04,13944,62,0,2026-08-05 04:30:29.514014+00,0,,
7863,1,EU,2026-08-04,13866,63,0,2026-08-05 04:30:29.514014+00,0,,
392099075,1,EU,2026-08-04,13836,64,0,2026-08-05 04:30:29.514014+00,0,,
4623578,1,EU,2026-08-04,13776,65,0,2026-08-05 04:30:29.514014+00,0,,
19820339,1,EU,2026-08-04,13623,66,0,2026-08-05 04:30:29.514014+00,0,,
3157,1,EU,2026-08-04,13618,67,0,2026-08-05 04:30:29.514014+00,0,,
3239,1,EU,2026-08-04,13611,68,0,2026-08-05 04:30:29.514014+00,0,,
10278,1,EU,2026-08-04,13548,69,0,2026-08-05 04:30:29.514014+00,0,,
341554071,1,EU,2026-08-04,13526,70,0,2026-08-05 04:30:29.514014+00,0,,
277255599,1,EU,2026-08-04,13516,71,0,2026-08-05 04:30:29.514014+00,0,,
9325,1,EU,2026-08-04,13484,72,0,2026-08-05 04:30:29.514014+00,0,,
8583,1,EU,2026-08-04,13457,73,0,2026-08-05 04:30:29.514014+00,0,,
2942,1,EU,2026-08-04,13453,74,0,2026-08-05 04:30:29.514014+00,0,,
280538159,1,EU,2026-08-04,13381,75,0,2026-08-05 04:30:29.514014+00,0,,
4079039,1,EU,2026-08-04,13365,76,0,2026-08-05 04:30:29.514014+00,0,,
345808062,1,EU,2026-08-04,13363,77,0,2026-08-05 04:30:29.514014+00,0,,
277315092,1,EU,2026-08-04,13337,78,0,2026-08-05 04:30:29.514014+00,0,,
9984,1,EU,2026-08-04,13313,79,0,2026-08-05 04:30:29.514014+00,0,,
34169985,1,EU,2026-08-04,13306,80,0,2026-08-05 04:30:29.514014+00,0,,
8379,1,EU,2026-08-04,13300,81,0,2026-08-05 04:30:29.514014+00,0,,
61437749,1,EU,2026-08-04,13286,82,0,2026-08-05 04:30:29.514014+00,0,,
11552085,1,EU,2026-08-04,13239,83,0,2026-08-05 04:30:29.514014+00,0,,
416915417,1,EU,2026-08-04,13238,84,0,2026-08-05 04:30:29.514014+00,0,,
123868124,1,EU,2026-08-04,13171,85,0,2026-08-05 04:30:29.514014+00,0,,
3240,1,EU,2026-08-04,13133,86,0,2026-08-05 04:30:29.514014+00,0,,
8556,1,EU,2026-08-04,13132,87,0,2026-08-05 04:30:29.514014+00,0,,
19800698,1,EU,2026-08-04,13118,88,0,2026-08-05 04:30:29.514014+00,0,,
365994712,1,EU,2026-08-04,13115,89,0,2026-08-05 04:30:29.514014+00,0,,
8004,1,EU,2026-08-04,13112,90,0,2026-08-05 04:30:29.514014+00,0,,
2963,1,EU,2026-08-04,13097,91,0,2026-08-05 04:30:29.514014+00,0,,
28721872,1,EU,2026-08-04,13054,92,0,2026-08-05 04:30:29.514014+00,0,,
339417733,1,EU,2026-08-04,13023,93,0,2026-08-05 04:30:29.514014+00,0,,
404775683,1,EU,2026-08-04,13015,94,0,2026-08-05 04:30:29.514014+00,0,,
47382826,1,EU,2026-08-04,13014,95,0,2026-08-05 04:30:29.514014+00,0,,
339415817,1,EU,2026-08-04,12967,96,0,2026-08-05 04:30:29.514014+00,0,,
456035174,1,EU,2026-08-04,12965,97,0,2026-08-05 04:30:29.514014+00,0,,
28720629,1,EU,2026-08-04,12956,98,0,2026-08-05 04:30:29.514014+00,0,,
67443626,1,EU,2026-08-04,12942,99,0,2026-08-05 04:30:29.514014+00,0,,
404836058,1,EU,2026-08-04,12935,100,0,2026-08-05 04:30:29.514014+00,0,,
274898659,1,AP,2026-08-04,21694,1,0,2026-08-05 04:30:29.514014+00,0,,
468337570,1,AP,2026-08-04,21294,2,0,2026-08-05 04:30:29.514014+00,0,,
2869,1,AP,2026-08-04,21286,3,0,2026-08-05 04:30:29.514014+00,0,,
47958344,1,AP,2026-08-04,21133,4,0,2026-08-05 04:30:29.514014+00,0,,
17,1,AP,2026-08-04,20016,5,0,2026-08-05 04:30:29.514014+00,0,,
73299939,1,AP,2026-08-04,18841,6,0,2026-08-05 04:30:29.514014+00,0,,
112357635,1,AP,2026-08-04,18493,7,0,2026-08-05 04:30:29.514014+00,0,,
110507703,1,AP,2026-08-04,18385,8,0,2026-08-05 04:30:29.514014+00,0,,
226710070,1,AP,2026-08-04,18375,9,0,2026-08-05 04:30:29.514014+00,0,,
12,1,AP,2026-08-04,18308,10,0,2026-08-05 04:30:29.514014+00,0,,
35810887,1,AP,2026-08-04,17378,11,0,2026-08-05 04:30:29.514014+00,0,,
3976364,1,AP,2026-08-04,17254,12,0,2026-08-05 04:30:29.514014+00,0,,
3451934,1,AP,2026-08-04,16403,13,0,2026-08-05 04:30:29.514014+00,0,,
142,1,AP,2026-08-04,16262,14,0,2026-08-05 04:30:29.514014+00,0,,
280417920,1,AP,2026-08-04,16072,15,0,2026-08-05 04:30:29.514014+00,0,,
87,1,AP,2026-08-04,16062,16,0,2026-08-05 04:30:29.514014+00,0,,
68,1,AP,2026-08-04,14894,17,0,2026-08-05 04:30:29.514014+00,0,,
134,1,AP,2026-08-04,14871,18,0,2026-08-05 04:30:29.514014+00,0,,
69,1,AP,2026-08-04,14742,19,0,2026-08-05 04:30:29.514014+00,0,,
386771268,1,AP,2026-08-04,14654,20,0,2026-08-05 04:30:29.514014+00,0,,
3502,1,AP,2026-08-04,14634,21,0,2026-08-05 04:30:29.514014+00,0,,
2,1,AP,2026-08-04,14480,22,0,2026-08-05 04:30:29.514014+00,0,,
26,1,AP,2026-08-04,14451,23,0,2026-08-05 04:30:29.514014+00,0,,
136,1,AP,2026-08-04,14420,24,0,2026-08-05 04:30:29.514014+00,0,,
19,1,AP,2026-08-04,14355,25,0,2026-08-05 04:30:29.514014+00,0,,
3209,1,AP,2026-08-04,14245,26,0,2026-08-05 04:30:29.514014+00,0,,
256814742,1,AP,2026-08-04,14124,27,0,2026-08-05 04:30:29.514014+00,0,,
195696350,1,AP,2026-08-04,14122,28,0,2026-08-05 04:30:29.514014+00,0,,
400305478,1,AP,2026-08-04,13931,29,0,2026-08-05 04:30:29.514014+00,0,,
400354449,1,AP,2026-08-04,13697,30,0,2026-08-05 04:30:29.514014+00,0,,
40786540,1,AP,2026-08-04,13382,31,0,2026-08-05 04:30:29.514014+00,0,,
3509,1,AP,2026-08-04,13376,32,0,2026-08-05 04:30:29.514014+00,0,,
276093938,1,AP,2026-08-04,13364,33,0,2026-08-05 04:30:29.514014+00,0,,
226409955,1,AP,2026-08-04,13190,34,0,2026-08-05 04:30:29.514014+00,0,,
204167644,1,AP,2026-08-04,12924,35,0,2026-08-05 04:30:29.514014+00,0,,
204187238,1,AP,2026-08-04,12909,36,0,2026-08-05 04:30:29.514014+00,0,,
234348434,1,AP,2026-08-04,12740,37,0,2026-08-05 04:30:29.514014+00,0,,
32446776,1,AP,2026-08-04,12640,38,0,2026-08-05 04:30:29.514014+00,0,,
95,1,AP,2026-08-04,12568,39,0,2026-08-05 04:30:29.514014+00,0,,
9452,1,AP,2026-08-04,12541,40,0,2026-08-05 04:30:29.514014+00,0,,
4228585,1,AP,2026-08-04,12469,41,0,2026-08-05 04:30:29.514014+00,0,,
8114,1,AP,2026-08-04,12416,42,0,2026-08-05 04:30:29.514014+00,0,,
73664506,1,AP,2026-08-04,12385,43,0,2026-08-05 04:30:29.514014+00,0,,
4702876,1,AP,2026-08-04,12329,44,0,2026-08-05 04:30:29.514014+00,0,,
3394,1,AP,2026-08-04,12325,45,0,2026-08-05 04:30:29.514014+00,0,,
294298119,1,AP,2026-08-04,12303,46,0,2026-08-05 04:30:29.514014+00,0,,
5010935,1,AP,2026-08-04,12213,47,0,2026-08-05 04:30:29.514014+00,0,,
406524237,1,AP,2026-08-04,12187,48,0,2026-08-05 04:30:29.514014+00,0,,
45037219,1,AP,2026-08-04,12182,49,0,2026-08-05 04:30:29.514014+00,0,,
9727,1,AP,2026-08-04,12160,50,0,2026-08-05 04:30:29.514014+00,0,,
3375,1,AP,2026-08-04,12127,51,0,2026-08-05 04:30:29.514014+00,0,,
3059,1,AP,2026-08-04,12123,52,0,2026-08-05 04:30:29.514014+00,0,,
2940,1,AP,2026-08-04,12103,53,0,2026-08-05 04:30:29.514014+00,0,,
406416369,1,AP,2026-08-04,12098,54,0,2026-08-05 04:30:29.514014+00,0,,
391957259,1,AP,2026-08-04,12097,55,0,2026-08-05 04:30:29.514014+00,0,,
5563348,1,AP,2026-08-04,12026,56,0,2026-08-05 04:30:29.514014+00,0,,
3257,1,AP,2026-08-04,12025,57,0,2026-08-05 04:30:29.514014+00,0,,
394020350,1,AP,2026-08-04,12021,58,0,2026-08-05 04:30:29.514014+00,0,,
115344,1,AP,2026-08-04,11999,59,0,2026-08-05 04:30:29.514014+00,0,,
46974038,1,AP,2026-08-04,11993,60,0,2026-08-05 04:30:29.514014+00,0,,
35543753,1,AP,2026-08-04,11983,61,0,2026-08-05 04:30:29.514014+00,0,,
103898811,1,AP,2026-08-04,11977,62,0,2026-08-05 04:30:29.514014+00,0,,
66808194,1,AP,2026-08-04,11961,63,0,2026-08-05 04:30:29.514014+00,0,,
9979,1,AP,2026-08-04,11960,64,0,2026-08-05 04:30:29.514014+00,0,,
105619607,1,AP,2026-08-04,11944,65,0,2026-08-05 04:30:29.514014+00,0,,
5652904,1,AP,2026-08-04,11927,66,0,2026-08-05 04:30:29.514014+00,0,,
3489,1,AP,2026-08-04,11916,67,0,2026-08-05 04:30:29.514014+00,0,,
3253,1,AP,2026-08-04,11859,68,0,2026-08-05 04:30:29.514014+00,0,,
2976,1,AP,2026-08-04,11807,69,0,2026-08-05 04:30:29.514014+00,0,,
286321260,1,AP,2026-08-04,11793,70,0,2026-08-05 04:30:29.514014+00,0,,
50,1,AP,2026-08-04,11781,71,0,2026-08-05 04:30:29.514014+00,0,,
3127,1,AP,2026-08-04,11677,72,0,2026-08-05 04:30:29.514014+00,0,,
3039,1,AP,2026-08-04,11648,73,0,2026-08-05 04:30:29.514014+00,0,,
5677685,1,AP,2026-08-04,11635,74,0,2026-08-05 04:30:29.514014+00,0,,
86987680,1,AP,2026-08-04,11620,75,0,2026-08-05 04:30:29.514014+00,0,,
132610789,1,AP,2026-08-04,11576,76,0,2026-08-05 04:30:29.514014+00,0,,
2946,1,AP,2026-08-04,11538,77,0,2026-08-05 04:30:29.514014+00,0,,
132609724,1,AP,2026-08-04,11501,78,0,2026-08-05 04:30:29.514014+00,0,,
62527539,1,AP,2026-08-04,11498,79,0,2026-08-05 04:30:29.514014+00,0,,
102370009,1,AP,2026-08-04,11496,80,0,2026-08-05 04:30:29.514014+00,0,,
82634565,1,AP,2026-08-04,11361,81,0,2026-08-05 04:30:29.514014+00,0,,
4392458,1,AP,2026-08-04,11240,82,0,2026-08-05 04:30:29.514014+00,0,,
73737992,1,AP,2026-08-04,11238,83,0,2026-08-05 04:30:29.514014+00,0,,
19140393,1,AP,2026-08-04,11220,84,0,2026-08-05 04:30:29.514014+00,0,,
4393978,1,AP,2026-08-04,11204,85,0,2026-08-05 04:30:29.514014+00,0,,
60722467,1,AP,2026-08-04,11155,86,0,2026-08-05 04:30:29.514014+00,0,,
459721344,1,AP,2026-08-04,11153,87,0,2026-08-05 04:30:29.514014+00,0,,
9283,1,AP,2026-08-04,11111,88,0,2026-08-05 04:30:29.514014+00,0,,
116074633,1,AP,2026-08-04,11106,89,0,2026-08-05 04:30:29.514014+00,0,,
464244675,1,AP,2026-08-04,11105,90,0,2026-08-05 04:30:29.514014+00,0,,
19141610,1,AP,2026-08-04,11095,91,0,2026-08-05 04:30:29.514014+00,0,,
80193519,1,AP,2026-08-04,11089,92,0,2026-08-05 04:30:29.514014+00,0,,
9235,1,AP,2026-08-04,11077,93,0,2026-08-05 04:30:29.514014+00,0,,
107541316,1,AP,2026-08-04,11048,94,0,2026-08-05 04:30:29.514014+00,0,,
10336,1,AP,2026-08-04,11042,95,0,2026-08-05 04:30:29.514014+00,0,,
58979944,1,AP,2026-08-04,11022,96,0,2026-08-05 04:30:29.514014+00,0,,
107540860,1,AP,2026-08-04,10969,97,0,2026-08-05 04:30:29.514014+00,0,,
243370962,1,AP,2026-08-04,10931,98,0,2026-08-05 04:30:29.514014+00,0,,
3124,1,AP,2026-08-04,10910,99,0,2026-08-05 04:30:29.514014+00,0,,
10293,1,AP,2026-08-04,10862,100,0,2026-08-05 04:30:29.514014+00,0,,
3554,0,CN,2026-08-04,20034,1,0,2026-08-05 04:30:29.514014+00,0,,
85636211,0,CN,2026-08-04,19269,2,0,2026-08-05 04:30:29.514014+00,0,,
57795011,0,CN,2026-08-04,19167,3,0,2026-08-05 04:30:29.514014+00,0,,
3423,0,CN,2026-08-04,19117,4,0,2026-08-05 04:30:29.514014+00,0,,
451641749,0,CN,2026-08-04,19059,5,0,2026-08-05 04:30:29.514014+00,0,,
2893,0,CN,2026-08-04,19011,6,0,2026-08-05 04:30:29.514014+00,0,,
3469,0,CN,2026-08-04,18861,7,0,2026-08-05 04:30:29.514014+00,0,,
3453,0,CN,2026-08-04,18512,8,0,2026-08-05 04:30:29.514014+00,0,,
196326796,0,CN,2026-08-04,18431,9,0,2026-08-05 04:30:29.514014+00,0,,
6,0,CN,2026-08-04,18425,10,0,2026-08-05 04:30:29.514014+00,0,,
165004030,0,CN,2026-08-04,18124,11,0,2026-08-05 04:30:29.514014+00,0,,
3448,0,CN,2026-08-04,17912,12,0,2026-08-05 04:30:29.514014+00,0,,
150797025,0,CN,2026-08-04,17694,13,0,2026-08-05 04:30:29.514014+00,0,,
176299875,0,CN,2026-08-04,17653,14,0,2026-08-05 04:30:29.514014+00,0,,
3531,0,CN,2026-08-04,17624,15,0,2026-08-05 04:30:29.514014+00,0,,
3465,0,CN,2026-08-04,17622,16,0,2026-08-05 04:30:29.514014+00,0,,
3529,0,CN,2026-08-04,17620,17,0,2026-08-05 04:30:29.514014+00,0,,
3389,0,CN,2026-08-04,17606,18,0,2026-08-05 04:30:29.514014+00,0,,
401392264,0,CN,2026-08-04,17473,19,0,2026-08-05 04:30:29.514014+00,0,,
3551,0,CN,2026-08-04,17431,20,0,2026-08-05 04:30:29.514014+00,0,,
404369331,0,CN,2026-08-04,17371,21,0,2026-08-05 04:30:29.514014+00,0,,
63201543,0,CN,2026-08-04,17369,22,0,2026-08-05 04:30:29.514014+00,0,,
2859,0,CN,2026-08-04,17279,23,0,2026-08-05 04:30:29.514014+00,0,,
279776688,0,CN,2026-08-04,17264,24,0,2026-08-05 04:30:29.514014+00,0,,
101218490,0,CN,2026-08-04,17127,25,0,2026-08-05 04:30:29.514014+00,0,,
2384907,0,CN,2026-08-04,17041,26,0,2026-08-05 04:30:29.514014+00,0,,
295581311,0,CN,2026-08-04,17037,27,0,2026-08-05 04:30:29.514014+00,0,,
2827,0,CN,2026-08-04,17026,28,0,2026-08-05 04:30:29.514014+00,0,,
4608840,0,CN,2026-08-04,17021,29,0,2026-08-05 04:30:29.514014+00,0,,
151837754,0,CN,2026-08-04,17012,30,0,2026-08-05 04:30:29.514014+00,0,,
261459684,0,CN,2026-08-04,17003,31,0,2026-08-05 04:30:29.514014+00,0,,
245436189,0,CN,2026-08-04,17002,32,0,2026-08-05 04:30:29.514014+00,0,,
361803744,0,CN,2026-08-04,16800,33,0,2026-08-05 04:30:29.514014+00,0,,
10927,0,CN,2026-08-04,16705,34,0,2026-08-05 04:30:29.514014+00,0,,
3449,0,CN,2026-08-04,16684,35,0,2026-08-05 04:30:29.514014+00,0,,
3398,0,CN,2026-08-04,16675,36,0,2026-08-05 04:30:29.514014+00,0,,
210849521,0,CN,2026-08-04,16639,37,0,2026-08-05 04:30:29.514014+00,0,,
3405,0,CN,2026-08-04,16563,38,0,2026-08-05 04:30:29.514014+00,0,,
2835,0,CN,2026-08-04,16529,39,0,2026-08-05 04:30:29.514014+00,0,,
5011564,0,CN,2026-08-04,16458,40,0,2026-08-05 04:30:29.514014+00,0,,
280513765,0,CN,2026-08-04,16392,41,0,2026-08-05 04:30:29.514014+00,0,,
274106553,0,CN,2026-08-04,16358,42,0,2026-08-05 04:30:29.514014+00,0,,
197218055,0,CN,2026-08-04,16350,43,0,2026-08-05 04:30:29.514014+00,0,,
3417,0,CN,2026-08-04,16312,44,0,2026-08-05 04:30:29.514014+00,0,,
36348924,0,CN,2026-08-04,16206,45,0,2026-08-05 04:30:29.514014+00,0,,
10758,0,CN,2026-08-04,16132,46,0,2026-08-05 04:30:29.514014+00,0,,
350254098,0,CN,2026-08-04,16117,47,0,2026-08-05 04:30:29.514014+00,0,,
3444,0,CN,2026-08-04,16115,48,0,2026-08-05 04:30:29.514014+00,0,,
9570,0,CN,2026-08-04,16104,49,0,2026-08-05 04:30:29.514014+00,0,,
10498,0,CN,2026-08-04,16087,50,0,2026-08-05 04:30:29.514014+00,0,,
229276662,0,CN,2026-08-04,16062,51,0,2026-08-05 04:30:29.514014+00,0,,
277463363,0,CN,2026-08-04,16043,52,0,2026-08-05 04:30:29.514014+00,0,,
157690350,0,CN,2026-08-04,16038,53,0,2026-08-05 04:30:29.514014+00,0,,
275551817,0,CN,2026-08-04,16025,54,0,2026-08-05 04:30:29.514014+00,0,,
3451,0,CN,2026-08-04,16015,55,0,2026-08-05 04:30:29.514014+00,0,,
5009214,0,CN,2026-08-04,16009,56,0,2026-08-05 04:30:29.514014+00,0,,
225037226,0,CN,2026-08-04,16000,57,0,2026-08-05 04:30:29.514014+00,0,,
10740,0,CN,2026-08-04,15818,58,0,2026-08-05 04:30:29.514014+00,0,,
3386,0,CN,2026-08-04,15764,59,0,2026-08-05 04:30:29.514014+00,0,,
3466,0,CN,2026-08-04,15748,60,0,2026-08-05 04:30:29.514014+00,0,,
3435,0,CN,2026-08-04,15745,61,0,2026-08-05 04:30:29.514014+00,0,,
441650969,0,CN,2026-08-04,15741,62,0,2026-08-05 04:30:29.514014+00,0,,
159566202,0,CN,2026-08-04,15737,63,0,2026-08-05 04:30:29.514014+00,0,,
10905,0,CN,2026-08-04,15606,64,0,2026-08-05 04:30:29.514014+00,0,,
10522,0,CN,2026-08-04,15601,65,0,2026-08-05 04:30:29.514014+00,0,,
11085,0,CN,2026-08-04,15583,66,0,2026-08-05 04:30:29.514014+00,0,,
209356746,0,CN,2026-08-04,15577,67,0,2026-08-05 04:30:29.514014+00,0,,
295445394,0,CN,2026-08-04,15556,68,0,2026-08-05 04:30:29.514014+00,0,,
8982,0,CN,2026-08-04,15551,69,0,2026-08-05 04:30:29.514014+00,0,,
224038090,0,CN,2026-08-04,15550,70,0,2026-08-05 04:30:29.514014+00,0,,
110273765,0,CN,2026-08-04,15546,71,0,2026-08-05 04:30:29.514014+00,0,,
330728996,0,CN,2026-08-04,15510,72,0,2026-08-05 04:30:29.514014+00,0,,
280752112,0,CN,2026-08-04,15500,73,0,2026-08-05 04:30:29.514014+00,0,,
341814023,0,CN,2026-08-04,15494,74,0,2026-08-05 04:30:29.514014+00,0,,
153295807,0,CN,2026-08-04,15430,75,0,2026-08-05 04:30:29.514014+00,0,,
437249240,0,CN,2026-08-04,15430,76,0,2026-08-05 04:30:29.514014+00,0,,
3528,0,CN,2026-08-04,15409,77,0,2026-08-05 04:30:29.514014+00,0,,
3456,0,CN,2026-08-04,15407,78,0,2026-08-05 04:30:29.514014+00,0,,
361569519,0,CN,2026-08-04,15388,79,0,2026-08-05 04:30:29.514014+00,0,,
163185912,0,CN,2026-08-04,15388,80,0,2026-08-05 04:30:29.514014+00,0,,
3416,0,CN,2026-08-04,15386,81,0,2026-08-05 04:30:29.514014+00,0,,
52707649,0,CN,2026-08-04,15384,82,0,2026-08-05 04:30:29.514014+00,0,,
4741455,0,CN,2026-08-04,15367,83,0,2026-08-05 04:30:29.514014+00,0,,
154621920,0,CN,2026-08-04,15339,84,0,2026-08-05 04:30:29.514014+00,0,,
5009328,0,CN,2026-08-04,15309,85,0,2026-08-05 04:30:29.514014+00,0,,
195106456,0,CN,2026-08-04,15293,86,0,2026-08-05 04:30:29.514014+00,0,,
208964831,0,CN,2026-08-04,15269,87,0,2026-08-05 04:30:29.514014+00,0,,
23163054,0,CN,2026-08-04,15240,88,0,2026-08-05 04:30:29.514014+00,0,,
3477,0,CN,2026-08-04,15240,89,0,2026-08-05 04:30:29.514014+00,0,,
131614399,0,CN,2026-08-04,15210,90,0,2026-08-05 04:30:29.514014+00,0,,
10774,0,CN,2026-08-04,15189,91,0,2026-08-05 04:30:29.514014+00,0,,
95648722,0,CN,2026-08-04,15176,92,0,2026-08-05 04:30:29.514014+00,0,,
108834868,0,CN,2026-08-04,15166,93,0,2026-08-05 04:30:29.514014+00,0,,
5011139,0,CN,2026-08-04,15158,94,0,2026-08-05 04:30:29.514014+00,0,,
395375827,0,CN,2026-08-04,15139,95,0,2026-08-05 04:30:29.514014+00,0,,
5006357,0,CN,2026-08-04,15109,96,0,2026-08-05 04:30:29.514014+00,0,,
301317904,0,CN,2026-08-04,15097,97,0,2026-08-05 04:30:29.514014+00,0,,
10945,0,CN,2026-08-04,15093,98,0,2026-08-05 04:30:29.514014+00,0,,
10867,0,CN,2026-08-04,15059,99,0,2026-08-05 04:30:29.514014+00,0,,
8134,0,CN,2026-08-04,15050,100,0,2026-08-05 04:30:29.514014+00,0,,
52736332,0,CN,2026-08-04,15047,101,0,2026-08-05 04:30:29.514014+00,0,,
3370,0,CN,2026-08-04,15032,102,0,2026-08-05 04:30:29.514014+00,0,,
8352,0,CN,2026-08-04,15025,103,0,2026-08-05 04:30:29.514014+00,0,,
3418,0,CN,2026-08-04,15024,104,0,2026-08-05 04:30:29.514014+00,0,,
10576,0,CN,2026-08-04,15023,105,0,2026-08-05 04:30:29.514014+00,0,,
8169,0,CN,2026-08-04,15022,106,0,2026-08-05 04:30:29.514014+00,0,,
151342573,0,CN,2026-08-04,15021,107,0,2026-08-05 04:30:29.514014+00,0,,
279663549,0,CN,2026-08-04,15017,108,0,2026-08-05 04:30:29.514014+00,0,,
283055310,0,CN,2026-08-04,15014,109,0,2026-08-05 04:30:29.514014+00,0,,
272032562,0,CN,2026-08-04,15010,110,0,2026-08-05 04:30:29.514014+00,0,,
355002902,0,CN,2026-08-04,15008,111,0,2026-08-05 04:30:29.514014+00,0,,
228790488,0,CN,2026-08-04,15003,112,0,2026-08-05 04:30:29.514014+00,0,,
151837544,0,CN,2026-08-04,15002,113,0,2026-08-05 04:30:29.514014+00,0,,
317604188,0,CN,2026-08-04,15000,114,0,2026-08-05 04:30:29.514014+00,0,,
274542304,0,CN,2026-08-04,15000,115,0,2026-08-05 04:30:29.514014+00,0,,
240081003,0,CN,2026-08-04,14927,116,0,2026-08-05 04:30:29.514014+00,0,,
209300145,0,CN,2026-08-04,14923,117,0,2026-08-05 04:30:29.514014+00,0,,
281685664,0,CN,2026-08-04,14913,118,0,2026-08-05 04:30:29.514014+00,0,,
157885679,0,CN,2026-08-04,14887,119,0,2026-08-05 04:30:29.514014+00,0,,
13990437,0,CN,2026-08-04,14835,120,0,2026-08-05 04:30:29.514014+00,0,,
451641750,0,CN,2026-08-04,14826,121,0,2026-08-05 04:30:29.514014+00,0,,
171365554,0,CN,2026-08-04,14826,122,0,2026-08-05 04:30:29.514014+00,0,,
96401179,0,CN,2026-08-04,14787,123,0,2026-08-05 04:30:29.514014+00,0,,
5333143,0,CN,2026-08-04,14777,124,0,2026-08-05 04:30:29.514014+00,0,,
5006336,0,CN,2026-08-04,14764,125,0,2026-08-05 04:30:29.514014+00,0,,
106887864,0,CN,2026-08-04,14763,126,0,2026-08-05 04:30:29.514014+00,0,,
250060324,0,CN,2026-08-04,14746,127,0,2026-08-05 04:30:29.514014+00,0,,
274852276,0,CN,2026-08-04,14742,128,0,2026-08-05 04:30:29.514014+00,0,,
8044,0,CN,2026-08-04,14698,129,0,2026-08-05 04:30:29.514014+00,0,,
5011040,0,CN,2026-08-04,14669,130,0,2026-08-05 04:30:29.514014+00,0,,
3479,0,CN,2026-08-04,14666,131,0,2026-08-05 04:30:29.514014+00,0,,
167276402,0,CN,2026-08-04,14642,132,0,2026-08-05 04:30:29.514014+00,0,,
10756,0,CN,2026-08-04,14626,133,0,2026-08-05 04:30:29.514014+00,0,,
9177694,0,CN,2026-08-04,14620,134,0,2026-08-05 04:30:29.514014+00,0,,
245849890,0,CN,2026-08-04,14594,135,0,2026-08-05 04:30:29.514014+00,0,,
414906190,0,CN,2026-08-04,14585,136,0,2026-08-05 04:30:29.514014+00,0,,
298808344,0,CN,2026-08-04,14584,137,0,2026-08-05 04:30:29.514014+00,0,,
151503877,0,CN,2026-08-04,14567,138,0,2026-08-05 04:30:29.514014+00,0,,
10845,0,CN,2026-08-04,14530,139,0,2026-08-05 04:30:29.514014+00,0,,
163226544,0,CN,2026-08-04,14525,140,0,2026-08-05 04:30:29.514014+00,0,,
386574383,0,CN,2026-08-04,14522,141,0,2026-08-05 04:30:29.514014+00,0,,
3034,0,CN,2026-08-04,14514,142,0,2026-08-05 04:30:29.514014+00,0,,
235099834,0,CN,2026-08-04,14482,143,0,2026-08-05 04:30:29.514014+00,0,,
277238672,0,CN,2026-08-04,14482,144,0,2026-08-05 04:30:29.514014+00,0,,
10658,0,CN,2026-08-04,14479,145,0,2026-08-05 04:30:29.514014+00,0,,
164625687,0,CN,2026-08-04,14435,146,0,2026-08-05 04:30:29.514014+00,0,,
11071,0,CN,2026-08-04,14421,147,0,2026-08-05 04:30:29.514014+00,0,,
157683805,0,CN,2026-08-04,14407,148,0,2026-08-05 04:30:29.514014+00,0,,
388551599,0,CN,2026-08-04,14406,149,0,2026-08-05 04:30:29.514014+00,0,,
10765,0,CN,2026-08-04,14402,150,0,2026-08-05 04:30:29.514014+00,0,,
53771507,0,CN,2026-08-04,14378,151,0,2026-08-05 04:30:29.514014+00,0,,
71418390,0,CN,2026-08-04,14364,152,0,2026-08-05 04:30:29.514014+00,0,,
5011016,0,CN,2026-08-04,14355,153,0,2026-08-05 04:30:29.514014+00,0,,
10655,0,CN,2026-08-04,14341,154,0,2026-08-05 04:30:29.514014+00,0,,
5005977,0,CN,2026-08-04,14336,155,0,2026-08-05 04:30:29.514014+00,0,,
414757858,0,CN,2026-08-04,14297,156,0,2026-08-05 04:30:29.514014+00,0,,
10224,0,CN,2026-08-04,14286,157,0,2026-08-05 04:30:29.514014+00,0,,
202491086,0,CN,2026-08-04,14279,158,0,2026-08-05 04:30:29.514014+00,0,,
10912,0,CN,2026-08-04,14275,159,0,2026-08-05 04:30:29.514014+00,0,,
10693,0,CN,2026-08-04,14254,160,0,2026-08-05 04:30:29.514014+00,0,,
287655170,0,CN,2026-08-04,14245,161,0,2026-08-05 04:30:29.514014+00,0,,
5007997,0,CN,2026-08-04,14242,162,0,2026-08-05 04:30:29.514014+00,0,,
170269358,0,CN,2026-08-04,14239,163,0,2026-08-05 04:30:29.514014+00,0,,
275622858,0,CN,2026-08-04,14233,164,0,2026-08-05 04:30:29.514014+00,0,,
46850818,0,CN,2026-08-04,14213,165,0,2026-08-05 04:30:29.514014+00,0,,
284836518,0,CN,2026-08-04,14209,166,0,2026-08-05 04:30:29.514014+00,0,,
11130,0,CN,2026-08-04,14205,167,0,2026-08-05 04:30:29.514014+00,0,,
210399068,0,CN,2026-08-04,14204,168,0,2026-08-05 04:30:29.514014+00,0,,
8686,0,CN,2026-08-04,14182,169,0,2026-08-05 04:30:29.514014+00,0,,
10608217,0,CN,2026-08-04,14176,170,0,2026-08-05 04:30:29.514014+00,0,,
292326019,0,CN,2026-08-04,14171,171,0,2026-08-05 04:30:29.514014+00,0,,
414876025,0,CN,2026-08-04,14156,172,0,2026-08-05 04:30:29.514014+00,0,,
5011047,0,CN,2026-08-04,14152,173,0,2026-08-05 04:30:29.514014+00,0,,
343070434,0,CN,2026-08-04,14139,174,0,2026-08-05 04:30:29.514014+00,0,,
284509047,0,CN,2026-08-04,14139,175,0,2026-08-05 04:30:29.514014+00,0,,
151029248,0,CN,2026-08-04,14131,176,0,2026-08-05 04:30:29.514014+00,0,,
2972,0,CN,2026-08-04,14131,177,0,2026-08-05 04:30:29.514014+00,0,,
4702047,0,CN,2026-08-04,14126,178,0,2026-08-05 04:30:29.514014+00,0,,
1717742,0,CN,2026-08-04,14120,179,0,2026-08-05 04:30:29.514014+00,0,,
235579605,0,CN,2026-08-04,14120,180,0,2026-08-05 04:30:29.514014+00,0,,
52348356,0,CN,2026-08-04,14098,181,0,2026-08-05 04:30:29.514014+00,0,,
267315465,0,CN,2026-08-04,14097,182,0,2026-08-05 04:30:29.514014+00,0,,
151978534,0,CN,2026-08-04,14096,183,0,2026-08-05 04:30:29.514014+00,0,,
11012,0,CN,2026-08-04,14095,184,0,2026-08-05 04:30:29.514014+00,0,,
5005996,0,CN,2026-08-04,14094,185,0,2026-08-05 04:30:29.514014+00,0,,
313188,0,CN,2026-08-04,14092,186,0,2026-08-05 04:30:29.514014+00,0,,
3427,0,CN,2026-08-04,14073,187,0,2026-08-05 04:30:29.514014+00,0,,
11475240,0,CN,2026-08-04,14073,188,0,2026-08-05 04:30:29.514014+00,0,,
167829094,0,CN,2026-08-04,14073,189,0,2026-08-05 04:30:29.514014+00,0,,
274814623,0,CN,2026-08-04,14067,190,0,2026-08-05 04:30:29.514014+00,0,,
913813,0,CN,2026-08-04,14058,191,0,2026-08-05 04:30:29.514014+00,0,,
377325206,0,CN,2026-08-04,14056,192,0,2026-08-05 04:30:29.514014+00,0,,
10687,0,CN,2026-08-04,14056,193,0,2026-08-05 04:30:29.514014+00,0,,
5010392,0,CN,2026-08-04,14056,194,0,2026-08-05 04:30:29.514014+00,0,,
275390837,0,CN,2026-08-04,14054,195,0,2026-08-05 04:30:29.514014+00,0,,
384970106,0,CN,2026-08-04,14053,196,0,2026-08-05 04:30:29.514014+00,0,,
146913647,0,CN,2026-08-04,14051,197,0,2026-08-05 04:30:29.514014+00,0,,
145913266,0,CN,2026-08-04,14038,198,0,2026-08-05 04:30:29.514014+00,0,,
263899577,0,CN,2026-08-04,14032,199,0,2026-08-05 04:30:29.514014+00,0,,
9072,0,CN,2026-08-04,14030,200,0,2026-08-05 04:30:29.514014+00,0,,
81719216,0,CN,2026-08-04,14029,201,0,2026-08-05 04:30:29.514014+00,0,,
10471,0,CN,2026-08-04,14023,202,0,2026-08-05 04:30:29.514014+00,0,,
203842452,0,CN,2026-08-04,14008,203,0,2026-08-05 04:30:29.514014+00,0,,
443697494,0,CN,2026-08-04,14007,204,0,2026-08-05 04:30:29.514014+00,0,,
139599,0,CN,2026-08-04,14007,205,0,2026-08-05 04:30:29.514014+00,0,,
338601646,0,CN,2026-08-04,14005,206,0,2026-08-05 04:30:29.514014+00,0,,
7838,0,CN,2026-08-04,14002,207,0,2026-08-05 04:30:29.514014+00,0,,
80614242,0,CN,2026-08-04,14002,208,0,2026-08-05 04:30:29.514014+00,0,,
232587334,0,CN,2026-08-04,14001,209,0,2026-08-05 04:30:29.514014+00,0,,
441887489,0,CN,2026-08-04,14000,210,0,2026-08-05 04:30:29.514014+00,0,,
10654,0,CN,2026-08-04,13975,211,0,2026-08-05 04:30:29.514014+00,0,,
5010469,0,CN,2026-08-04,13973,212,0,2026-08-05 04:30:29.514014+00,0,,
212066917,0,CN,2026-08-04,13967,213,0,2026-08-05 04:30:29.514014+00,0,,
275797080,0,CN,2026-08-04,13958,214,0,2026-08-05 04:30:29.514014+00,0,,
428890061,0,CN,2026-08-04,13936,215,0,2026-08-05 04:30:29.514014+00,0,,
25448541,0,CN,2026-08-04,13922,216,0,2026-08-05 04:30:29.514014+00,0,,
3878284,0,CN,2026-08-04,13912,217,0,2026-08-05 04:30:29.514014+00,0,,
230619028,0,CN,2026-08-04,13909,218,0,2026-08-05 04:30:29.514014+00,0,,
18270292,0,CN,2026-08-04,13897,219,0,2026-08-05 04:30:29.514014+00,0,,
316626,0,CN,2026-08-04,13896,220,0,2026-08-05 04:30:29.514014+00,0,,
5008186,0,CN,2026-08-04,13892,221,0,2026-08-05 04:30:29.514014+00,0,,
262506641,0,CN,2026-08-04,13892,222,0,2026-08-05 04:30:29.514014+00,0,,
436144421,0,CN,2026-08-04,13889,223,0,2026-08-05 04:30:29.514014+00,0,,
359857654,0,CN,2026-08-04,13889,224,0,2026-08-05 04:30:29.514014+00,0,,
5005210,0,CN,2026-08-04,13881,225,0,2026-08-05 04:30:29.514014+00,0,,
10381,0,CN,2026-08-04,13879,226,0,2026-08-05 04:30:29.514014+00,0,,
163310148,0,CN,2026-08-04,13870,227,0,2026-08-05 04:30:29.514014+00,0,,
355541604,0,CN,2026-08-04,13857,228,0,2026-08-05 04:30:29.514014+00,0,,
434761201,0,CN,2026-08-04,13826,229,0,2026-08-05 04:30:29.514014+00,0,,
2012348,0,CN,2026-08-04,13817,230,0,2026-08-05 04:30:29.514014+00,0,,
5006483,0,CN,2026-08-04,13816,231,0,2026-08-05 04:30:29.514014+00,0,,
3208,0,CN,2026-08-04,13803,232,0,2026-08-05 04:30:29.514014+00,0,,
274722254,0,CN,2026-08-04,13786,233,0,2026-08-05 04:30:29.514014+00,0,,
3301,0,CN,2026-08-04,13771,234,0,2026-08-05 04:30:29.514014+00,0,,
224241090,0,CN,2026-08-04,13767,235,0,2026-08-05 04:30:29.514014+00,0,,
242209411,0,CN,2026-08-04,13766,236,0,2026-08-05 04:30:29.514014+00,0,,
308337967,0,CN,2026-08-04,13756,237,0,2026-08-05 04:30:29.514014+00,0,,
282316769,0,CN,2026-08-04,13753,238,0,2026-08-05 04:30:29.514014+00,0,,
3726291,0,CN,2026-08-04,13717,239,0,2026-08-05 04:30:29.514014+00,0,,
10768,0,CN,2026-08-04,13716,240,0,2026-08-05 04:30:29.514014+00,0,,
11126,0,CN,2026-08-04,13712,241,0,2026-08-05 04:30:29.514014+00,0,,
362398353,0,CN,2026-08-04,13694,242,0,2026-08-05 04:30:29.514014+00,0,,
179225650,0,CN,2026-08-04,13687,243,0,2026-08-05 04:30:29.514014+00,0,,
301418793,0,CN,2026-08-04,13667,244,0,2026-08-05 04:30:29.514014+00,0,,
421686391,0,CN,2026-08-04,13664,245,0,2026-08-05 04:30:29.514014+00,0,,
9277,0,CN,2026-08-04,13663,246,0,2026-08-05 04:30:29.514014+00,0,,
274316181,0,CN,2026-08-04,13655,247,0,2026-08-05 04:30:29.514014+00,0,,
166763020,0,CN,2026-08-04,13644,248,0,2026-08-05 04:30:29.514014+00,0,,
350030568,0,CN,2026-08-04,13644,249,0,2026-08-05 04:30:29.514014+00,0,,
334543728,0,CN,2026-08-04,13642,250,0,2026-08-05 04:30:29.514014+00,0,,
275368431,0,CN,2026-08-04,13636,251,0,2026-08-05 04:30:29.514014+00,0,,
5006430,0,CN,2026-08-04,13633,252,0,2026-08-05 04:30:29.514014+00,0,,
328201691,0,CN,2026-08-04,13616,253,0,2026-08-05 04:30:29.514014+00,0,,
455551214,0,CN,2026-08-04,13613,254,0,2026-08-05 04:30:29.514014+00,0,,
205759541,0,CN,2026-08-04,13609,255,0,2026-08-05 04:30:29.514014+00,0,,
380584449,0,CN,2026-08-04,13601,256,0,2026-08-05 04:30:29.514014+00,0,,
5011290,0,CN,2026-08-04,13595,257,0,2026-08-05 04:30:29.514014+00,0,,
151262977,0,CN,2026-08-04,13592,258,0,2026-08-05 04:30:29.514014+00,0,,
423156728,0,CN,2026-08-04,13587,259,0,2026-08-05 04:30:29.514014+00,0,,
362761372,0,CN,2026-08-04,13577,260,0,2026-08-05 04:30:29.514014+00,0,,
3493,0,CN,2026-08-04,13558,261,0,2026-08-05 04:30:29.514014+00,0,,
3505422,0,CN,2026-08-04,13556,262,0,2026-08-05 04:30:29.514014+00,0,,
335310788,0,CN,2026-08-04,13546,263,0,2026-08-05 04:30:29.514014+00,0,,
5011761,0,CN,2026-08-04,13538,264,0,2026-08-05 04:30:29.514014+00,0,,
161205850,0,CN,2026-08-04,13534,265,0,2026-08-05 04:30:29.514014+00,0,,
5008431,0,CN,2026-08-04,13531,266,0,2026-08-05 04:30:29.514014+00,0,,
10426,0,CN,2026-08-04,13528,267,0,2026-08-05 04:30:29.514014+00,0,,
3384,0,CN,2026-08-04,13521,268,0,2026-08-05 04:30:29.514014+00,0,,
275893914,0,CN,2026-08-04,13521,269,0,2026-08-05 04:30:29.514014+00,0,,
200441968,0,CN,2026-08-04,13518,270,0,2026-08-05 04:30:29.514014+00,0,,
204571168,0,CN,2026-08-04,13509,271,0,2026-08-05 04:30:29.514014+00,0,,
3558,0,CN,2026-08-04,13506,272,0,2026-08-05 04:30:29.514014+00,0,,
26358661,0,CN,2026-08-04,13505,273,0,2026-08-05 04:30:29.514014+00,0,,
256885152,0,CN,2026-08-04,13501,274,0,2026-08-05 04:30:29.514014+00,0,,
5523362,0,CN,2026-08-04,13501,275,0,2026-08-05 04:30:29.514014+00,0,,
266730651,0,CN,2026-08-04,13501,276,0,2026-08-05 04:30:29.514014+00,0,,
59589334,0,CN,2026-08-04,13499,277,0,2026-08-05 04:30:29.514014+00,0,,
11178,0,CN,2026-08-04,13498,278,0,2026-08-05 04:30:29.514014+00,0,,
29585159,0,CN,2026-08-04,13491,279,0,2026-08-05 04:30:29.514014+00,0,,
289075459,0,CN,2026-08-04,13491,280,0,2026-08-05 04:30:29.514014+00,0,,
22488316,0,CN,2026-08-04,13490,281,0,2026-08-05 04:30:29.514014+00,0,,
431244711,0,CN,2026-08-04,13489,282,0,2026-08-05 04:30:29.514014+00,0,,
57609031,0,CN,2026-08-04,13473,283,0,2026-08-05 04:30:29.514014+00,0,,
262374055,0,CN,2026-08-04,13469,284,0,2026-08-05 04:30:29.514014+00,0,,
370353274,0,CN,2026-08-04,13449,285,0,2026-08-05 04:30:29.514014+00,0,,
360681158,0,CN,2026-08-04,13445,286,0,2026-08-05 04:30:29.514014+00,0,,
90971082,0,CN,2026-08-04,13428,287,0,2026-08-05 04:30:29.514014+00,0,,
153848837,0,CN,2026-08-04,13422,288,0,2026-08-05 04:30:29.514014+00,0,,
224420518,0,CN,2026-08-04,13415,289,0,2026-08-05 04:30:29.514014+00,0,,
231689718,0,CN,2026-08-04,13409,290,0,2026-08-05 04:30:29.514014+00,0,,
151312258,0,CN,2026-08-04,13407,291,0,2026-08-05 04:30:29.514014+00,0,,
8934,0,CN,2026-08-04,13406,292,0,2026-08-05 04:30:29.514014+00,0,,
5011120,0,CN,2026-08-04,13401,293,0,2026-08-05 04:30:29.514014+00,0,,
5009553,0,CN,2026-08-04,13392,294,0,2026-08-05 04:30:29.514014+00,0,,
153313650,0,CN,2026-08-04,13388,295,0,2026-08-05 04:30:29.514014+00,0,,
912194,0,CN,2026-08-04,13375,296,0,2026-08-05 04:30:29.514014+00,0,,
319230332,0,CN,2026-08-04,13372,297,0,2026-08-05 04:30:29.514014+00,0,,
227232688,0,CN,2026-08-04,13372,298,0,2026-08-05 04:30:29.514014+00,0,,
5005478,0,CN,2026-08-04,13361,299,0,2026-08-05 04:30:29.514014+00,0,,
247372249,0,CN,2026-08-04,13360,300,0,2026-08-05 04:30:29.514014+00,0,,
281810315,0,CN,2026-08-04,13355,301,0,2026-08-05 04:30:29.514014+00,0,,
10764,0,CN,2026-08-04,13352,302,0,2026-08-05 04:30:29.514014+00,0,,
9947,0,CN,2026-08-04,13347,303,0,2026-08-05 04:30:29.514014+00,0,,
281935097,0,CN,2026-08-04,13341,304,0,2026-08-05 04:30:29.514014+00,0,,
132445293,0,CN,2026-08-04,13335,305,0,2026-08-05 04:30:29.514014+00,0,,
73662436,0,CN,2026-08-04,13331,306,0,2026-08-05 04:30:29.514014+00,0,,
109213801,0,CN,2026-08-04,13324,307,0,2026-08-05 04:30:29.514014+00,0,,
433071874,0,CN,2026-08-04,13315,308,0,2026-08-05 04:30:29.514014+00,0,,
151458661,0,CN,2026-08-04,13313,309,0,2026-08-05 04:30:29.514014+00,0,,
104402,0,CN,2026-08-04,13309,310,0,2026-08-05 04:30:29.514014+00,0,,
18850893,0,CN,2026-08-04,13303,311,0,2026-08-05 04:30:29.514014+00,0,,
267270853,0,CN,2026-08-04,13303,312,0,2026-08-05 04:30:29.514014+00,0,,
163453627,0,CN,2026-08-04,13301,313,0,2026-08-05 04:30:29.514014+00,0,,
447387885,0,CN,2026-08-04,13299,314,0,2026-08-05 04:30:29.514014+00,0,,
443334904,0,CN,2026-08-04,13286,315,0,2026-08-05 04:30:29.514014+00,0,,
11248,0,CN,2026-08-04,13278,316,0,2026-08-05 04:30:29.514014+00,0,,
298272470,0,CN,2026-08-04,13278,317,0,2026-08-05 04:30:29.514014+00,0,,
3482,0,CN,2026-08-04,13278,318,0,2026-08-05 04:30:29.514014+00,0,,
3524,0,CN,2026-08-04,13271,319,0,2026-08-05 04:30:29.514014+00,0,,
401885261,0,CN,2026-08-04,13267,320,0,2026-08-05 04:30:29.514014+00,0,,
217379065,0,CN,2026-08-04,13262,321,0,2026-08-05 04:30:29.514014+00,0,,
381727761,0,CN,2026-08-04,13262,322,0,2026-08-05 04:30:29.514014+00,0,,
8874,0,CN,2026-08-04,13261,323,0,2026-08-05 04:30:29.514014+00,0,,
5428295,0,CN,2026-08-04,13254,324,0,2026-08-05 04:30:29.514014+00,0,,
196372455,0,CN,2026-08-04,13254,325,0,2026-08-05 04:30:29.514014+00,0,,
48251273,0,CN,2026-08-04,13251,326,0,2026-08-05 04:30:29.514014+00,0,,
5008490,0,CN,2026-08-04,13247,327,0,2026-08-05 04:30:29.514014+00,0,,
170755493,0,CN,2026-08-04,13244,328,0,2026-08-05 04:30:29.514014+00,0,,
5010554,0,CN,2026-08-04,13243,329,0,2026-08-05 04:30:29.514014+00,0,,
32941304,0,CN,2026-08-04,13242,330,0,2026-08-05 04:30:29.514014+00,0,,
94211331,0,CN,2026-08-04,13241,331,0,2026-08-05 04:30:29.514014+00,0,,
368099106,0,CN,2026-08-04,13234,332,0,2026-08-05 04:30:29.514014+00,0,,
8029,0,CN,2026-08-04,13228,333,0,2026-08-05 04:30:29.514014+00,0,,
9675049,0,CN,2026-08-04,13226,334,0,2026-08-05 04:30:29.514014+00,0,,
174173708,0,CN,2026-08-04,13223,335,0,2026-08-05 04:30:29.514014+00,0,,
7016785,0,CN,2026-08-04,13221,336,0,2026-08-05 04:30:29.514014+00,0,,
83919800,0,CN,2026-08-04,13221,337,0,2026-08-05 04:30:29.514014+00,0,,
155418902,0,CN,2026-08-04,13219,338,0,2026-08-05 04:30:29.514014+00,0,,
8243,0,CN,2026-08-04,13214,339,0,2026-08-05 04:30:29.514014+00,0,,
10491,0,CN,2026-08-04,13209,340,0,2026-08-05 04:30:29.514014+00,0,,
10762,0,CN,2026-08-04,13206,341,0,2026-08-05 04:30:29.514014+00,0,,
280434704,0,CN,2026-08-04,13203,342,0,2026-08-05 04:30:29.514014+00,0,,
10992,0,CN,2026-08-04,13197,343,0,2026-08-05 04:30:29.514014+00,0,,
159046851,0,CN,2026-08-04,13194,344,0,2026-08-05 04:30:29.514014+00,0,,
5007628,0,CN,2026-08-04,13192,345,0,2026-08-05 04:30:29.514014+00,0,,
216350187,0,CN,2026-08-04,13190,346,0,2026-08-05 04:30:29.514014+00,0,,
366740504,0,CN,2026-08-04,13185,347,0,2026-08-05 04:30:29.514014+00,0,,
429342051,0,CN,2026-08-04,13183,348,0,2026-08-05 04:30:29.514014+00,0,,
253595834,0,CN,2026-08-04,13181,349,0,2026-08-05 04:30:29.514014+00,0,,
420236332,0,CN,2026-08-04,13180,350,0,2026-08-05 04:30:29.514014+00,0,,
5007282,0,CN,2026-08-04,13179,351,0,2026-08-05 04:30:29.514014+00,0,,
8829,0,CN,2026-08-04,13176,352,0,2026-08-05 04:30:29.514014+00,0,,
463917927,0,CN,2026-08-04,13167,353,0,2026-08-05 04:30:29.514014+00,0,,
8803,0,CN,2026-08-04,13166,354,0,2026-08-05 04:30:29.514014+00,0,,
45592259,0,CN,2026-08-04,13164,355,0,2026-08-05 04:30:29.514014+00,0,,
10772,0,CN,2026-08-04,13161,356,0,2026-08-05 04:30:29.514014+00,0,,
222170076,0,CN,2026-08-04,13158,357,0,2026-08-05 04:30:29.514014+00,0,,
444503326,0,CN,2026-08-04,13158,358,0,2026-08-05 04:30:29.514014+00,0,,
389728656,0,CN,2026-08-04,13155,359,0,2026-08-05 04:30:29.514014+00,0,,
316073001,0,CN,2026-08-04,13153,360,0,2026-08-05 04:30:29.514014+00,0,,
274394612,0,CN,2026-08-04,13148,361,0,2026-08-05 04:30:29.514014+00,0,,
10400,0,CN,2026-08-04,13147,362,0,2026-08-05 04:30:29.514014+00,0,,
10411,0,CN,2026-08-04,13147,363,0,2026-08-05 04:30:29.514014+00,0,,
91125710,0,CN,2026-08-04,13145,364,0,2026-08-05 04:30:29.514014+00,0,,
11088,0,CN,2026-08-04,13145,365,0,2026-08-05 04:30:29.514014+00,0,,
5007856,0,CN,2026-08-04,13144,366,0,2026-08-05 04:30:29.514014+00,0,,
10489,0,CN,2026-08-04,13135,367,0,2026-08-05 04:30:29.514014+00,0,,
5011158,0,CN,2026-08-04,13131,368,0,2026-08-05 04:30:29.514014+00,0,,
11037,0,CN,2026-08-04,13128,369,0,2026-08-05 04:30:29.514014+00,0,,
10753,0,CN,2026-08-04,13128,370,0,2026-08-05 04:30:29.514014+00,0,,
5006411,0,CN,2026-08-04,13126,371,0,2026-08-05 04:30:29.514014+00,0,,
3472,0,CN,2026-08-04,13126,372,0,2026-08-05 04:30:29.514014+00,0,,
271044044,0,CN,2026-08-04,13124,373,0,2026-08-05 04:30:29.514014+00,0,,
153926378,0,CN,2026-08-04,13123,374,0,2026-08-05 04:30:29.514014+00,0,,
461398422,0,CN,2026-08-04,13109,375,0,2026-08-05 04:30:29.514014+00,0,,
274782989,0,CN,2026-08-04,13108,376,0,2026-08-05 04:30:29.514014+00,0,,
276896613,0,CN,2026-08-04,13106,377,0,2026-08-05 04:30:29.514014+00,0,,
282748675,0,CN,2026-08-04,13105,378,0,2026-08-05 04:30:29.514014+00,0,,
10787,0,CN,2026-08-04,13103,379,0,2026-08-05 04:30:29.514014+00,0,,
5011405,0,CN,2026-08-04,13100,380,0,2026-08-05 04:30:29.514014+00,0,,
593888,0,CN,2026-08-04,13096,381,0,2026-08-05 04:30:29.514014+00,0,,
157482380,0,CN,2026-08-04,13095,382,0,2026-08-05 04:30:29.514014+00,0,,
274114421,0,CN,2026-08-04,13094,383,0,2026-08-05 04:30:29.514014+00,0,,
13037856,0,CN,2026-08-04,13089,384,0,2026-08-05 04:30:29.514014+00,0,,
223381179,0,CN,2026-08-04,13088,385,0,2026-08-05 04:30:29.514014+00,0,,
151085729,0,CN,2026-08-04,13087,386,0,2026-08-05 04:30:29.514014+00,0,,
270308930,0,CN,2026-08-04,13087,387,0,2026-08-05 04:30:29.514014+00,0,,
366204358,0,CN,2026-08-04,13083,388,0,2026-08-05 04:30:29.514014+00,0,,
455284280,0,CN,2026-08-04,13082,389,0,2026-08-05 04:30:29.514014+00,0,,
463735679,0,CN,2026-08-04,13076,390,0,2026-08-05 04:30:29.514014+00,0,,
247414082,0,CN,2026-08-04,13075,391,0,2026-08-05 04:30:29.514014+00,0,,
275999371,0,CN,2026-08-04,13069,392,0,2026-08-05 04:30:29.514014+00,0,,
449467913,0,CN,2026-08-04,13068,393,0,2026-08-05 04:30:29.514014+00,0,,
336917678,0,CN,2026-08-04,13067,394,0,2026-08-05 04:30:29.514014+00,0,,
13770955,0,CN,2026-08-04,13065,395,0,2026-08-05 04:30:29.514014+00,0,,
283680301,0,CN,2026-08-04,13059,396,0,2026-08-05 04:30:29.514014+00,0,,
233753811,0,CN,2026-08-04,13058,397,0,2026-08-05 04:30:29.514014+00,0,,
10916,0,CN,2026-08-04,13056,398,0,2026-08-05 04:30:29.514014+00,0,,
10695,0,CN,2026-08-04,13056,399,0,2026-08-05 04:30:29.514014+00,0,,
461491102,0,CN,2026-08-04,13054,400,0,2026-08-05 04:30:29.514014+00,0,,
29618477,0,CN,2026-08-04,13053,401,0,2026-08-05 04:30:29.514014+00,0,,
5011242,0,CN,2026-08-04,13051,402,0,2026-08-05 04:30:29.514014+00,0,,
361225467,0,CN,2026-08-04,13045,403,0,2026-08-05 04:30:29.514014+00,0,,
12739119,0,CN,2026-08-04,13044,404,0,2026-08-05 04:30:29.514014+00,0,,
5005763,0,CN,2026-08-04,13044,405,0,2026-08-05 04:30:29.514014+00,0,,
11098,0,CN,2026-08-04,13042,406,0,2026-08-05 04:30:29.514014+00,0,,
151513146,0,CN,2026-08-04,13039,407,0,2026-08-05 04:30:29.514014+00,0,,
124303890,0,CN,2026-08-04,13039,408,0,2026-08-05 04:30:29.514014+00,0,,
3308,0,CN,2026-08-04,13038,409,0,2026-08-05 04:30:29.514014+00,0,,
5007835,0,CN,2026-08-04,13038,410,0,2026-08-05 04:30:29.514014+00,0,,
10698,0,CN,2026-08-04,13031,411,0,2026-08-05 04:30:29.514014+00,0,,
360408842,0,CN,2026-08-04,13027,412,0,2026-08-05 04:30:29.514014+00,0,,
401120994,0,CN,2026-08-04,13025,413,0,2026-08-05 04:30:29.514014+00,0,,
1132644,0,CN,2026-08-04,13023,414,0,2026-08-05 04:30:29.514014+00,0,,
218141249,0,CN,2026-08-04,13023,415,0,2026-08-05 04:30:29.514014+00,0,,
10668,0,CN,2026-08-04,13022,416,0,2026-08-05 04:30:29.514014+00,0,,
385965528,0,CN,2026-08-04,13021,417,0,2026-08-05 04:30:29.514014+00,0,,
272393123,0,CN,2026-08-04,13020,418,0,2026-08-05 04:30:29.514014+00,0,,
5011046,0,CN,2026-08-04,13020,419,0,2026-08-05 04:30:29.514014+00,0,,
457082998,0,CN,2026-08-04,13020,420,0,2026-08-05 04:30:29.514014+00,0,,
10603,0,CN,2026-08-04,13018,421,0,2026-08-05 04:30:29.514014+00,0,,
5006640,0,CN,2026-08-04,13018,422,0,2026-08-05 04:30:29.514014+00,0,,
335248269,0,CN,2026-08-04,13013,423,0,2026-08-05 04:30:29.514014+00,0,,
7845,0,CN,2026-08-04,13013,424,0,2026-08-05 04:30:29.514014+00,0,,
463467184,0,CN,2026-08-04,13012,425,0,2026-08-05 04:30:29.514014+00,0,,
9751,0,CN,2026-08-04,13011,426,0,2026-08-05 04:30:29.514014+00,0,,
10671,0,CN,2026-08-04,13007,427,0,2026-08-05 04:30:29.514014+00,0,,
467494155,0,CN,2026-08-04,13002,428,0,2026-08-05 04:30:29.514014+00,0,,
430973439,0,CN,2026-08-04,13002,429,0,2026-08-05 04:30:29.514014+00,0,,
111981812,0,CN,2026-08-04,13001,430,0,2026-08-05 04:30:29.514014+00,0,,
351935232,0,CN,2026-08-04,13000,431,0,2026-08-05 04:30:29.514014+00,0,,
38636415,0,CN,2026-08-04,13000,432,0,2026-08-05 04:30:29.514014+00,0,,
5009566,0,CN,2026-08-04,12997,433,0,2026-08-05 04:30:29.514014+00,0,,
9141,0,CN,2026-08-04,12990,434,0,2026-08-05 04:30:29.514014+00,0,,
249561907,0,CN,2026-08-04,12989,435,0,2026-08-05 04:30:29.514014+00,0,,
276536389,0,CN,2026-08-04,12982,436,0,2026-08-05 04:30:29.514014+00,0,,
259987801,0,CN,2026-08-04,12979,437,0,2026-08-05 04:30:29.514014+00,0,,
5010271,0,CN,2026-08-04,12974,438,0,2026-08-05 04:30:29.514014+00,0,,
268125407,0,CN,2026-08-04,12967,439,0,2026-08-05 04:30:29.514014+00,0,,
10399,0,CN,2026-08-04,12966,440,0,2026-08-05 04:30:29.514014+00,0,,
343519937,0,CN,2026-08-04,12966,441,0,2026-08-05 04:30:29.514014+00,0,,
107259334,0,CN,2026-08-04,12964,442,0,2026-08-05 04:30:29.514014+00,0,,
165739132,0,CN,2026-08-04,12960,443,0,2026-08-05 04:30:29.514014+00,0,,
10588,0,CN,2026-08-04,12951,444,0,2026-08-05 04:30:29.514014+00,0,,
165074146,0,CN,2026-08-04,12948,445,0,2026-08-05 04:30:29.514014+00,0,,
433342700,0,CN,2026-08-04,12944,446,0,2026-08-05 04:30:29.514014+00,0,,
9432,0,CN,2026-08-04,12935,447,0,2026-08-05 04:30:29.514014+00,0,,
274181913,0,CN,2026-08-04,12934,448,0,2026-08-05 04:30:29.514014+00,0,,
453595498,0,CN,2026-08-04,12930,449,0,2026-08-05 04:30:29.514014+00,0,,
151124965,0,CN,2026-08-04,12924,450,0,2026-08-05 04:30:29.514014+00,0,,
275504871,0,CN,2026-08-04,12918,451,0,2026-08-05 04:30:29.514014+00,0,,
324661481,0,CN,2026-08-04,12916,452,0,2026-08-05 04:30:29.514014+00,0,,
392303516,0,CN,2026-08-04,12911,453,0,2026-08-05 04:30:29.514014+00,0,,
429071275,0,CN,2026-08-04,12908,454,0,2026-08-05 04:30:29.514014+00,0,,
384883590,0,CN,2026-08-04,12907,455,0,2026-08-05 04:30:29.514014+00,0,,
145526665,0,CN,2026-08-04,12906,456,0,2026-08-05 04:30:29.514014+00,0,,
373697993,0,CN,2026-08-04,12892,457,0,2026-08-05 04:30:29.514014+00,0,,
455282883,0,CN,2026-08-04,12892,458,0,2026-08-05 04:30:29.514014+00,0,,
158912031,0,CN,2026-08-04,12889,459,0,2026-08-05 04:30:29.514014+00,0,,
239246454,0,CN,2026-08-04,12888,460,0,2026-08-05 04:30:29.514014+00,0,,
467673682,0,CN,2026-08-04,12886,461,0,2026-08-05 04:30:29.514014+00,0,,
180138938,0,CN,2026-08-04,12885,462,0,2026-08-05 04:30:29.514014+00,0,,
76269547,0,CN,2026-08-04,12883,463,0,2026-08-05 04:30:29.514014+00,0,,
423878319,0,CN,2026-08-04,12883,464,0,2026-08-05 04:30:29.514014+00,0,,
427346969,0,CN,2026-08-04,12882,465,0,2026-08-05 04:30:29.514014+00,0,,
8246,0,CN,2026-08-04,12882,466,0,2026-08-05 04:30:29.514014+00,0,,
5008726,0,CN,2026-08-04,12874,467,0,2026-08-05 04:30:29.514014+00,0,,
10814,0,CN,2026-08-04,12873,468,0,2026-08-05 04:30:29.514014+00,0,,
342887724,0,CN,2026-08-04,12870,469,0,2026-08-05 04:30:29.514014+00,0,,
16222174,0,CN,2026-08-04,12866,470,0,2026-08-05 04:30:29.514014+00,0,,
157062286,0,CN,2026-08-04,12865,471,0,2026-08-05 04:30:29.514014+00,0,,
256890727,0,CN,2026-08-04,12859,476,0,2026-08-05 04:30:29.514014+00,0,,
340741614,0,CN,2026-08-04,12857,477,0,2026-08-05 04:30:29.514014+00,0,,
5011089,0,CN,2026-08-04,12850,478,0,2026-08-05 04:30:29.514014+00,0,,
258407615,0,CN,2026-08-04,12849,479,0,2026-08-05 04:30:29.514014+00,0,,
28309771,0,CN,2026-08-04,12834,484,0,2026-08-05 04:30:29.514014+00,0,,
5011813,0,CN,2026-08-04,12832,485,0,2026-08-05 04:30:29.514014+00,0,,
152097226,0,CN,2026-08-04,12830,486,0,2026-08-05 04:30:29.514014+00,0,,
422886438,0,CN,2026-08-04,12828,487,0,2026-08-05 04:30:29.514014+00,0,,
153965277,0,CN,2026-08-04,12818,492,0,2026-08-05 04:30:29.514014+00,0,,
232366352,0,CN,2026-08-04,12815,493,0,2026-08-05 04:30:29.514014+00,0,,
3518,0,CN,2026-08-04,12815,494,0,2026-08-05 04:30:29.514014+00,0,,
5009983,0,CN,2026-08-04,12809,495,0,2026-08-05 04:30:29.514014+00,0,,
470811908,0,CN,2026-08-04,12794,500,0,2026-08-05 04:30:29.514014+00,0,,
227540596,1,CN,2026-08-04,27754,1,0,2026-08-05 04:30:29.514014+00,0,,
9215458,1,CN,2026-08-04,24625,2,0,2026-08-05 04:30:29.514014+00,0,,
3517,1,CN,2026-08-04,23328,6,0,2026-08-05 04:30:29.514014+00,0,,
17596563,1,CN,2026-08-04,23189,7,0,2026-08-05 04:30:29.514014+00,0,,
283011039,1,CN,2026-08-04,22000,8,0,2026-08-05 04:30:29.514014+00,0,,
52277544,1,CN,2026-08-04,20773,11,0,2026-08-05 04:30:29.514014+00,0,,
276361855,1,CN,2026-08-04,20730,12,0,2026-08-05 04:30:29.514014+00,0,,
241044596,1,CN,2026-08-04,20366,15,0,2026-08-05 04:30:29.514014+00,0,,
11240,1,CN,2026-08-04,20342,16,0,2026-08-05 04:30:29.514014+00,0,,
10863,0,CN,2026-08-04,12865,472,0,2026-08-05 04:30:29.514014+00,0,,
437304429,0,CN,2026-08-04,12863,473,0,2026-08-05 04:30:29.514014+00,0,,
322799965,0,CN,2026-08-04,12863,474,0,2026-08-05 04:30:29.514014+00,0,,
239020900,0,CN,2026-08-04,12862,475,0,2026-08-05 04:30:29.514014+00,0,,
464816866,0,CN,2026-08-04,12848,480,0,2026-08-05 04:30:29.514014+00,0,,
362032663,0,CN,2026-08-04,12845,481,0,2026-08-05 04:30:29.514014+00,0,,
386755373,0,CN,2026-08-04,12844,482,0,2026-08-05 04:30:29.514014+00,0,,
80614041,0,CN,2026-08-04,12834,483,0,2026-08-05 04:30:29.514014+00,0,,
7954044,0,CN,2026-08-04,12825,488,0,2026-08-05 04:30:29.514014+00,0,,
407729048,0,CN,2026-08-04,12821,489,0,2026-08-05 04:30:29.514014+00,0,,
456902223,0,CN,2026-08-04,12821,490,0,2026-08-05 04:30:29.514014+00,0,,
22551475,0,CN,2026-08-04,12818,491,0,2026-08-05 04:30:29.514014+00,0,,
449991586,0,CN,2026-08-04,12809,496,0,2026-08-05 04:30:29.514014+00,0,,
5011148,0,CN,2026-08-04,12809,497,0,2026-08-05 04:30:29.514014+00,0,,
261248100,0,CN,2026-08-04,12805,498,0,2026-08-05 04:30:29.514014+00,0,,
5007513,0,CN,2026-08-04,12801,499,0,2026-08-05 04:30:29.514014+00,0,,
5005596,1,CN,2026-08-04,23677,3,0,2026-08-05 04:30:29.514014+00,0,,
151172211,1,CN,2026-08-04,23524,4,0,2026-08-05 04:30:29.514014+00,0,,
3461,1,CN,2026-08-04,23501,5,0,2026-08-05 04:30:29.514014+00,0,,
220637240,1,CN,2026-08-04,21358,9,0,2026-08-05 04:30:29.514014+00,0,,
5008133,1,CN,2026-08-04,21011,10,0,2026-08-05 04:30:29.514014+00,0,,
3065,1,CN,2026-08-04,20572,13,0,2026-08-05 04:30:29.514014+00,0,,
172787650,1,CN,2026-08-04,20428,14,0,2026-08-05 04:30:29.514014+00,0,,
263179246,1,CN,2026-08-04,20109,17,0,2026-08-05 04:30:29.514014+00,0,,
257414879,1,CN,2026-08-04,19815,18,0,2026-08-05 04:30:29.514014+00,0,,
151283681,1,CN,2026-08-04,19770,19,0,2026-08-05 04:30:29.514014+00,0,,
163538661,1,CN,2026-08-04,17050,38,0,2026-08-05 04:30:29.514014+00,0,,
3031,1,CN,2026-08-04,16998,39,0,2026-08-05 04:30:29.514014+00,0,,
274494035,1,CN,2026-08-04,16959,40,0,2026-08-05 04:30:29.514014+00,0,,
3431,1,CN,2026-08-04,16820,41,0,2026-08-05 04:30:29.514014+00,0,,
3376,1,CN,2026-08-04,16748,42,0,2026-08-05 04:30:29.514014+00,0,,
275304198,1,CN,2026-08-04,16746,43,0,2026-08-05 04:30:29.514014+00,0,,
11074,1,CN,2026-08-04,16727,44,0,2026-08-05 04:30:29.514014+00,0,,
10810,1,CN,2026-08-04,16691,45,0,2026-08-05 04:30:29.514014+00,0,,
3409,1,CN,2026-08-04,16379,46,0,2026-08-05 04:30:29.514014+00,0,,
277430821,1,CN,2026-08-04,16283,47,0,2026-08-05 04:30:29.514014+00,0,,
274235623,1,CN,2026-08-04,16178,48,0,2026-08-05 04:30:29.514014+00,0,,
277495879,1,CN,2026-08-04,16028,49,0,2026-08-05 04:30:29.514014+00,0,,
279035093,1,CN,2026-08-04,16021,50,0,2026-08-05 04:30:29.514014+00,0,,
1018030,1,CN,2026-08-04,16016,51,0,2026-08-05 04:30:29.514014+00,0,,
3382,1,CN,2026-08-04,15948,52,0,2026-08-05 04:30:29.514014+00,0,,
169923503,1,CN,2026-08-04,15837,53,0,2026-08-05 04:30:29.514014+00,0,,
3543,1,CN,2026-08-04,15719,54,0,2026-08-05 04:30:29.514014+00,0,,
282835649,1,CN,2026-08-04,14704,71,0,2026-08-05 04:30:29.514014+00,0,,
10677,1,CN,2026-08-04,14699,72,0,2026-08-05 04:30:29.514014+00,0,,
152069373,1,CN,2026-08-04,14599,73,0,2026-08-05 04:30:29.514014+00,0,,
276362148,1,CN,2026-08-04,14597,74,0,2026-08-05 04:30:29.514014+00,0,,
2949,1,CN,2026-08-04,14587,75,0,2026-08-05 04:30:29.514014+00,0,,
276362108,1,CN,2026-08-04,14557,76,0,2026-08-05 04:30:29.514014+00,0,,
347412168,1,CN,2026-08-04,14510,77,0,2026-08-05 04:30:29.514014+00,0,,
140666579,1,CN,2026-08-04,14488,78,0,2026-08-05 04:30:29.514014+00,0,,
39169751,1,CN,2026-08-04,14351,79,0,2026-08-05 04:30:29.514014+00,0,,
3377,1,CN,2026-08-04,14203,80,0,2026-08-05 04:30:29.514014+00,0,,
135376764,1,CN,2026-08-04,14198,81,0,2026-08-05 04:30:29.514014+00,0,,
126117882,1,CN,2026-08-04,14193,82,0,2026-08-05 04:30:29.514014+00,0,,
3030,1,CN,2026-08-04,19649,20,0,2026-08-05 04:30:29.514014+00,0,,
3399,1,CN,2026-08-04,19351,21,0,2026-08-05 04:30:29.514014+00,0,,
11030,1,CN,2026-08-04,18987,22,0,2026-08-05 04:30:29.514014+00,0,,
393475576,1,CN,2026-08-04,18565,23,0,2026-08-05 04:30:29.514014+00,0,,
3468,1,CN,2026-08-04,18318,24,0,2026-08-05 04:30:29.514014+00,0,,
151058942,1,CN,2026-08-04,18187,25,0,2026-08-05 04:30:29.514014+00,0,,
1096060,1,CN,2026-08-04,18132,26,0,2026-08-05 04:30:29.514014+00,0,,
26797206,1,CN,2026-08-04,18077,27,0,2026-08-05 04:30:29.514014+00,0,,
151304489,1,CN,2026-08-04,17921,28,0,2026-08-05 04:30:29.514014+00,0,,
224331870,1,CN,2026-08-04,17919,29,0,2026-08-05 04:30:29.514014+00,0,,
276219699,1,CN,2026-08-04,17910,30,0,2026-08-05 04:30:29.514014+00,0,,
336392166,1,CN,2026-08-04,17822,31,0,2026-08-05 04:30:29.514014+00,0,,
3400,1,CN,2026-08-04,17813,32,0,2026-08-05 04:30:29.514014+00,0,,
3523,1,CN,2026-08-04,17726,33,0,2026-08-05 04:30:29.514014+00,0,,
107759595,1,CN,2026-08-04,17585,34,0,2026-08-05 04:30:29.514014+00,0,,
11151,1,CN,2026-08-04,17310,35,0,2026-08-05 04:30:29.514014+00,0,,
5011046,1,CN,2026-08-04,17308,36,0,2026-08-05 04:30:29.514014+00,0,,
283011016,1,CN,2026-08-04,17283,37,0,2026-08-05 04:30:29.514014+00,0,,
742310,1,CN,2026-08-04,15703,55,0,2026-08-05 04:30:29.514014+00,0,,
9673,1,CN,2026-08-04,15698,56,0,2026-08-05 04:30:29.514014+00,0,,
3441,1,CN,2026-08-04,15444,57,0,2026-08-05 04:30:29.514014+00,0,,
231287602,1,CN,2026-08-04,15421,58,0,2026-08-05 04:30:29.514014+00,0,,
5006449,1,CN,2026-08-04,15342,59,0,2026-08-05 04:30:29.514014+00,0,,
352389280,1,CN,2026-08-04,15325,60,0,2026-08-05 04:30:29.514014+00,0,,
11087,1,CN,2026-08-04,15202,61,0,2026-08-05 04:30:29.514014+00,0,,
290110526,1,CN,2026-08-04,15184,62,0,2026-08-05 04:30:29.514014+00,0,,
5008861,1,CN,2026-08-04,15101,63,0,2026-08-05 04:30:29.514014+00,0,,
3429,1,CN,2026-08-04,15096,64,0,2026-08-05 04:30:29.514014+00,0,,
443065708,1,CN,2026-08-04,15003,65,0,2026-08-05 04:30:29.514014+00,0,,
347591270,1,CN,2026-08-04,14998,66,0,2026-08-05 04:30:29.514014+00,0,,
421233214,1,CN,2026-08-04,14942,67,0,2026-08-05 04:30:29.514014+00,0,,
274181913,1,CN,2026-08-04,14858,68,0,2026-08-05 04:30:29.514014+00,0,,
152014652,1,CN,2026-08-04,14856,69,0,2026-08-05 04:30:29.514014+00,0,,
297496878,1,CN,2026-08-04,14837,70,0,2026-08-05 04:30:29.514014+00,0,,
29778505,1,CN,2026-08-04,14176,83,0,2026-08-05 04:30:29.514014+00,0,,
446146396,1,CN,2026-08-04,14130,84,0,2026-08-05 04:30:29.514014+00,0,,
3365,1,CN,2026-08-04,14111,85,0,2026-08-05 04:30:29.514014+00,0,,
9843,1,CN,2026-08-04,14103,86,0,2026-08-05 04:30:29.514014+00,0,,
23581624,1,CN,2026-08-04,14095,87,0,2026-08-05 04:30:29.514014+00,0,,
233173484,1,CN,2026-08-04,14047,88,0,2026-08-05 04:30:29.514014+00,0,,
3512,1,CN,2026-08-04,14025,89,0,2026-08-05 04:30:29.514014+00,0,,
66141656,1,CN,2026-08-04,14018,90,0,2026-08-05 04:30:29.514014+00,0,,
469467427,1,CN,2026-08-04,13902,91,0,2026-08-05 04:30:29.514014+00,0,,
3870980,1,CN,2026-08-04,13876,92,0,2026-08-05 04:30:29.514014+00,0,,
96799060,1,CN,2026-08-04,13874,93,0,2026-08-05 04:30:29.514014+00,0,,
11114,1,CN,2026-08-04,13852,94,0,2026-08-05 04:30:29.514014+00,0,,
10493,1,CN,2026-08-04,13760,95,0,2026-08-05 04:30:29.514014+00,0,,
151194635,1,CN,2026-08-04,13759,96,0,2026-08-05 04:30:29.514014+00,0,,
10519,1,CN,2026-08-04,13700,97,0,2026-08-05 04:30:29.514014+00,0,,
10956,1,CN,2026-08-04,13671,98,0,2026-08-05 04:30:29.514014+00,0,,
133658834,1,CN,2026-08-04,13654,99,0,2026-08-05 04:30:29.514014+00,0,,
391309212,1,CN,2026-08-04,13652,100,0,2026-08-05 04:30:29.514014+00,0,,
