player_id,game_mode,region,snapshot_time,rating
2827,0,NA,2026-08-05 03:37:31.133359+00,20013
73,0,NA,2026-08-05 03:37:31.133386+00,19577
3278,0,NA,2026-08-05 03:37:31.133391+00,18007
3289,0,NA,2026-08-05 03:37:31.133395+00,17113
36,0,NA,2026-08-05 03:37:31.133398+00,16893
3251,0,NA,2026-08-05 03:37:31.133401+00,16511
214242296,0,NA,2026-08-05 03:37:31.133404+00,16154
3164,0,NA,2026-08-05 03:37:31.133408+00,16077
3173662,0,NA,2026-08-05 03:37:31.133411+00,15742
72256497,0,NA,2026-08-05 03:37:31.133415+00,15734
150,0,NA,2026-08-05 03:37:31.133418+00,15628
3068,0,NA,2026-08-05 03:37:31.13342+00,15613
206112057,0,NA,2026-08-05 03:37:31.133424+00,15583
74443142,0,NA,2026-08-05 03:37:31.133427+00,15491
3173,0,NA,2026-08-05 03:37:31.13343+00,15318
3311,0,NA,2026-08-05 03:37:31.133433+00,15290
274493837,0,NA,2026-08-05 03:37:31.133437+00,15091
9583,0,NA,2026-08-05 03:37:31.13344+00,15085
9593,0,NA,2026-08-05 03:37:31.133443+00,15083
273548389,0,NA,2026-08-05 03:37:31.133447+00,15070
165931368,0,NA,2026-08-05 03:37:31.13345+00,15012
79,0,NA,2026-08-05 03:37:31.133453+00,14901
3112,0,NA,2026-08-05 03:37:31.133457+00,14807
402708915,0,NA,2026-08-05 03:37:31.13346+00,14732
279688111,0,NA,2026-08-05 03:37:31.133463+00,14555
99,0,NA,2026-08-05 03:37:33.27374+00,14402
3208,0,NA,2026-08-05 03:37:33.273765+00,14195
3149,0,NA,2026-08-05 03:37:33.27377+00,14130
2807,0,NA,2026-08-05 03:37:33.273773+00,14100
2974,0,NA,2026-08-05 03:37:33.273776+00,14072
3174068,0,NA,2026-08-05 03:37:33.273779+00,14041
8013,0,NA,2026-08-05 03:37:33.273782+00,14002
5010923,0,NA,2026-08-05 03:37:33.273785+00,13970
176492173,0,NA,2026-08-05 03:37:33.273789+00,13957
8141,0,NA,2026-08-05 03:37:33.273792+00,13848
9966,0,NA,2026-08-05 03:37:33.273795+00,13780
51897079,0,NA,2026-08-05 03:37:33.273797+00,13708
140,0,NA,2026-08-05 03:37:33.273802+00,13700
155292439,0,NA,2026-08-05 03:37:33.273805+00,13622
165408714,0,NA,2026-08-05 03:37:33.273808+00,13453
10180,0,NA,2026-08-05 03:37:33.273811+00,13443
2924,0,NA,2026-08-05 03:37:33.273814+00,13434
10102,0,NA,2026-08-05 03:37:33.273817+00,13372
5010554,0,NA,2026-08-05 03:37:33.27382+00,13355
2832,0,NA,2026-08-05 03:37:33.273823+00,13353
3130,0,NA,2026-08-05 03:37:33.273826+00,13287
394412122,0,NA,2026-08-05 03:37:33.273829+00,13240
6993178,0,NA,2026-08-05 03:37:33.273832+00,13227
141074875,0,NA,2026-08-05 03:37:33.273834+00,13193
270477972,0,NA,2026-08-05 03:37:33.273837+00,13185
23225876,0,NA,2026-08-05 03:37:34.338239+00,13168
160817716,0,NA,2026-08-05 03:37:34.338261+00,13150
175874742,0,NA,2026-08-05 03:37:34.338265+00,13125
3154,0,NA,2026-08-05 03:37:34.338269+00,13104
213752815,0,NA,2026-08-05 03:37:34.338271+00,13041
333118258,0,NA,2026-08-05 03:37:34.338274+00,13020
134490256,0,NA,2026-08-05 03:37:34.338277+00,13013
38097290,0,NA,2026-08-05 03:37:34.33828+00,12972
294600692,0,NA,2026-08-05 03:37:34.338283+00,12913
3082,0,NA,2026-08-05 03:37:34.338286+00,12912
7886,0,NA,2026-08-05 03:37:34.338289+00,12906
25,0,NA,2026-08-05 03:37:34.338292+00,12894
8212,0,NA,2026-08-05 03:37:34.338295+00,12867
3283,0,NA,2026-08-05 03:37:34.338298+00,12864
152001494,0,NA,2026-08-05 03:37:34.338301+00,12862
2898,0,NA,2026-08-05 03:37:34.338304+00,12862
2960,0,NA,2026-08-05 03:37:34.338307+00,12763
48375072,0,NA,2026-08-05 03:37:34.338309+00,12720
113296149,0,NA,2026-08-05 03:37:34.338312+00,12719
9148,0,NA,2026-08-05 03:37:34.338315+00,12711
7,0,NA,2026-08-05 03:37:34.338318+00,12673
24241026,0,NA,2026-08-05 03:37:34.338321+00,12653
9793,0,NA,2026-08-05 03:37:34.338324+00,12601
3144,0,NA,2026-08-05 03:37:34.338327+00,12587
4221389,0,NA,2026-08-05 03:37:34.33833+00,12563
3635192,0,NA,2026-08-05 03:37:35.95535+00,12562
12615139,0,NA,2026-08-05 03:37:35.955372+00,12494
6862705,0,NA,2026-08-05 03:37:35.955378+00,12485
12193312,0,NA,2026-08-05 03:37:35.955381+00,12483
8191930,0,NA,2026-08-05 03:37:35.955384+00,12462
8749,0,NA,2026-08-05 03:37:35.955387+00,12451
5304076,0,NA,2026-08-05 03:37:35.95539+00,12431
7922,0,NA,2026-08-05 03:37:35.955393+00,12387
299696440,0,NA,2026-08-05 03:37:35.955395+00,12383
2980,0,NA,2026-08-05 03:37:35.955398+00,12382
2831,0,NA,2026-08-05 03:37:35.9554+00,12370
11004,0,NA,2026-08-05 03:37:35.955404+00,12366
33790979,0,NA,2026-08-05 03:37:35.955408+00,12363
334709464,0,NA,2026-08-05 03:37:35.95541+00,12346
274617423,0,NA,2026-08-05 03:37:35.955413+00,12338
8045,0,NA,2026-08-05 03:37:35.955416+00,12333
134664160,0,NA,2026-08-05 03:37:35.955419+00,12260
25616498,0,NA,2026-08-05 03:37:35.955422+00,12227
430323911,0,NA,2026-08-05 03:37:35.955425+00,12227
4844239,0,NA,2026-08-05 03:37:35.955427+00,12196
350550356,0,NA,2026-08-05 03:37:35.95543+00,12191
344819892,0,NA,2026-08-05 03:37:35.955433+00,12184
3173907,0,NA,2026-08-05 03:37:35.955435+00,12167
286420110,0,NA,2026-08-05 03:37:35.955438+00,12146
152653579,0,NA,2026-08-05 03:37:35.955441+00,12142
349106359,0,NA,2026-08-05 03:37:36.933068+00,12135
174144731,0,NA,2026-08-05 03:37:36.933096+00,12126
8841235,0,NA,2026-08-05 03:37:36.9331+00,12119
3284,0,NA,2026-08-05 03:37:36.933103+00,12118
9223,0,NA,2026-08-05 03:37:36.933106+00,12117
81993492,0,NA,2026-08-05 03:37:36.933109+00,12102
8733,0,NA,2026-08-05 03:37:36.933112+00,12083
9076,0,NA,2026-08-05 03:37:36.933115+00,12083
192268475,0,NA,2026-08-05 03:37:36.933117+00,12079
2958,0,NA,2026-08-05 03:37:36.933124+00,12069
141,0,NA,2026-08-05 03:37:36.933127+00,12068
9070,0,NA,2026-08-05 03:37:36.93313+00,12064
298944715,0,NA,2026-08-05 03:37:36.933132+00,12062
22840595,0,NA,2026-08-05 03:37:36.933135+00,12060
7482769,0,NA,2026-08-05 03:37:36.933138+00,12050
305579880,0,NA,2026-08-05 03:37:36.933141+00,12048
51853059,0,NA,2026-08-05 03:37:36.933144+00,12021
192383097,0,NA,2026-08-05 03:37:36.933147+00,12016
3174955,0,NA,2026-08-05 03:37:36.93315+00,12007
3191,0,NA,2026-08-05 03:37:36.933153+00,12002
129153872,0,NA,2026-08-05 03:37:36.933155+00,12002
414326893,0,NA,2026-08-05 03:37:36.933158+00,11989
3286,0,NA,2026-08-05 03:37:36.933161+00,11989
3173843,0,NA,2026-08-05 03:37:36.933163+00,11942
34863216,0,NA,2026-08-05 03:37:36.933166+00,11940
8925,0,NA,2026-08-05 03:37:37.798695+00,11921
160415411,0,NA,2026-08-05 03:37:37.798718+00,11916
178130545,0,NA,2026-08-05 03:37:37.798721+00,11912
13385140,0,NA,2026-08-05 03:37:37.798724+00,11909
8177,0,NA,2026-08-05 03:37:37.798729+00,11896
19109679,0,NA,2026-08-05 03:37:37.798731+00,11873
224987514,0,NA,2026-08-05 03:37:37.798734+00,11865
285615016,0,NA,2026-08-05 03:37:37.798736+00,11829
1385410,0,NA,2026-08-05 03:37:37.798739+00,11801
5687693,0,NA,2026-08-05 03:37:37.798741+00,11780
3287,0,NA,2026-08-05 03:37:37.798756+00,11770
4951489,0,NA,2026-08-05 03:37:37.798759+00,11765
10326,0,NA,2026-08-05 03:37:37.798763+00,11734
3357,0,NA,2026-08-05 03:37:37.798766+00,11686
9498,0,NA,2026-08-05 03:37:37.798768+00,11684
285925701,0,NA,2026-08-05 03:37:37.798771+00,11659
4487939,0,NA,2026-08-05 03:37:37.798773+00,11658
9786,0,NA,2026-08-05 03:37:37.798776+00,11642
801280,0,NA,2026-08-05 03:37:37.798779+00,11629
8778,0,NA,2026-08-05 03:37:37.798781+00,11622
10342,0,NA,2026-08-05 03:37:37.798784+00,11607
16990580,0,NA,2026-08-05 03:37:37.798786+00,11606
3173686,0,NA,2026-08-05 03:37:37.798789+00,11601
2873,0,NA,2026-08-05 03:37:37.798791+00,11580
69996092,0,NA,2026-08-05 03:37:37.798796+00,11567
26060124,0,NA,2026-08-05 03:37:38.659155+00,11551
18986995,0,NA,2026-08-05 03:37:38.659177+00,11548
212921387,0,NA,2026-08-05 03:37:38.65918+00,11545
77730098,0,NA,2026-08-05 03:37:38.659183+00,11525
88633345,0,NA,2026-08-05 03:37:38.659186+00,11516
12625755,0,NA,2026-08-05 03:37:38.659189+00,11498
28646592,0,NA,2026-08-05 03:37:38.659192+00,11498
247762142,0,NA,2026-08-05 03:37:38.659195+00,11456
2834,0,NA,2026-08-05 03:37:38.659197+00,11444
318752116,0,NA,2026-08-05 03:37:38.6592+00,11438
2996,0,NA,2026-08-05 03:37:38.659203+00,11438
339839595,0,NA,2026-08-05 03:37:38.659206+00,11435
168048831,0,NA,2026-08-05 03:37:38.659208+00,11427
8195,0,NA,2026-08-05 03:37:38.659211+00,11383
14368892,0,NA,2026-08-05 03:37:38.659214+00,11377
8762,0,NA,2026-08-05 03:37:38.659216+00,11373
38398160,0,NA,2026-08-05 03:37:38.659219+00,11371
46401423,0,NA,2026-08-05 03:37:38.659222+00,11363
347291677,0,NA,2026-08-05 03:37:38.659225+00,11349
44664524,0,NA,2026-08-05 03:37:38.659228+00,11346
155463410,0,NA,2026-08-05 03:37:38.65923+00,11343
27943635,0,NA,2026-08-05 03:37:38.659234+00,11326
266444149,0,NA,2026-08-05 03:37:38.659236+00,11324
269971791,0,NA,2026-08-05 03:37:38.65924+00,11314
7841,0,NA,2026-08-05 03:37:38.659243+00,11310
63879933,0,NA,2026-08-05 03:37:40.733963+00,11305
7923,0,NA,2026-08-05 03:37:40.73399+00,11304
8409,0,NA,2026-08-05 03:37:40.733995+00,11288
9642,0,NA,2026-08-05 03:37:40.733998+00,11277
253386624,0,NA,2026-08-05 03:37:40.734001+00,11271
208416373,0,NA,2026-08-05 03:37:40.734008+00,11266
8196,0,NA,2026-08-05 03:37:40.734011+00,11264
5010793,0,NA,2026-08-05 03:37:40.734014+00,11245
33472974,0,NA,2026-08-05 03:37:40.734017+00,11219
9226,0,NA,2026-08-05 03:37:40.73402+00,11195
30973382,0,NA,2026-08-05 03:37:40.734023+00,11193
7994,0,NA,2026-08-05 03:37:40.734026+00,11190
10133,0,NA,2026-08-05 03:37:40.734029+00,11187
2938,0,NA,2026-08-05 03:37:40.734032+00,11172
159133839,0,NA,2026-08-05 03:37:40.734035+00,11169
11700110,0,NA,2026-08-05 03:37:40.734038+00,11169
134332855,0,NA,2026-08-05 03:37:40.734041+00,11159
29119989,0,NA,2026-08-05 03:37:40.734044+00,11151
13436310,0,NA,2026-08-05 03:37:40.734047+00,11145
8199,0,NA,2026-08-05 03:37:40.73405+00,11139
9629,0,NA,2026-08-05 03:37:40.734054+00,11138
26560233,0,NA,2026-08-05 03:37:40.734057+00,11135
44329360,0,NA,2026-08-05 03:37:40.73406+00,11133
276724837,0,NA,2026-08-05 03:37:40.734063+00,11131
10060,0,NA,2026-08-05 03:37:40.734066+00,11129
9881,0,NA,2026-08-05 03:37:41.852295+00,11128
51827894,0,NA,2026-08-05 03:37:41.852324+00,11126
8809,0,NA,2026-08-05 03:37:41.852327+00,11116
9564733,0,NA,2026-08-05 03:37:41.852331+00,11113
9043,0,NA,2026-08-05 03:37:41.852334+00,11102
96810440,0,NA,2026-08-05 03:37:41.852337+00,11102
322612206,0,NA,2026-08-05 03:37:41.85234+00,11096
91449306,0,NA,2026-08-05 03:37:41.852343+00,11092
8973,0,NA,2026-08-05 03:37:41.852346+00,11092
8577,0,NA,2026-08-05 03:37:41.852349+00,11089
8999,0,NA,2026-08-05 03:37:41.852353+00,11088
8739,0,NA,2026-08-05 03:37:41.852356+00,11084
282689444,0,NA,2026-08-05 03:37:41.852359+00,11074
4113564,0,NA,2026-08-05 03:37:41.852362+00,11074
6,0,NA,2026-08-05 03:37:41.852365+00,11068
9129,0,NA,2026-08-05 03:37:41.852368+00,11059
24189359,0,NA,2026-08-05 03:37:41.852372+00,11049
3084874,0,NA,2026-08-05 03:37:41.852375+00,11046
247263857,0,NA,2026-08-05 03:37:41.852378+00,11042
8192,0,NA,2026-08-05 03:37:41.852381+00,11035
4226829,0,NA,2026-08-05 03:37:41.852384+00,11010
331797916,0,NA,2026-08-05 03:37:41.852387+00,11009
28977,0,NA,2026-08-05 03:37:41.85239+00,11006
295210408,0,NA,2026-08-05 03:37:41.852393+00,11005
287813894,0,NA,2026-08-05 03:37:41.852396+00,11001
3433,0,NA,2026-08-05 03:37:42.715412+00,11000
10005,0,NA,2026-08-05 03:37:42.715433+00,11000
10146,0,NA,2026-08-05 03:37:42.715437+00,10998
317918887,0,NA,2026-08-05 03:37:42.71544+00,10981
3176495,0,NA,2026-08-05 03:37:42.715443+00,10962
189037455,0,NA,2026-08-05 03:37:42.715445+00,10956
5028034,0,NA,2026-08-05 03:37:42.715448+00,10951
22911359,0,NA,2026-08-05 03:37:42.715451+00,10938
8138,0,NA,2026-08-05 03:37:42.715455+00,10924
8636461,0,NA,2026-08-05 03:37:42.715457+00,10920
28350590,0,NA,2026-08-05 03:37:42.71546+00,10912
3119,0,NA,2026-08-05 03:37:42.715463+00,10908
39112196,0,NA,2026-08-05 03:37:42.715465+00,10908
3243,0,NA,2026-08-05 03:37:42.715468+00,10906
340816671,0,NA,2026-08-05 03:37:42.715471+00,10900
317162113,0,NA,2026-08-05 03:37:42.715473+00,10898
3173647,0,NA,2026-08-05 03:37:42.715476+00,10884
9283,0,NA,2026-08-05 03:37:42.715479+00,10879
3267,0,NA,2026-08-05 03:37:42.715482+00,10878
100099941,0,NA,2026-08-05 03:37:42.715485+00,10867
128944023,0,NA,2026-08-05 03:37:42.715488+00,10860
3289306,0,NA,2026-08-05 03:37:42.71549+00,10857
332469101,0,NA,2026-08-05 03:37:42.715493+00,10857
24494969,0,NA,2026-08-05 03:37:42.715495+00,10829
9436,0,NA,2026-08-05 03:37:42.715498+00,10826
3976339,0,NA,2026-08-05 03:37:44.193354+00,10812
9728,0,NA,2026-08-05 03:37:44.193381+00,10804
4214917,0,NA,2026-08-05 03:37:44.193385+00,10799
50072526,0,NA,2026-08-05 03:37:44.193388+00,10798
46612981,0,NA,2026-08-05 03:37:44.193391+00,10795
9010706,0,NA,2026-08-05 03:37:44.193394+00,10783
12316598,0,NA,2026-08-05 03:37:44.193397+00,10776
8113,0,NA,2026-08-05 03:37:44.1934+00,10771
1644161,0,NA,2026-08-05 03:37:44.193403+00,10771
297930168,0,NA,2026-08-05 03:37:44.193406+00,10767
9461,0,NA,2026-08-05 03:37:44.193409+00,10767
180483732,0,NA,2026-08-05 03:37:44.193413+00,10762
21804315,0,NA,2026-08-05 03:37:44.193416+00,10748
155717269,0,NA,2026-08-05 03:37:44.193419+00,10742
10003,0,NA,2026-08-05 03:37:44.193422+00,10742
431145067,0,NA,2026-08-05 03:37:44.193424+00,10735
152887828,0,NA,2026-08-05 03:37:44.193427+00,10732
298749596,0,NA,2026-08-05 03:37:44.19343+00,10730
2870,0,NA,2026-08-05 03:37:44.193433+00,10728
40680980,0,NA,2026-08-05 03:37:44.193438+00,10724
217134054,0,NA,2026-08-05 03:37:44.193441+00,10722
2215975,0,NA,2026-08-05 03:37:44.193443+00,10719
155373066,0,NA,2026-08-05 03:37:44.193446+00,10713
172994649,0,NA,2026-08-05 03:37:44.193449+00,10707
382207144,0,NA,2026-08-05 03:37:44.193452+00,10686
27721825,0,NA,2026-08-05 03:37:44.614289+00,10684
9746,0,NA,2026-08-05 03:37:44.614316+00,10683
1629389,0,NA,2026-08-05 03:37:44.61432+00,10681
168091815,0,NA,2026-08-05 03:37:44.614323+00,10660
405477820,0,NA,2026-08-05 03:37:44.614326+00,10660
46570548,0,NA,2026-08-05 03:37:44.614329+00,10660
2969,0,NA,2026-08-05 03:37:44.614331+00,10645
12552318,0,NA,2026-08-05 03:37:44.614334+00,10636
98830,0,NA,2026-08-05 03:37:44.614337+00,10629
8470,0,NA,2026-08-05 03:37:44.61434+00,10628
195260655,0,NA,2026-08-05 03:37:44.614342+00,10623
8693,0,NA,2026-08-05 03:37:44.614345+00,10622
31805130,0,NA,2026-08-05 03:37:44.614348+00,10595
3285,0,NA,2026-08-05 03:37:44.61435+00,10591
155405823,0,NA,2026-08-05 03:37:44.614353+00,10589
9882,0,NA,2026-08-05 03:37:44.614355+00,10588
8271,0,NA,2026-08-05 03:37:44.614358+00,10587
9566,0,NA,2026-08-05 03:37:44.614362+00,10580
8483,0,NA,2026-08-05 03:37:44.614364+00,10577
8124,0,NA,2026-08-05 03:37:44.614367+00,10573
65089477,0,NA,2026-08-05 03:37:44.614369+00,10565
3007,0,NA,2026-08-05 03:37:44.614372+00,10563
36956713,0,NA,2026-08-05 03:37:44.614375+00,10560
762821,0,NA,2026-08-05 03:37:44.614378+00,10553
8850,0,NA,2026-08-05 03:37:44.61438+00,10552
216133215,0,NA,2026-08-05 03:37:45.614155+00,10548
213713518,0,NA,2026-08-05 03:37:45.614183+00,10546
152604172,0,NA,2026-08-05 03:37:45.614187+00,10543
297753591,0,NA,2026-08-05 03:37:45.61419+00,10537
381735891,0,NA,2026-08-05 03:37:45.614193+00,10537
2786,0,NA,2026-08-05 03:37:45.614196+00,10531
6254783,0,NA,2026-08-05 03:37:45.614199+00,10525
147744366,0,NA,2026-08-05 03:37:45.614202+00,10524
301484833,0,NA,2026-08-05 03:37:45.614206+00,10519
391993263,0,NA,2026-08-05 03:37:45.61421+00,10514
327939420,0,NA,2026-08-05 03:37:45.614213+00,10512
2620207,0,NA,2026-08-05 03:37:45.614216+00,10512
67446700,0,NA,2026-08-05 03:37:45.614219+00,10511
16189292,0,NA,2026-08-05 03:37:45.614223+00,10502
12727643,0,NA,2026-08-05 03:37:45.614226+00,10493
33449566,0,NA,2026-08-05 03:37:45.614229+00,10490
8503,0,NA,2026-08-05 03:37:45.614232+00,10486
235277404,0,NA,2026-08-05 03:37:45.614235+00,10485
204194841,0,NA,2026-08-05 03:37:45.614238+00,10467
18198630,0,NA,2026-08-05 03:37:45.614241+00,10466
8231,0,NA,2026-08-05 03:37:45.614244+00,10431
106785002,0,NA,2026-08-05 03:37:45.614247+00,10418
46510437,0,NA,2026-08-05 03:37:45.61425+00,10416
191827279,0,NA,2026-08-05 03:37:45.614253+00,10403
13617910,0,NA,2026-08-05 03:37:45.614256+00,10400
3269,0,NA,2026-08-05 03:37:46.015353+00,10387
33627483,0,NA,2026-08-05 03:37:46.015374+00,10384
610605,0,NA,2026-08-05 03:37:46.015378+00,10376
171319199,0,NA,2026-08-05 03:37:46.01538+00,10376
182573453,0,NA,2026-08-05 03:37:46.015383+00,10371
340178143,0,NA,2026-08-05 03:37:46.015386+00,10370
164406013,0,NA,2026-08-05 03:37:46.015389+00,10364
8165880,0,NA,2026-08-05 03:37:46.015391+00,10363
230219698,0,NA,2026-08-05 03:37:46.015394+00,10351
181591295,0,NA,2026-08-05 03:37:46.015397+00,10347
2795,0,NA,2026-08-05 03:37:46.015399+00,10342
8808554,0,NA,2026-08-05 03:37:46.015402+00,10340
124053341,0,NA,2026-08-05 03:37:46.015404+00,10335
192633862,0,NA,2026-08-05 03:37:46.015407+00,10329
9122854,0,NA,2026-08-05 03:37:46.01541+00,10324
17288332,0,NA,2026-08-05 03:37:46.015412+00,10321
26628874,0,NA,2026-08-05 03:37:46.015415+00,10320
12263724,0,NA,2026-08-05 03:37:46.015417+00,10318
291641911,0,NA,2026-08-05 03:37:46.01542+00,10310
335733486,0,NA,2026-08-05 03:37:46.015423+00,10307
63,0,NA,2026-08-05 03:37:46.015426+00,10302
10206,0,NA,2026-08-05 03:37:46.015428+00,10302
46140398,0,NA,2026-08-05 03:37:46.015431+00,10300
274425290,0,NA,2026-08-05 03:37:46.015434+00,10295
166135231,0,NA,2026-08-05 03:37:46.015436+00,10290
45257823,0,NA,2026-08-05 03:37:46.911841+00,10267
11169,0,NA,2026-08-05 03:37:46.911872+00,10260
186707504,0,NA,2026-08-05 03:37:46.911877+00,10256
314873874,0,NA,2026-08-05 03:37:46.911887+00,10255
6087538,0,NA,2026-08-05 03:37:46.91189+00,10253
9993,0,NA,2026-08-05 03:37:46.911893+00,10252
181315213,0,NA,2026-08-05 03:37:46.911897+00,10250
110777427,0,NA,2026-08-05 03:37:46.9119+00,10248
8302,0,NA,2026-08-05 03:37:46.911903+00,10241
202229008,0,NA,2026-08-05 03:37:46.911906+00,10232
166025918,0,NA,2026-08-05 03:37:46.911909+00,10231
348061723,0,NA,2026-08-05 03:37:46.911911+00,10229
258951526,0,NA,2026-08-05 03:37:46.911915+00,10220
188414875,0,NA,2026-08-05 03:37:46.911917+00,10219
10009,0,NA,2026-08-05 03:37:46.91192+00,10214
9206,0,NA,2026-08-05 03:37:46.911923+00,10213
406408709,0,NA,2026-08-05 03:37:46.911926+00,10207
3264,0,NA,2026-08-05 03:37:46.911929+00,10199
209588859,0,NA,2026-08-05 03:37:46.911932+00,10198
3055,0,NA,2026-08-05 03:37:46.911935+00,10195
396906431,0,NA,2026-08-05 03:37:46.911938+00,10195
216265989,0,NA,2026-08-05 03:37:46.911941+00,10190
335501304,0,NA,2026-08-05 03:37:46.911943+00,10189
2494037,0,NA,2026-08-05 03:37:46.911946+00,10184
204682256,0,NA,2026-08-05 03:37:46.911949+00,10181
343590968,0,NA,2026-08-05 03:37:47.886002+00,10175
8591,0,NA,2026-08-05 03:37:47.886023+00,10173
11992486,0,NA,2026-08-05 03:37:47.886026+00,10167
1784682,0,NA,2026-08-05 03:37:47.886029+00,10167
10350,0,NA,2026-08-05 03:37:47.886033+00,10164
8175,0,NA,2026-08-05 03:37:47.886036+00,10159
9568,0,NA,2026-08-05 03:37:47.886038+00,10155
17978071,0,NA,2026-08-05 03:37:47.886041+00,10149
9997,0,NA,2026-08-05 03:37:47.886044+00,10147
85492390,0,NA,2026-08-05 03:37:47.886046+00,10145
8980,0,NA,2026-08-05 03:37:47.886049+00,10145
13012178,0,NA,2026-08-05 03:37:47.886052+00,10144
51827030,0,NA,2026-08-05 03:37:47.886054+00,10143
9386,0,NA,2026-08-05 03:37:47.886057+00,10143
10212,0,NA,2026-08-05 03:37:47.88606+00,10142
23176923,0,NA,2026-08-05 03:37:47.886063+00,10131
35389292,0,NA,2026-08-05 03:37:47.886065+00,10127
5006858,0,NA,2026-08-05 03:37:47.886068+00,10121
177021600,0,NA,2026-08-05 03:37:47.886071+00,10121
49450136,0,NA,2026-08-05 03:37:47.886073+00,10117
220146966,0,NA,2026-08-05 03:37:47.886076+00,10111
282946333,0,NA,2026-08-05 03:37:47.886079+00,10111
3294,0,NA,2026-08-05 03:37:47.886082+00,10109
9119,0,NA,2026-08-05 03:37:47.886085+00,10108
9633093,0,NA,2026-08-05 03:37:47.886087+00,10108
30758147,0,NA,2026-08-05 03:37:48.61466+00,10106
1650901,0,NA,2026-08-05 03:37:48.614696+00,10102
8706782,0,NA,2026-08-05 03:37:48.614699+00,10101
9621,0,NA,2026-08-05 03:37:48.614703+00,10098
8598,0,NA,2026-08-05 03:37:48.614705+00,10094
299075392,0,NA,2026-08-05 03:37:48.614708+00,10093
385419946,0,NA,2026-08-05 03:37:48.614711+00,10092
4354370,0,NA,2026-08-05 03:37:48.614714+00,10084
19204278,0,NA,2026-08-05 03:37:48.614717+00,10084
101735244,0,NA,2026-08-05 03:37:48.614719+00,10083
316250644,0,NA,2026-08-05 03:37:48.614722+00,10082
8580,0,NA,2026-08-05 03:37:48.614725+00,10080
278279693,0,NA,2026-08-05 03:37:48.614728+00,10079
363141388,0,NA,2026-08-05 03:37:48.61473+00,10076
349030618,0,NA,2026-08-05 03:37:48.614733+00,10075
320805291,0,NA,2026-08-05 03:37:48.614736+00,10073
41209338,0,NA,2026-08-05 03:37:48.614739+00,10072
4227771,0,NA,2026-08-05 03:37:48.614741+00,10071
187206012,0,NA,2026-08-05 03:37:48.614744+00,10069
152621063,0,NA,2026-08-05 03:37:48.614747+00,10068
3450904,0,NA,2026-08-05 03:37:48.61475+00,10067
134701812,0,NA,2026-08-05 03:37:48.614752+00,10062
381680220,0,NA,2026-08-05 03:37:48.614755+00,10061
162999688,0,NA,2026-08-05 03:37:48.614758+00,10060
9395,0,NA,2026-08-05 03:37:48.614761+00,10059
5030390,0,NA,2026-08-05 03:37:49.013949+00,10059
370599562,0,NA,2026-08-05 03:37:49.013975+00,10055
9833,0,NA,2026-08-05 03:37:49.013978+00,10055
27004841,0,NA,2026-08-05 03:37:49.013981+00,10054
370002200,0,NA,2026-08-05 03:37:49.013984+00,10054
3302,0,NA,2026-08-05 03:37:49.013986+00,10053
21887221,0,NA,2026-08-05 03:37:49.013989+00,10053
146405014,0,NA,2026-08-05 03:37:49.013992+00,10052
47904181,0,NA,2026-08-05 03:37:49.013995+00,10052
317820207,0,NA,2026-08-05 03:37:49.013998+00,10051
206250011,0,NA,2026-08-05 03:37:49.014+00,10050
45968515,0,NA,2026-08-05 03:37:49.014003+00,10048
8960,0,NA,2026-08-05 03:37:49.014006+00,10047
14621204,0,NA,2026-08-05 03:37:49.014009+00,10046
321471100,0,NA,2026-08-05 03:37:49.014012+00,10043
8522,0,NA,2026-08-05 03:37:49.014015+00,10042
111617746,0,NA,2026-08-05 03:37:49.014024+00,10040
432525931,0,NA,2026-08-05 03:37:49.014027+00,10039
208255893,0,NA,2026-08-05 03:37:49.01403+00,10038
2989,0,NA,2026-08-05 03:37:49.014032+00,10037
19146192,0,NA,2026-08-05 03:37:49.014035+00,10036
72244965,0,NA,2026-08-05 03:37:49.014038+00,10035
3163,0,NA,2026-08-05 03:37:49.01404+00,10033
8232,0,NA,2026-08-05 03:37:49.014043+00,10028
295590277,0,NA,2026-08-05 03:37:49.014045+00,10028
3174271,0,NA,2026-08-05 03:37:49.994492+00,10028
39742945,0,NA,2026-08-05 03:37:49.994516+00,10026
348295753,0,NA,2026-08-05 03:37:49.99452+00,10026
168833523,0,NA,2026-08-05 03:37:49.994523+00,10026
9450,0,NA,2026-08-05 03:37:49.994526+00,10026
10616,0,NA,2026-08-05 03:37:49.99453+00,10025
42393608,0,NA,2026-08-05 03:37:49.994533+00,10024
120767488,0,NA,2026-08-05 03:37:49.994539+00,10022
26298705,0,NA,2026-08-05 03:37:49.994541+00,10020
191149094,0,NA,2026-08-05 03:37:49.994544+00,10018
388438982,0,NA,2026-08-05 03:37:49.994547+00,10018
151837868,0,NA,2026-08-05 03:37:49.99455+00,10016
201153542,0,NA,2026-08-05 03:37:49.994553+00,10016
2404085,0,NA,2026-08-05 03:37:49.994555+00,10015
434761838,0,NA,2026-08-05 03:37:49.994558+00,10015
401348699,0,NA,2026-08-05 03:37:49.994561+00,10014
168570777,0,NA,2026-08-05 03:37:49.994564+00,10014
18532368,0,NA,2026-08-05 03:37:49.994567+00,10013
24205368,0,NA,2026-08-05 03:37:49.99457+00,10011
164702788,0,NA,2026-08-05 03:37:49.994573+00,10011
9648,0,NA,2026-08-05 03:37:49.994576+00,10009
297786920,0,NA,2026-08-05 03:37:49.994578+00,10008
9292,0,NA,2026-08-05 03:37:49.994581+00,10008
9068161,0,NA,2026-08-05 03:37:49.994584+00,10008
215550087,0,NA,2026-08-05 03:37:49.994587+00,10005
400801309,0,NA,2026-08-05 03:37:50.742467+00,10004
236460352,0,NA,2026-08-05 03:37:50.742489+00,10004
54580776,0,NA,2026-08-05 03:37:50.742492+00,10003
9850,0,NA,2026-08-05 03:37:50.742496+00,10003
401355662,0,NA,2026-08-05 03:37:50.742499+00,10002
204421417,0,NA,2026-08-05 03:37:50.742501+00,10001
44974264,0,NA,2026-08-05 03:37:50.742504+00,10001
27807018,0,NA,2026-08-05 03:37:50.742507+00,9999
9969,0,NA,2026-08-05 03:37:50.742509+00,9999
380950615,0,NA,2026-08-05 03:37:50.742512+00,9995
87753811,0,NA,2026-08-05 03:37:50.742514+00,9984
306535871,0,NA,2026-08-05 03:37:50.742517+00,9982
427566944,0,NA,2026-08-05 03:37:50.74252+00,9971
360716784,0,NA,2026-08-05 03:37:50.742522+00,9970
129062056,0,NA,2026-08-05 03:37:50.742525+00,9968
135053114,0,NA,2026-08-05 03:37:50.742528+00,9956
233225682,0,NA,2026-08-05 03:37:50.74253+00,9952
14160598,0,NA,2026-08-05 03:37:50.742533+00,9952
30793336,0,NA,2026-08-05 03:37:50.742536+00,9947
9972,0,NA,2026-08-05 03:37:50.742539+00,9945
18240493,0,NA,2026-08-05 03:37:50.742541+00,9944
334288714,0,NA,2026-08-05 03:37:50.742544+00,9943
10164,0,NA,2026-08-05 03:37:50.742547+00,9940
227481342,0,NA,2026-08-05 03:37:50.742549+00,9938
9038289,0,NA,2026-08-05 03:37:50.742552+00,9937
68130831,0,NA,2026-08-05 03:37:52.773776+00,9928
340533941,0,NA,2026-08-05 03:37:52.773803+00,9927
8089,0,NA,2026-08-05 03:37:52.773806+00,9919
8765,0,NA,2026-08-05 03:37:52.773809+00,9915
218108617,0,NA,2026-08-05 03:37:52.773812+00,9910
3136,0,NA,2026-08-05 03:37:52.773815+00,9899
3174104,0,NA,2026-08-05 03:37:52.773817+00,9890
8760,0,NA,2026-08-05 03:37:52.77382+00,9882
134834188,0,NA,2026-08-05 03:37:52.773823+00,9880
203953638,0,NA,2026-08-05 03:37:52.773826+00,9879
8350,0,NA,2026-08-05 03:37:52.773829+00,9876
5006307,0,NA,2026-08-05 03:37:52.773831+00,9868
93904894,0,NA,2026-08-05 03:37:52.773834+00,9866
293430866,0,NA,2026-08-05 03:37:52.773837+00,9864
8257692,0,NA,2026-08-05 03:37:52.77384+00,9860
23172373,0,NA,2026-08-05 03:37:52.773842+00,9858
67442758,0,NA,2026-08-05 03:37:52.773845+00,9853
118609696,0,NA,2026-08-05 03:37:52.773848+00,9851
445740606,0,NA,2026-08-05 03:37:52.773851+00,9850
135386078,0,NA,2026-08-05 03:37:52.773854+00,9846
183702062,0,NA,2026-08-05 03:37:52.773856+00,9840
8151,0,NA,2026-08-05 03:37:52.773861+00,9830
217474102,0,NA,2026-08-05 03:37:52.773864+00,9824
174642542,0,NA,2026-08-05 03:37:52.773866+00,9821
10148127,0,NA,2026-08-05 03:37:52.773869+00,9816
411853770,0,NA,2026-08-05 03:37:53.633676+00,9816
3316670,0,NA,2026-08-05 03:37:53.633701+00,9813
2888,0,NA,2026-08-05 03:37:53.633705+00,9812
117943425,0,NA,2026-08-05 03:37:53.633708+00,9807
18452422,0,NA,2026-08-05 03:37:53.633711+00,9796
447856156,0,NA,2026-08-05 03:37:53.633714+00,9793
240295188,0,NA,2026-08-05 03:37:53.633717+00,9789
241727162,0,NA,2026-08-05 03:37:53.63372+00,9787
2949,0,NA,2026-08-05 03:37:53.633723+00,9781
7890,0,NA,2026-08-05 03:37:53.633726+00,9774
3175585,0,NA,2026-08-05 03:37:53.633728+00,9773
3394998,0,NA,2026-08-05 03:37:53.633731+00,9764
24292906,0,NA,2026-08-05 03:37:53.633734+00,9763
11070324,0,NA,2026-08-05 03:37:53.633737+00,9761
177392489,0,NA,2026-08-05 03:37:53.633739+00,9761
272836773,0,NA,2026-08-05 03:37:53.633742+00,9757
290825920,0,NA,2026-08-05 03:37:53.633745+00,9755
63064772,0,NA,2026-08-05 03:37:53.633748+00,9755
219913562,0,NA,2026-08-05 03:37:53.63375+00,9752
162194517,0,NA,2026-08-05 03:37:53.633753+00,9751
9831,0,NA,2026-08-05 03:37:53.633756+00,9748
305344599,0,NA,2026-08-05 03:37:53.633758+00,9745
9478,0,NA,2026-08-05 03:37:53.633761+00,9740
129349108,0,NA,2026-08-05 03:37:53.633764+00,9738
37907006,0,NA,2026-08-05 03:37:53.633767+00,9737
8327,0,NA,2026-08-05 03:37:54.032581+00,9736
22248961,0,NA,2026-08-05 03:37:54.032608+00,9730
3651258,0,NA,2026-08-05 03:37:54.032611+00,9727
10800019,0,NA,2026-08-05 03:37:54.032614+00,9725
3481,0,NA,2026-08-05 03:37:54.032618+00,9722
9955,0,NA,2026-08-05 03:37:54.032621+00,9721
8082,0,NA,2026-08-05 03:37:54.032624+00,9715
442035662,0,NA,2026-08-05 03:37:54.032627+00,9713
257081396,0,NA,2026-08-05 03:37:54.03263+00,9710
8759,0,NA,2026-08-05 03:37:54.032633+00,9709
11264195,0,NA,2026-08-05 03:37:54.032636+00,9708
243974763,0,NA,2026-08-05 03:37:54.032639+00,9707
46151941,0,NA,2026-08-05 03:37:54.032642+00,9707
86734712,0,NA,2026-08-05 03:37:54.032644+00,9705
413545960,0,NA,2026-08-05 03:37:54.032647+00,9704
8890,0,NA,2026-08-05 03:37:54.03265+00,9702
234850670,0,NA,2026-08-05 03:37:54.032653+00,9700
327806613,0,NA,2026-08-05 03:37:54.032656+00,9694
394036016,0,NA,2026-08-05 03:37:54.032658+00,9693
293389391,0,NA,2026-08-05 03:37:54.032661+00,9692
337071150,0,NA,2026-08-05 03:37:54.032663+00,9688
60376052,0,NA,2026-08-05 03:37:54.032666+00,9681
3217,0,NA,2026-08-05 03:37:54.032668+00,9680
291677094,0,NA,2026-08-05 03:37:54.032671+00,9677
251383034,0,NA,2026-08-05 03:37:54.032674+00,9675
169199620,0,NA,2026-08-05 03:37:54.913747+00,9675
15801661,0,NA,2026-08-05 03:37:54.913774+00,9673
5786327,0,NA,2026-08-05 03:37:54.913778+00,9673
42722838,0,NA,2026-08-05 03:37:54.913781+00,9667
369178400,0,NA,2026-08-05 03:37:54.913784+00,9664
331620507,0,NA,2026-08-05 03:37:54.913787+00,9661
26419423,0,NA,2026-08-05 03:37:54.913789+00,9660
248993573,0,NA,2026-08-05 03:37:54.913792+00,9659
105232731,0,NA,2026-08-05 03:37:54.913795+00,9659
9804,0,NA,2026-08-05 03:37:54.913798+00,9651
25756814,0,NA,2026-08-05 03:37:54.913801+00,9650
448542740,0,NA,2026-08-05 03:37:54.913803+00,9647
3132,0,NA,2026-08-05 03:37:54.913806+00,9643
168577441,0,NA,2026-08-05 03:37:54.913809+00,9642
20094628,0,NA,2026-08-05 03:37:54.913811+00,9641
2101630,0,NA,2026-08-05 03:37:54.913814+00,9637
218798461,0,NA,2026-08-05 03:37:54.913817+00,9634
107887447,0,NA,2026-08-05 03:37:54.91382+00,9634
331588104,0,NA,2026-08-05 03:37:54.913825+00,9630
153121104,0,NA,2026-08-05 03:37:54.913827+00,9626
351043816,0,NA,2026-08-05 03:37:54.913831+00,9620
3174464,0,NA,2026-08-05 03:37:54.913834+00,9620
361929807,0,NA,2026-08-05 03:37:54.913836+00,9618
12094167,0,NA,2026-08-05 03:37:54.913839+00,9618
24336860,0,NA,2026-08-05 03:37:54.913842+00,9616
36215686,0,NA,2026-08-05 03:37:55.793164+00,9616
361699733,0,NA,2026-08-05 03:37:55.793192+00,9616
450899799,0,NA,2026-08-05 03:37:55.793196+00,9614
21751909,0,NA,2026-08-05 03:37:55.793199+00,9612
13474051,0,NA,2026-08-05 03:37:55.793202+00,9609
61866254,0,NA,2026-08-05 03:37:55.793206+00,9608
297344792,0,NA,2026-08-05 03:37:55.793209+00,9605
46411545,0,NA,2026-08-05 03:37:55.793212+00,9601
9077174,0,NA,2026-08-05 03:37:55.793215+00,9600
440448443,0,NA,2026-08-05 03:37:55.793218+00,9599
3370262,0,NA,2026-08-05 03:37:55.793221+00,9596
8297,0,NA,2026-08-05 03:37:55.793225+00,9586
168704618,0,NA,2026-08-05 03:37:55.793228+00,9585
62861206,0,NA,2026-08-05 03:37:55.793231+00,9583
64233090,0,NA,2026-08-05 03:37:55.793234+00,9578
200787262,0,NA,2026-08-05 03:37:55.793236+00,9572
13322172,0,NA,2026-08-05 03:37:55.793239+00,9572
179595563,0,NA,2026-08-05 03:37:55.793242+00,9571
335564159,0,NA,2026-08-05 03:37:55.793244+00,9568
448479979,0,NA,2026-08-05 03:37:55.793247+00,9568
20147350,0,NA,2026-08-05 03:37:55.79325+00,9566
299651064,0,NA,2026-08-05 03:37:55.793253+00,9559
47571615,0,NA,2026-08-05 03:37:55.793255+00,9558
440956360,0,NA,2026-08-05 03:37:55.793258+00,9556
13327252,0,NA,2026-08-05 03:37:55.793262+00,9555
391322843,0,NA,2026-08-05 03:37:56.413212+00,9555
3175643,0,NA,2026-08-05 03:37:56.413244+00,9553
167584767,0,NA,2026-08-05 03:37:56.413247+00,9553
3936850,0,NA,2026-08-05 03:37:56.41325+00,9551
460270799,0,NA,2026-08-05 03:37:56.413253+00,9546
398943505,0,NA,2026-08-05 03:37:56.413256+00,9544
181524708,0,NA,2026-08-05 03:37:56.413259+00,9544
6155869,0,NA,2026-08-05 03:37:56.413262+00,9538
18261913,0,NA,2026-08-05 03:37:56.413265+00,9533
14554125,0,NA,2026-08-05 03:37:56.413267+00,9531
9906,0,NA,2026-08-05 03:37:56.413271+00,9529
342712033,0,NA,2026-08-05 03:37:56.413273+00,9527
461637969,0,NA,2026-08-05 03:37:56.413277+00,9525
5009727,0,NA,2026-08-05 03:37:56.41328+00,9524
162620045,0,NA,2026-08-05 03:37:56.413283+00,9524
14537242,0,NA,2026-08-05 03:37:56.413286+00,9524
7858,0,NA,2026-08-05 03:37:56.413289+00,9524
148669505,0,NA,2026-08-05 03:37:56.413295+00,9521
8258164,0,NA,2026-08-05 03:37:56.413298+00,9521
8052,0,NA,2026-08-05 03:37:56.413301+00,9520
394335592,0,NA,2026-08-05 03:37:56.413304+00,9518
91838030,0,NA,2026-08-05 03:37:56.413307+00,9518
70421188,0,NA,2026-08-05 03:37:56.413309+00,9514
23850531,0,NA,2026-08-05 03:37:56.413312+00,9511
47055277,0,NA,2026-08-05 03:37:56.413315+00,9510
5215313,0,NA,2026-08-05 03:37:57.623487+00,9507
456171576,0,NA,2026-08-05 03:37:57.623511+00,9506
454737505,0,NA,2026-08-05 03:37:57.623515+00,9504
92984726,0,NA,2026-08-05 03:37:57.623518+00,9503
31325126,0,NA,2026-08-05 03:37:57.623521+00,9502
304734686,0,NA,2026-08-05 03:37:57.623524+00,9499
86336175,0,NA,2026-08-05 03:37:57.623526+00,9498
434235568,0,NA,2026-08-05 03:37:57.623529+00,9498
2547665,0,NA,2026-08-05 03:37:57.623532+00,9497
29720924,0,NA,2026-08-05 03:37:57.623535+00,9496
3225,0,NA,2026-08-05 03:37:57.623537+00,9496
14495663,0,NA,2026-08-05 03:37:57.62354+00,9491
368982295,0,NA,2026-08-05 03:37:57.623543+00,9490
409978981,0,NA,2026-08-05 03:37:57.623546+00,9485
30127802,0,NA,2026-08-05 03:37:57.623548+00,9481
417604943,0,NA,2026-08-05 03:37:57.623551+00,9480
9586,0,NA,2026-08-05 03:37:57.623554+00,9478
44073740,0,NA,2026-08-05 03:37:57.623557+00,9474
77001093,0,NA,2026-08-05 03:37:57.62356+00,9471
397885365,0,NA,2026-08-05 03:37:57.623564+00,9469
10132,0,NA,2026-08-05 03:37:57.623567+00,9461
67793179,0,NA,2026-08-05 03:37:57.62357+00,9460
85456543,0,NA,2026-08-05 03:37:57.623573+00,9459
253201398,0,NA,2026-08-05 03:37:57.623577+00,9459
361498702,0,NA,2026-08-05 03:37:57.62358+00,9457
384222670,0,NA,2026-08-05 03:37:58.352002+00,9455
12195752,0,NA,2026-08-05 03:37:58.35203+00,9452
398780250,0,NA,2026-08-05 03:37:58.352034+00,9452
36907827,0,NA,2026-08-05 03:37:58.352037+00,9449
302951421,0,NA,2026-08-05 03:37:58.352041+00,9444
162423975,0,NA,2026-08-05 03:37:58.352043+00,9443
234072228,0,NA,2026-08-05 03:37:58.352046+00,9443
127804565,0,NA,2026-08-05 03:37:58.35205+00,9439
3190,0,NA,2026-08-05 03:37:58.352053+00,9439
184515568,0,NA,2026-08-05 03:37:58.352056+00,9435
3036,0,NA,2026-08-05 03:37:58.352059+00,9435
333138914,0,NA,2026-08-05 03:37:58.352062+00,9435
25687434,0,NA,2026-08-05 03:37:58.352066+00,9430
390283716,0,NA,2026-08-05 03:37:58.352069+00,9426
307130284,0,NA,2026-08-05 03:37:58.352072+00,9425
15681486,0,NA,2026-08-05 03:37:58.352075+00,9425
379811714,0,NA,2026-08-05 03:37:58.352078+00,9424
355079595,0,NA,2026-08-05 03:37:58.352081+00,9422
3260,0,NA,2026-08-05 03:37:58.352084+00,9420
454849024,0,NA,2026-08-05 03:37:58.352087+00,9417
44816932,0,NA,2026-08-05 03:37:58.35209+00,9415
350581095,0,NA,2026-08-05 03:37:58.352093+00,9413
339591390,0,NA,2026-08-05 03:37:58.352097+00,9412
134964132,0,NA,2026-08-05 03:37:58.3521+00,9411
227832203,0,NA,2026-08-05 03:37:58.352103+00,9407
23141832,0,NA,2026-08-05 03:38:00.492098+00,9407
45275099,0,NA,2026-08-05 03:38:00.49213+00,9405
450491369,0,NA,2026-08-05 03:38:00.492134+00,9403
352787691,0,NA,2026-08-05 03:38:00.492138+00,9401
27931790,0,NA,2026-08-05 03:38:00.492141+00,9400
79634015,0,NA,2026-08-05 03:38:00.492144+00,9399
8331970,0,NA,2026-08-05 03:38:00.492147+00,9398
18010336,0,NA,2026-08-05 03:38:00.49215+00,9397
34668273,0,NA,2026-08-05 03:38:00.492153+00,9395
211703090,0,NA,2026-08-05 03:38:00.492156+00,9393
129926,0,NA,2026-08-05 03:38:00.49216+00,9391
403553248,0,NA,2026-08-05 03:38:00.492163+00,9387
319393178,0,NA,2026-08-05 03:38:00.492166+00,9386
75852953,0,NA,2026-08-05 03:38:00.492168+00,9384
9663,0,NA,2026-08-05 03:38:00.492171+00,9382
186369868,0,NA,2026-08-05 03:38:00.492175+00,9381
322149734,0,NA,2026-08-05 03:38:00.492177+00,9380
46066756,0,NA,2026-08-05 03:38:00.49218+00,9376
3173294,0,NA,2026-08-05 03:38:00.492183+00,9375
8786,0,NA,2026-08-05 03:38:00.492186+00,9373
453673196,0,NA,2026-08-05 03:38:00.49219+00,9369
377743631,0,NA,2026-08-05 03:38:00.492192+00,9367
30480231,0,NA,2026-08-05 03:38:00.492196+00,9366
6798364,0,NA,2026-08-05 03:38:00.492199+00,9365
273473684,0,NA,2026-08-05 03:38:00.492203+00,9365
9056592,0,NA,2026-08-05 03:38:01.273943+00,9363
791998,0,NA,2026-08-05 03:38:01.273971+00,9361
368049178,0,NA,2026-08-05 03:38:01.273975+00,9359
1667903,0,NA,2026-08-05 03:38:01.273978+00,9359
448788121,0,NA,2026-08-05 03:38:01.273981+00,9359
21779784,0,NA,2026-08-05 03:38:01.273984+00,9358
330656598,0,NA,2026-08-05 03:38:01.273987+00,9355
417003337,0,NA,2026-08-05 03:38:01.27399+00,9355
8132,0,NA,2026-08-05 03:38:01.273992+00,9354
98613529,0,NA,2026-08-05 03:38:01.273995+00,9354
3173991,0,NA,2026-08-05 03:38:01.273998+00,9351
326404676,0,NA,2026-08-05 03:38:01.274001+00,9348
348121944,0,NA,2026-08-05 03:38:01.274004+00,9347
9877,0,NA,2026-08-05 03:38:01.274007+00,9345
18530105,0,NA,2026-08-05 03:38:01.27401+00,9340
336154315,0,NA,2026-08-05 03:38:01.274012+00,9340
172247511,0,NA,2026-08-05 03:38:01.274015+00,9337
9426,0,NA,2026-08-05 03:38:01.274018+00,9334
8614,0,NA,2026-08-05 03:38:01.274022+00,9333
259828237,0,NA,2026-08-05 03:38:01.274024+00,9333
49070682,0,NA,2026-08-05 03:38:01.274027+00,9330
9195,0,NA,2026-08-05 03:38:01.27403+00,9329
323643345,0,NA,2026-08-05 03:38:01.274033+00,9324
448896836,0,NA,2026-08-05 03:38:01.274036+00,9323
1470248,0,NA,2026-08-05 03:38:01.274039+00,9320
14978313,0,NA,2026-08-05 03:38:02.250024+00,9318
186782486,0,NA,2026-08-05 03:38:02.250047+00,9317
9590,0,NA,2026-08-05 03:38:02.250051+00,9314
103220401,0,NA,2026-08-05 03:38:02.250054+00,9313
26780487,0,NA,2026-08-05 03:38:02.250057+00,9313
303767948,0,NA,2026-08-05 03:38:02.250059+00,9312
168159746,0,NA,2026-08-05 03:38:02.250062+00,9312
10197,0,NA,2026-08-05 03:38:02.250065+00,9310
165319250,0,NA,2026-08-05 03:38:02.250068+00,9310
347143511,0,NA,2026-08-05 03:38:02.25007+00,9310
3247,0,NA,2026-08-05 03:38:02.250073+00,9305
364833126,0,NA,2026-08-05 03:38:02.250078+00,9304
8959,0,NA,2026-08-05 03:38:02.250081+00,9304
300524597,0,NA,2026-08-05 03:38:02.250084+00,9302
8563,0,NA,2026-08-05 03:38:02.250086+00,9298
9055418,0,NA,2026-08-05 03:38:02.250089+00,9295
10077,0,NA,2026-08-05 03:38:02.250092+00,9294
140908398,0,NA,2026-08-05 03:38:02.250094+00,9294
9286,0,NA,2026-08-05 03:38:02.250097+00,9290
27207979,0,NA,2026-08-05 03:38:02.2501+00,9289
9251162,0,NA,2026-08-05 03:38:02.250103+00,9287
43985392,0,NA,2026-08-05 03:38:02.250105+00,9287
409585495,0,NA,2026-08-05 03:38:02.250108+00,9286
392451262,0,NA,2026-08-05 03:38:02.250111+00,9285
310229483,0,NA,2026-08-05 03:38:02.250113+00,9284
75422530,0,NA,2026-08-05 03:38:03.13378+00,9283
81778298,0,NA,2026-08-05 03:38:03.133808+00,9277
6361672,0,NA,2026-08-05 03:38:03.133812+00,9277
41378912,0,NA,2026-08-05 03:38:03.133815+00,9277
373183795,0,NA,2026-08-05 03:38:03.133818+00,9276
457622140,0,NA,2026-08-05 03:38:03.133821+00,9273
8403145,0,NA,2026-08-05 03:38:03.133824+00,9267
428182312,0,NA,2026-08-05 03:38:03.133827+00,9266
33555622,0,NA,2026-08-05 03:38:03.133829+00,9264
112,0,NA,2026-08-05 03:38:03.133833+00,9264
327470013,0,NA,2026-08-05 03:38:03.133836+00,9263
8842,0,NA,2026-08-05 03:38:03.133839+00,9263
90203819,0,NA,2026-08-05 03:38:03.133841+00,9257
326876508,0,NA,2026-08-05 03:38:03.133844+00,9256
4126719,0,NA,2026-08-05 03:38:03.133847+00,9255
132554378,0,NA,2026-08-05 03:38:03.13385+00,9250
106322760,0,NA,2026-08-05 03:38:03.133853+00,9249
340081304,0,NA,2026-08-05 03:38:03.133856+00,9248
207241998,0,NA,2026-08-05 03:38:03.133859+00,9247
30139080,0,NA,2026-08-05 03:38:03.133862+00,9245
11058725,0,NA,2026-08-05 03:38:03.133871+00,9245
8476,0,NA,2026-08-05 03:38:03.133874+00,9244
109092591,0,NA,2026-08-05 03:38:03.133877+00,9242
372453559,0,NA,2026-08-05 03:38:03.13388+00,9239
105738404,0,NA,2026-08-05 03:38:03.133882+00,9236
28870654,0,NA,2026-08-05 03:38:03.894302+00,9234
367809630,0,NA,2026-08-05 03:38:03.894327+00,9228
445290851,0,NA,2026-08-05 03:38:03.894331+00,9226
306017857,0,NA,2026-08-05 03:38:03.894334+00,9226
463153569,0,NA,2026-08-05 03:38:03.894337+00,9226
293653187,0,NA,2026-08-05 03:38:03.89434+00,9225
175617224,0,NA,2026-08-05 03:38:03.894342+00,9221
3126,0,NA,2026-08-05 03:38:03.894345+00,9221
208688627,0,NA,2026-08-05 03:38:03.894348+00,9220
6720956,0,NA,2026-08-05 03:38:03.894351+00,9219
402809522,0,NA,2026-08-05 03:38:03.894354+00,9217
83695207,0,NA,2026-08-05 03:38:03.894357+00,9215
344495802,0,NA,2026-08-05 03:38:03.894359+00,9214
2860,0,NA,2026-08-05 03:38:03.894362+00,9212
21856361,0,NA,2026-08-05 03:38:03.894365+00,9209
232529512,0,NA,2026-08-05 03:38:03.894367+00,9209
167301529,0,NA,2026-08-05 03:38:03.89437+00,9208
79129014,0,NA,2026-08-05 03:38:03.894372+00,9208
7167008,0,NA,2026-08-05 03:38:03.894375+00,9207
9785,0,NA,2026-08-05 03:38:03.894378+00,9207
30498280,0,NA,2026-08-05 03:38:03.894381+00,9204
10074,0,NA,2026-08-05 03:38:03.894384+00,9203
380703951,0,NA,2026-08-05 03:38:03.894387+00,9201
401117770,0,NA,2026-08-05 03:38:03.894389+00,9200
123496546,0,NA,2026-08-05 03:38:03.894392+00,9199
151471686,0,NA,2026-08-05 03:38:05.093052+00,9199
316139477,0,NA,2026-08-05 03:38:05.093079+00,9197
377315316,0,NA,2026-08-05 03:38:05.093083+00,9196
443280945,0,NA,2026-08-05 03:38:05.093086+00,9192
58881326,0,NA,2026-08-05 03:38:05.093088+00,9191
124241343,0,NA,2026-08-05 03:38:05.093091+00,9190
342449391,0,NA,2026-08-05 03:38:05.093094+00,9190
172782937,0,NA,2026-08-05 03:38:05.093097+00,9188
177026517,0,NA,2026-08-05 03:38:05.093101+00,9188
11433833,0,NA,2026-08-05 03:38:05.093104+00,9185
42342982,0,NA,2026-08-05 03:38:05.093107+00,9185
29769589,0,NA,2026-08-05 03:38:05.09311+00,9184
469884064,0,NA,2026-08-05 03:38:05.093113+00,9182
366321864,0,NA,2026-08-05 03:38:05.093116+00,9181
170662606,0,NA,2026-08-05 03:38:05.093119+00,9179
463756969,0,NA,2026-08-05 03:38:05.093121+00,9178
12032876,0,NA,2026-08-05 03:38:05.093124+00,9177
364713827,0,NA,2026-08-05 03:38:05.093127+00,9176
239965766,0,NA,2026-08-05 03:38:05.09313+00,9172
453029804,0,NA,2026-08-05 03:38:05.093134+00,9171
21365475,0,NA,2026-08-05 03:38:05.093137+00,9170
200318645,0,NA,2026-08-05 03:38:05.093139+00,9168
6445809,0,NA,2026-08-05 03:38:05.093142+00,9167
266376138,0,NA,2026-08-05 03:38:05.093145+00,9167
418906575,0,NA,2026-08-05 03:38:05.093148+00,9165
8921,0,NA,2026-08-05 03:38:05.752583+00,9165
9933,0,NA,2026-08-05 03:38:05.752617+00,9162
419622035,0,NA,2026-08-05 03:38:05.752621+00,9161
369584398,0,NA,2026-08-05 03:38:05.752624+00,9161
351896942,0,NA,2026-08-05 03:38:05.752628+00,9160
3174024,0,NA,2026-08-05 03:38:05.752631+00,9158
441912522,0,NA,2026-08-05 03:38:05.752633+00,9154
8467,0,NA,2026-08-05 03:38:05.752636+00,9153
15386467,0,NA,2026-08-05 03:38:05.752639+00,9153
296349800,0,NA,2026-08-05 03:38:05.752642+00,9151
309287885,0,NA,2026-08-05 03:38:05.752645+00,9147
65677117,0,NA,2026-08-05 03:38:05.75265+00,9145
32032734,0,NA,2026-08-05 03:38:05.752653+00,9145
436825170,0,NA,2026-08-05 03:38:05.752656+00,9144
154264869,0,NA,2026-08-05 03:38:05.752659+00,9141
126905493,0,NA,2026-08-05 03:38:05.752661+00,9141
18021590,0,NA,2026-08-05 03:38:05.752664+00,9140
377233837,0,NA,2026-08-05 03:38:05.752667+00,9138
52171175,0,NA,2026-08-05 03:38:05.75267+00,9137
40347733,0,NA,2026-08-05 03:38:05.752689+00,9135
467847223,0,NA,2026-08-05 03:38:05.752693+00,9134
3120,0,NA,2026-08-05 03:38:05.752695+00,9133
40346971,0,NA,2026-08-05 03:38:05.752698+00,9132
455983191,0,NA,2026-08-05 03:38:05.752701+00,9126
305690667,0,NA,2026-08-05 03:38:05.752704+00,9124
449020542,0,NA,2026-08-05 03:38:06.873823+00,9121
4155241,0,NA,2026-08-05 03:38:06.873852+00,9121
416384368,0,NA,2026-08-05 03:38:06.873856+00,9118
212852749,0,NA,2026-08-05 03:38:06.873859+00,9117
449351929,0,NA,2026-08-05 03:38:06.873862+00,9117
37801790,0,NA,2026-08-05 03:38:06.873865+00,9115
215273981,0,NA,2026-08-05 03:38:06.873869+00,9113
2719590,0,NA,2026-08-05 03:38:06.873871+00,9113
127369481,0,NA,2026-08-05 03:38:06.873874+00,9113
240975369,0,NA,2026-08-05 03:38:06.873877+00,9112
114316841,0,NA,2026-08-05 03:38:06.87388+00,9111
89648776,0,NA,2026-08-05 03:38:06.873883+00,9111
9743,0,NA,2026-08-05 03:38:06.873886+00,9109
342693124,0,NA,2026-08-05 03:38:06.873889+00,9105
452724980,0,NA,2026-08-05 03:38:06.873892+00,9104
2640568,0,NA,2026-08-05 03:38:06.873895+00,9103
342183149,0,NA,2026-08-05 03:38:06.873899+00,9101
348947515,0,NA,2026-08-05 03:38:06.873902+00,9101
97266724,0,NA,2026-08-05 03:38:06.873905+00,9101
8718338,0,NA,2026-08-05 03:38:06.873908+00,9100
334960542,0,NA,2026-08-05 03:38:06.873911+00,9095
177418149,0,NA,2026-08-05 03:38:06.873914+00,9095
37382060,0,NA,2026-08-05 03:38:06.873918+00,9091
33161290,0,NA,2026-08-05 03:38:06.873921+00,9089
9172,0,NA,2026-08-05 03:38:06.873923+00,9089
217428519,0,NA,2026-08-05 03:38:07.752494+00,9087
170598566,0,NA,2026-08-05 03:38:07.752533+00,9085
218636455,0,NA,2026-08-05 03:38:07.752538+00,9085
10711058,0,NA,2026-08-05 03:38:07.752541+00,9084
350509319,0,NA,2026-08-05 03:38:07.752545+00,9083
446201806,0,NA,2026-08-05 03:38:07.752547+00,9083
8269,0,NA,2026-08-05 03:38:07.75255+00,9082
878954,0,NA,2026-08-05 03:38:07.752553+00,9080
358723265,0,NA,2026-08-05 03:38:07.752556+00,9080
75321066,0,NA,2026-08-05 03:38:07.75256+00,9079
382892157,0,NA,2026-08-05 03:38:07.752563+00,9077
443130587,0,NA,2026-08-05 03:38:07.752565+00,9077
9108,0,NA,2026-08-05 03:38:07.752568+00,9076
460040349,0,NA,2026-08-05 03:38:07.752571+00,9076
323628578,0,NA,2026-08-05 03:38:07.752574+00,9075
424026256,0,NA,2026-08-05 03:38:07.752577+00,9071
9991,0,NA,2026-08-05 03:38:07.75258+00,9071
253141395,0,NA,2026-08-05 03:38:07.752584+00,9069
3323,0,NA,2026-08-05 03:38:07.752588+00,9069
17453673,0,NA,2026-08-05 03:38:07.752591+00,9069
234496,0,NA,2026-08-05 03:38:07.752593+00,9067
375667374,0,NA,2026-08-05 03:38:07.752596+00,9066
6218544,0,NA,2026-08-05 03:38:07.752599+00,9062
288828390,0,NA,2026-08-05 03:38:07.752602+00,9062
250607792,0,NA,2026-08-05 03:38:07.752605+00,9061
462914567,0,NA,2026-08-05 03:38:08.513809+00,9060
204501081,0,NA,2026-08-05 03:38:08.513837+00,9060
9894503,0,NA,2026-08-05 03:38:08.513841+00,9059
442778308,0,NA,2026-08-05 03:38:08.513844+00,9058
360918467,0,NA,2026-08-05 03:38:08.513847+00,9057
408453536,0,NA,2026-08-05 03:38:08.51385+00,9056
466402386,0,NA,2026-08-05 03:38:08.513853+00,9056
420463796,0,NA,2026-08-05 03:38:08.513856+00,9054
7338610,0,NA,2026-08-05 03:38:08.513859+00,9054
2833,0,NA,2026-08-05 03:38:08.513863+00,9052
307988860,0,NA,2026-08-05 03:38:08.513866+00,9052
216617435,0,NA,2026-08-05 03:38:08.513869+00,9052
34461320,0,NA,2026-08-05 03:38:08.513872+00,9050
124659618,0,NA,2026-08-05 03:38:08.513875+00,9050
356571162,0,NA,2026-08-05 03:38:08.513878+00,9047
72950553,0,NA,2026-08-05 03:38:08.513881+00,9047
458525573,0,NA,2026-08-05 03:38:08.513884+00,9047
454807256,0,NA,2026-08-05 03:38:08.513887+00,9046
186317862,0,NA,2026-08-05 03:38:08.51389+00,9046
438008716,0,NA,2026-08-05 03:38:08.513892+00,9046
360867721,0,NA,2026-08-05 03:38:08.513896+00,9045
51829209,0,NA,2026-08-05 03:38:08.513899+00,9045
12523417,0,NA,2026-08-05 03:38:08.513903+00,9045
414564299,0,NA,2026-08-05 03:38:08.513906+00,9044
100440418,0,NA,2026-08-05 03:38:08.513909+00,9043
321292841,0,NA,2026-08-05 03:38:09.625395+00,9040
451000292,0,NA,2026-08-05 03:38:09.62542+00,9040
8433547,0,NA,2026-08-05 03:38:09.625423+00,9040
180422582,0,NA,2026-08-05 03:38:09.625426+00,9038
189330229,0,NA,2026-08-05 03:38:09.62543+00,9038
72925755,0,NA,2026-08-05 03:38:09.625432+00,9038
66983149,0,NA,2026-08-05 03:38:09.625435+00,9037
72213340,0,NA,2026-08-05 03:38:09.625438+00,9037
367858779,0,NA,2026-08-05 03:38:09.625441+00,9035
430323377,0,NA,2026-08-05 03:38:09.625443+00,9035
209629912,0,NA,2026-08-05 03:38:09.625446+00,9033
30164140,0,NA,2026-08-05 03:38:09.625449+00,9033
23375736,0,NA,2026-08-05 03:38:09.625452+00,9033
76996150,0,NA,2026-08-05 03:38:09.625455+00,9032
214990248,0,NA,2026-08-05 03:38:09.625457+00,9032
9288,0,NA,2026-08-05 03:38:09.62546+00,9031
429270862,0,NA,2026-08-05 03:38:09.625463+00,9031
440680243,0,NA,2026-08-05 03:38:09.625466+00,9030
454110560,0,NA,2026-08-05 03:38:09.625468+00,9029
178418158,0,NA,2026-08-05 03:38:09.625471+00,9028
189180105,0,NA,2026-08-05 03:38:09.625474+00,9028
343159113,0,NA,2026-08-05 03:38:09.625476+00,9026
418984169,0,NA,2026-08-05 03:38:09.625479+00,9026
9535,0,NA,2026-08-05 03:38:09.625483+00,9026
3026,0,NA,2026-08-05 03:38:09.625486+00,9026
469140106,0,NA,2026-08-05 03:38:10.032826+00,9025
426235504,0,NA,2026-08-05 03:38:10.032855+00,9025
3602831,0,NA,2026-08-05 03:38:10.032859+00,9024
285538889,0,NA,2026-08-05 03:38:10.032862+00,9023
423163443,0,NA,2026-08-05 03:38:10.032866+00,9023
457331657,0,NA,2026-08-05 03:38:10.032869+00,9023
8092,0,NA,2026-08-05 03:38:10.032872+00,9022
459780076,0,NA,2026-08-05 03:38:10.032875+00,9017
8886,0,NA,2026-08-05 03:38:10.032878+00,9016
438153488,0,NA,2026-08-05 03:38:10.032881+00,9014
251931375,0,NA,2026-08-05 03:38:10.032884+00,9013
468640443,0,NA,2026-08-05 03:38:10.032888+00,9012
66636152,0,NA,2026-08-05 03:38:10.032891+00,9012
158617316,0,NA,2026-08-05 03:38:10.032894+00,9012
72005553,0,NA,2026-08-05 03:38:10.032897+00,9012
325332367,0,NA,2026-08-05 03:38:10.032899+00,9011
372047428,0,NA,2026-08-05 03:38:10.032902+00,9011
14142993,0,NA,2026-08-05 03:38:10.032905+00,9007
415245326,0,NA,2026-08-05 03:38:10.032908+00,9007
211040341,0,NA,2026-08-05 03:38:10.032911+00,9005
314680828,0,NA,2026-08-05 03:38:10.032913+00,9003
352230114,0,NA,2026-08-05 03:38:10.032917+00,9001
402295617,0,NA,2026-08-05 03:38:10.032919+00,9001
8062,0,NA,2026-08-05 03:38:10.032922+00,9000
48182849,0,NA,2026-08-05 03:38:10.032925+00,9000
3316,0,EU,2026-08-05 03:37:32.17341+00,19020
3324,0,EU,2026-08-05 03:37:32.173437+00,19001
3079,0,EU,2026-08-05 03:37:32.17344+00,18720
3202,0,EU,2026-08-05 03:37:32.173444+00,18199
2961,0,EU,2026-08-05 03:37:32.173447+00,17587
2826,0,EU,2026-08-05 03:37:32.17345+00,17041
3185,0,EU,2026-08-05 03:37:32.173453+00,17036
10219,0,EU,2026-08-05 03:37:32.173456+00,17019
2921,0,EU,2026-08-05 03:37:32.173459+00,16827
3275,0,EU,2026-08-05 03:37:32.173463+00,16584
49876028,0,EU,2026-08-05 03:37:32.173466+00,16028
8441,0,EU,2026-08-05 03:37:32.173469+00,16014
9882,0,EU,2026-08-05 03:37:32.173471+00,16006
3112,0,EU,2026-08-05 03:37:32.173474+00,16005
108,0,EU,2026-08-05 03:37:32.173477+00,15887
3282,0,EU,2026-08-05 03:37:32.17348+00,15835
7938,0,EU,2026-08-05 03:37:32.173482+00,15828
3080,0,EU,2026-08-05 03:37:32.173486+00,15793
3022,0,EU,2026-08-05 03:37:32.173489+00,15609
318616690,0,EU,2026-08-05 03:37:32.173491+00,15571
3174184,0,EU,2026-08-05 03:37:32.173494+00,15543
2993,0,EU,2026-08-05 03:37:32.173497+00,15465
2866,0,EU,2026-08-05 03:37:32.1735+00,15437
2892,0,EU,2026-08-05 03:37:32.173503+00,15427
9135,0,EU,2026-08-05 03:37:32.173505+00,15389
2942,0,EU,2026-08-05 03:37:34.253249+00,15364
3221,0,EU,2026-08-05 03:37:34.253276+00,15331
8116,0,EU,2026-08-05 03:37:34.25328+00,15279
3223,0,EU,2026-08-05 03:37:34.253283+00,15262
2849,0,EU,2026-08-05 03:37:34.253287+00,15243
376357839,0,EU,2026-08-05 03:37:34.253292+00,15222
3620274,0,EU,2026-08-05 03:37:34.253295+00,15198
3128,0,EU,2026-08-05 03:37:34.253298+00,15149
3224,0,EU,2026-08-05 03:37:34.253302+00,15082
3323,0,EU,2026-08-05 03:37:34.253305+00,15079
8249,0,EU,2026-08-05 03:37:34.253308+00,15076
3165,0,EU,2026-08-05 03:37:34.253311+00,15055
2936,0,EU,2026-08-05 03:37:34.253314+00,15050
102577199,0,EU,2026-08-05 03:37:34.253317+00,15006
9081,0,EU,2026-08-05 03:37:34.25332+00,14786
3075,0,EU,2026-08-05 03:37:34.253323+00,14783
5006307,0,EU,2026-08-05 03:37:34.253326+00,14768
7969,0,EU,2026-08-05 03:37:34.253329+00,14751
117743487,0,EU,2026-08-05 03:37:34.253332+00,14748
3158,0,EU,2026-08-05 03:37:34.253334+00,14741
12648804,0,EU,2026-08-05 03:37:34.253337+00,14734
8506,0,EU,2026-08-05 03:37:34.25334+00,14670
9584,0,EU,2026-08-05 03:37:34.253343+00,14650
14876188,0,EU,2026-08-05 03:37:34.253346+00,14647
3010,0,EU,2026-08-05 03:37:34.253349+00,14590
91,0,EU,2026-08-05 03:37:35.132968+00,14561
3293,0,EU,2026-08-05 03:37:35.132994+00,14500
3156,0,EU,2026-08-05 03:37:35.132998+00,14447
276138117,0,EU,2026-08-05 03:37:35.133001+00,14444
3218,0,EU,2026-08-05 03:37:35.133004+00,14399
3244,0,EU,2026-08-05 03:37:35.133008+00,14362
117534746,0,EU,2026-08-05 03:37:35.133011+00,14345
2985,0,EU,2026-08-05 03:37:35.133014+00,14330
2852,0,EU,2026-08-05 03:37:35.133017+00,14220
2793,0,EU,2026-08-05 03:37:35.13302+00,14182
8326,0,EU,2026-08-05 03:37:35.133023+00,14159
186911266,0,EU,2026-08-05 03:37:35.133025+00,14119
8944,0,EU,2026-08-05 03:37:35.13303+00,14073
3175130,0,EU,2026-08-05 03:37:35.133033+00,14067
1126123,0,EU,2026-08-05 03:37:35.133035+00,14039
152604172,0,EU,2026-08-05 03:37:35.13304+00,14035
3016,0,EU,2026-08-05 03:37:35.133043+00,14035
3182,0,EU,2026-08-05 03:37:35.133046+00,14024
55,0,EU,2026-08-05 03:37:35.133049+00,14020
299916190,0,EU,2026-08-05 03:37:35.133052+00,14012
250971740,0,EU,2026-08-05 03:37:35.133055+00,13858
2999,0,EU,2026-08-05 03:37:35.133058+00,13845
3320,0,EU,2026-08-05 03:37:35.133061+00,13790
9564,0,EU,2026-08-05 03:37:35.133064+00,13773
358691868,0,EU,2026-08-05 03:37:35.133067+00,13756
2813,0,EU,2026-08-05 03:37:37.111859+00,13747
9577,0,EU,2026-08-05 03:37:37.111887+00,13723
274852184,0,EU,2026-08-05 03:37:37.111894+00,13707
3163,0,EU,2026-08-05 03:37:37.111898+00,13683
10164191,0,EU,2026-08-05 03:37:37.111901+00,13668
162727664,0,EU,2026-08-05 03:37:37.111904+00,13631
171412593,0,EU,2026-08-05 03:37:37.111908+00,13626
4462902,0,EU,2026-08-05 03:37:37.111911+00,13602
9645,0,EU,2026-08-05 03:37:37.111914+00,13594
9768,0,EU,2026-08-05 03:37:37.111917+00,13590
261871356,0,EU,2026-08-05 03:37:37.11192+00,13494
401901585,0,EU,2026-08-05 03:37:37.111923+00,13486
7877,0,EU,2026-08-05 03:37:37.111926+00,13472
5552796,0,EU,2026-08-05 03:37:37.111929+00,13470
183860977,0,EU,2026-08-05 03:37:37.111931+00,13455
80778746,0,EU,2026-08-05 03:37:37.111934+00,13417
234817157,0,EU,2026-08-05 03:37:37.111938+00,13405
3050,0,EU,2026-08-05 03:37:37.11194+00,13401
3056,0,EU,2026-08-05 03:37:37.111946+00,13357
8140,0,EU,2026-08-05 03:37:37.111949+00,13348
152590982,0,EU,2026-08-05 03:37:37.111951+00,13347
30155840,0,EU,2026-08-05 03:37:37.111954+00,13345
8292,0,EU,2026-08-05 03:37:37.111957+00,13339
8422,0,EU,2026-08-05 03:37:37.111959+00,13302
9936,0,EU,2026-08-05 03:37:37.111962+00,13284
3175567,0,EU,2026-08-05 03:37:37.853858+00,13272
94875836,0,EU,2026-08-05 03:37:37.853885+00,13257
163228251,0,EU,2026-08-05 03:37:37.853889+00,13249
115495642,0,EU,2026-08-05 03:37:37.853892+00,13216
161036358,0,EU,2026-08-05 03:37:37.853895+00,13183
5025748,0,EU,2026-08-05 03:37:37.8539+00,13170
9724,0,EU,2026-08-05 03:37:37.853903+00,13166
41454225,0,EU,2026-08-05 03:37:37.853905+00,13165
372573446,0,EU,2026-08-05 03:37:37.853908+00,13142
9912,0,EU,2026-08-05 03:37:37.853914+00,13124
3038,0,EU,2026-08-05 03:37:37.853918+00,13123
3106,0,EU,2026-08-05 03:37:37.85392+00,13045
9322,0,EU,2026-08-05 03:37:37.853923+00,13042
9047,0,EU,2026-08-05 03:37:37.853926+00,13040
129300395,0,EU,2026-08-05 03:37:37.853928+00,13037
285480743,0,EU,2026-08-05 03:37:37.853931+00,13034
197337170,0,EU,2026-08-05 03:37:37.853934+00,13008
292721734,0,EU,2026-08-05 03:37:37.853937+00,13003
9635,0,EU,2026-08-05 03:37:37.85394+00,12987
156236457,0,EU,2026-08-05 03:37:37.853943+00,12987
9618,0,EU,2026-08-05 03:37:37.853946+00,12984
386758316,0,EU,2026-08-05 03:37:37.853949+00,12976
3196,0,EU,2026-08-05 03:37:37.853952+00,12924
191195583,0,EU,2026-08-05 03:37:37.853955+00,12921
70841208,0,EU,2026-08-05 03:37:37.853958+00,12896
9875,0,EU,2026-08-05 03:37:39.490875+00,12882
3161,0,EU,2026-08-05 03:37:39.490899+00,12857
3115,0,EU,2026-08-05 03:37:39.490902+00,12828
344291450,0,EU,2026-08-05 03:37:39.490905+00,12821
151085031,0,EU,2026-08-05 03:37:39.490909+00,12818
9065,0,EU,2026-08-05 03:37:39.490912+00,12812
9481990,0,EU,2026-08-05 03:37:39.490915+00,12808
9900,0,EU,2026-08-05 03:37:39.490918+00,12774
155643256,0,EU,2026-08-05 03:37:39.49092+00,12767
9726,0,EU,2026-08-05 03:37:39.490923+00,12765
3909990,0,EU,2026-08-05 03:37:39.490926+00,12758
318256,0,EU,2026-08-05 03:37:39.490929+00,12734
9068,0,EU,2026-08-05 03:37:39.490931+00,12698
136591360,0,EU,2026-08-05 03:37:39.490934+00,12669
9100,0,EU,2026-08-05 03:37:39.490937+00,12667
412265722,0,EU,2026-08-05 03:37:39.49094+00,12665
9380,0,EU,2026-08-05 03:37:39.490943+00,12654
30282471,0,EU,2026-08-05 03:37:39.490946+00,12653
7881,0,EU,2026-08-05 03:37:39.490949+00,12649
270490019,0,EU,2026-08-05 03:37:39.490951+00,12645
29709883,0,EU,2026-08-05 03:37:39.490954+00,12637
1295790,0,EU,2026-08-05 03:37:39.490957+00,12628
10021,0,EU,2026-08-05 03:37:39.49096+00,12626
355336283,0,EU,2026-08-05 03:37:39.490963+00,12622
7918,0,EU,2026-08-05 03:37:39.490967+00,12616
9696,0,EU,2026-08-05 03:37:39.890359+00,12600
301719871,0,EU,2026-08-05 03:37:39.890381+00,12590
3148,0,EU,2026-08-05 03:37:39.890384+00,12587
3173720,0,EU,2026-08-05 03:37:39.890388+00,12582
197412961,0,EU,2026-08-05 03:37:39.890391+00,12575
9908,0,EU,2026-08-05 03:37:39.890394+00,12569
9245,0,EU,2026-08-05 03:37:39.890397+00,12557
3274,0,EU,2026-08-05 03:37:39.8904+00,12530
252740261,0,EU,2026-08-05 03:37:39.890402+00,12518
207119476,0,EU,2026-08-05 03:37:39.890405+00,12510
69996092,0,EU,2026-08-05 03:37:39.890408+00,12501
9096,0,EU,2026-08-05 03:37:39.89041+00,12499
2926,0,EU,2026-08-05 03:37:39.890413+00,12475
4079039,0,EU,2026-08-05 03:37:39.890416+00,12454
304149459,0,EU,2026-08-05 03:37:39.890418+00,12450
12455226,0,EU,2026-08-05 03:37:39.890421+00,12449
283475133,0,EU,2026-08-05 03:37:39.890424+00,12419
155399952,0,EU,2026-08-05 03:37:39.890427+00,12397
2263513,0,EU,2026-08-05 03:37:39.89043+00,12390
3076,0,EU,2026-08-05 03:37:39.890433+00,12383
8085,0,EU,2026-08-05 03:37:39.890435+00,12361
11916840,0,EU,2026-08-05 03:37:39.890438+00,12360
9286,0,EU,2026-08-05 03:37:39.890441+00,12353
2820,0,EU,2026-08-05 03:37:39.890445+00,12351
11911511,0,EU,2026-08-05 03:37:39.890448+00,12351
254727561,0,EU,2026-08-05 03:37:40.712026+00,12340
20990195,0,EU,2026-08-05 03:37:40.712056+00,12336
64299604,0,EU,2026-08-05 03:37:40.71206+00,12315
1657307,0,EU,2026-08-05 03:37:40.712064+00,12300
128629929,0,EU,2026-08-05 03:37:40.712067+00,12285
10039,0,EU,2026-08-05 03:37:40.71207+00,12280
210490766,0,EU,2026-08-05 03:37:40.712073+00,12272
355445627,0,EU,2026-08-05 03:37:40.712076+00,12260
153669614,0,EU,2026-08-05 03:37:40.712079+00,12258
8481,0,EU,2026-08-05 03:37:40.712083+00,12256
33145373,0,EU,2026-08-05 03:37:40.712086+00,12255
8636,0,EU,2026-08-05 03:37:40.712089+00,12253
8059,0,EU,2026-08-05 03:37:40.712092+00,12252
8153,0,EU,2026-08-05 03:37:40.712095+00,12251
2791,0,EU,2026-08-05 03:37:40.712097+00,12232
9773,0,EU,2026-08-05 03:37:40.7121+00,12229
26487192,0,EU,2026-08-05 03:37:40.712103+00,12211
8623,0,EU,2026-08-05 03:37:40.712106+00,12201
269184591,0,EU,2026-08-05 03:37:40.71211+00,12199
282806515,0,EU,2026-08-05 03:37:40.712114+00,12191
391155129,0,EU,2026-08-05 03:37:40.712117+00,12190
167099393,0,EU,2026-08-05 03:37:40.71212+00,12185
240699816,0,EU,2026-08-05 03:37:40.712123+00,12182
8346,0,EU,2026-08-05 03:37:40.712126+00,12177
61289596,0,EU,2026-08-05 03:37:40.712129+00,12173
3175042,0,EU,2026-08-05 03:37:41.107309+00,12169
51168709,0,EU,2026-08-05 03:37:41.107332+00,12166
3052,0,EU,2026-08-05 03:37:41.107336+00,12163
2867,0,EU,2026-08-05 03:37:41.107339+00,12159
9418,0,EU,2026-08-05 03:37:41.107342+00,12153
53991682,0,EU,2026-08-05 03:37:41.107345+00,12151
3166,0,EU,2026-08-05 03:37:41.107347+00,12149
43196893,0,EU,2026-08-05 03:37:41.10735+00,12140
2989,0,EU,2026-08-05 03:37:41.107353+00,12113
304186966,0,EU,2026-08-05 03:37:41.107356+00,12112
448531795,0,EU,2026-08-05 03:37:41.107359+00,12110
91130811,0,EU,2026-08-05 03:37:41.107362+00,12107
300720598,0,EU,2026-08-05 03:37:41.107365+00,12104
9702,0,EU,2026-08-05 03:37:41.107367+00,12102
173204034,0,EU,2026-08-05 03:37:41.10737+00,12098
36119363,0,EU,2026-08-05 03:37:41.107372+00,12088
9855,0,EU,2026-08-05 03:37:41.107375+00,12081
2992,0,EU,2026-08-05 03:37:41.107378+00,12079
20167626,0,EU,2026-08-05 03:37:41.107381+00,12075
31110911,0,EU,2026-08-05 03:37:41.107383+00,12062
8361,0,EU,2026-08-05 03:37:41.107386+00,12056
133791122,0,EU,2026-08-05 03:37:41.107388+00,12051
9472,0,EU,2026-08-05 03:37:41.107391+00,12051
155115063,0,EU,2026-08-05 03:37:41.107394+00,12045
3174932,0,EU,2026-08-05 03:37:41.107397+00,12042
380192488,0,EU,2026-08-05 03:37:41.514264+00,12040
278143402,0,EU,2026-08-05 03:37:41.514289+00,12037
169679820,0,EU,2026-08-05 03:37:41.514293+00,12037
962996,0,EU,2026-08-05 03:37:41.514297+00,12034
48583014,0,EU,2026-08-05 03:37:41.514301+00,12013
7873,0,EU,2026-08-05 03:37:41.514304+00,12013
306959472,0,EU,2026-08-05 03:37:41.514307+00,12006
7950,0,EU,2026-08-05 03:37:41.51431+00,12006
2931,0,EU,2026-08-05 03:37:41.514315+00,12005
16881913,0,EU,2026-08-05 03:37:41.514318+00,12003
9653,0,EU,2026-08-05 03:37:41.514321+00,11999
3129,0,EU,2026-08-05 03:37:41.514324+00,11990
3125,0,EU,2026-08-05 03:37:41.514327+00,11989
4025594,0,EU,2026-08-05 03:37:41.51433+00,11988
8344,0,EU,2026-08-05 03:37:41.514334+00,11981
10221,0,EU,2026-08-05 03:37:41.514337+00,11969
9753,0,EU,2026-08-05 03:37:41.51434+00,11964
16015977,0,EU,2026-08-05 03:37:41.514343+00,11963
10102,0,EU,2026-08-05 03:37:41.514347+00,11916
3020,0,EU,2026-08-05 03:37:41.51435+00,11915
57618983,0,EU,2026-08-05 03:37:41.514354+00,11911
7613526,0,EU,2026-08-05 03:37:41.514357+00,11896
5608009,0,EU,2026-08-05 03:37:41.51436+00,11895
2853,0,EU,2026-08-05 03:37:41.514363+00,11890
8604,0,EU,2026-08-05 03:37:41.514366+00,11882
299201809,0,EU,2026-08-05 03:37:42.494951+00,11882
226342851,0,EU,2026-08-05 03:37:42.494976+00,11874
281287389,0,EU,2026-08-05 03:37:42.49498+00,11872
5008010,0,EU,2026-08-05 03:37:42.494983+00,11868
9110,0,EU,2026-08-05 03:37:42.494986+00,11863
8120,0,EU,2026-08-05 03:37:42.494989+00,11853
231945234,0,EU,2026-08-05 03:37:42.494992+00,11852
162105230,0,EU,2026-08-05 03:37:42.494995+00,11830
9327,0,EU,2026-08-05 03:37:42.494997+00,11827
92312,0,EU,2026-08-05 03:37:42.495+00,11824
98374547,0,EU,2026-08-05 03:37:42.495003+00,11821
898346,0,EU,2026-08-05 03:37:42.495006+00,11819
2959,0,EU,2026-08-05 03:37:42.495009+00,11819
3175461,0,EU,2026-08-05 03:37:42.495011+00,11814
8513,0,EU,2026-08-05 03:37:42.495014+00,11805
247991178,0,EU,2026-08-05 03:37:42.495017+00,11796
8882,0,EU,2026-08-05 03:37:42.49502+00,11795
8770,0,EU,2026-08-05 03:37:42.495023+00,11791
294674489,0,EU,2026-08-05 03:37:42.495026+00,11787
27205622,0,EU,2026-08-05 03:37:42.49503+00,11769
8414,0,EU,2026-08-05 03:37:42.495032+00,11763
281934250,0,EU,2026-08-05 03:37:42.495035+00,11758
76,0,EU,2026-08-05 03:37:42.495038+00,11754
228035761,0,EU,2026-08-05 03:37:42.495041+00,11750
19364971,0,EU,2026-08-05 03:37:43.334117+00,11732
233948328,0,EU,2026-08-05 03:37:43.334142+00,11722
254049905,0,EU,2026-08-05 03:37:43.334146+00,11716
9791,0,EU,2026-08-05 03:37:43.33415+00,11697
223125082,0,EU,2026-08-05 03:37:43.334152+00,11674
56418263,0,EU,2026-08-05 03:37:43.334155+00,11657
79179,0,EU,2026-08-05 03:37:43.334158+00,11653
7912,0,EU,2026-08-05 03:37:43.33416+00,11652
10326,0,EU,2026-08-05 03:37:43.334164+00,11625
74699723,0,EU,2026-08-05 03:37:43.334167+00,11622
10007,0,EU,2026-08-05 03:37:43.33417+00,11613
349279540,0,EU,2026-08-05 03:37:43.334172+00,11610
297303101,0,EU,2026-08-05 03:37:43.334175+00,11597
442069375,0,EU,2026-08-05 03:37:43.334178+00,11588
160923734,0,EU,2026-08-05 03:37:43.334181+00,11588
10152,0,EU,2026-08-05 03:37:43.334184+00,11585
274662015,0,EU,2026-08-05 03:37:43.334186+00,11579
8033,0,EU,2026-08-05 03:37:43.334189+00,11573
240415621,0,EU,2026-08-05 03:37:43.334192+00,11571
268726095,0,EU,2026-08-05 03:37:43.334194+00,11570
15681963,0,EU,2026-08-05 03:37:43.334197+00,11551
195350808,0,EU,2026-08-05 03:37:43.3342+00,11550
2984,0,EU,2026-08-05 03:37:43.334203+00,11540
3135,0,EU,2026-08-05 03:37:43.334205+00,11535
22972817,0,EU,2026-08-05 03:37:43.334208+00,11534
389974480,0,EU,2026-08-05 03:37:43.752123+00,11532
153999949,0,EU,2026-08-05 03:37:43.752149+00,11529
10208,0,EU,2026-08-05 03:37:43.752153+00,11528
8876,0,EU,2026-08-05 03:37:43.752157+00,11527
3173,0,EU,2026-08-05 03:37:43.75216+00,11524
7961,0,EU,2026-08-05 03:37:43.752163+00,11519
31692646,0,EU,2026-08-05 03:37:43.752166+00,11515
8573,0,EU,2026-08-05 03:37:43.752169+00,11501
180663385,0,EU,2026-08-05 03:37:43.752172+00,11494
302864321,0,EU,2026-08-05 03:37:43.752175+00,11489
10127,0,EU,2026-08-05 03:37:43.752182+00,11487
7985,0,EU,2026-08-05 03:37:43.752185+00,11485
3175194,0,EU,2026-08-05 03:37:43.752188+00,11483
170330787,0,EU,2026-08-05 03:37:43.752191+00,11473
10113,0,EU,2026-08-05 03:37:43.752194+00,11469
193895632,0,EU,2026-08-05 03:37:43.752197+00,11466
50394048,0,EU,2026-08-05 03:37:43.7522+00,11463
70014556,0,EU,2026-08-05 03:37:43.752203+00,11461
47362377,0,EU,2026-08-05 03:37:43.752206+00,11460
10248,0,EU,2026-08-05 03:37:43.752211+00,11453
176945912,0,EU,2026-08-05 03:37:43.752214+00,11449
2815,0,EU,2026-08-05 03:37:43.752216+00,11442
9846,0,EU,2026-08-05 03:37:43.752219+00,11440
133416599,0,EU,2026-08-05 03:37:43.752222+00,11431
397509785,0,EU,2026-08-05 03:37:43.752225+00,11431
41618019,0,EU,2026-08-05 03:37:44.670844+00,11421
10125,0,EU,2026-08-05 03:37:44.670865+00,11418
10226732,0,EU,2026-08-05 03:37:44.670869+00,11415
9753673,0,EU,2026-08-05 03:37:44.670872+00,11413
159344154,0,EU,2026-08-05 03:37:44.670874+00,11409
164197076,0,EU,2026-08-05 03:37:44.670877+00,11396
284133115,0,EU,2026-08-05 03:37:44.67088+00,11392
9967,0,EU,2026-08-05 03:37:44.670882+00,11390
154151489,0,EU,2026-08-05 03:37:44.670885+00,11382
3173277,0,EU,2026-08-05 03:37:44.670888+00,11381
84500815,0,EU,2026-08-05 03:37:44.670891+00,11373
8350,0,EU,2026-08-05 03:37:44.670894+00,11372
4602386,0,EU,2026-08-05 03:37:44.670896+00,11360
74288240,0,EU,2026-08-05 03:37:44.670899+00,11353
165290541,0,EU,2026-08-05 03:37:44.670902+00,11352
8627,0,EU,2026-08-05 03:37:44.670905+00,11347
10138,0,EU,2026-08-05 03:37:44.670907+00,11345
7878,0,EU,2026-08-05 03:37:44.67091+00,11344
9740,0,EU,2026-08-05 03:37:44.670913+00,11341
357609154,0,EU,2026-08-05 03:37:44.670916+00,11339
73147666,0,EU,2026-08-05 03:37:44.670919+00,11322
15542387,0,EU,2026-08-05 03:37:44.670922+00,11319
7964,0,EU,2026-08-05 03:37:44.670924+00,11318
9318,0,EU,2026-08-05 03:37:44.670927+00,11311
170639317,0,EU,2026-08-05 03:37:44.67093+00,11311
345294876,0,EU,2026-08-05 03:37:45.43234+00,11306
8893,0,EU,2026-08-05 03:37:45.432374+00,11305
8070,0,EU,2026-08-05 03:37:45.432378+00,11297
29048459,0,EU,2026-08-05 03:37:45.432382+00,11295
326611083,0,EU,2026-08-05 03:37:45.432388+00,11295
440502198,0,EU,2026-08-05 03:37:45.432391+00,11293
70647222,0,EU,2026-08-05 03:37:45.432394+00,11289
352859610,0,EU,2026-08-05 03:37:45.432397+00,11284
9467,0,EU,2026-08-05 03:37:45.4324+00,11276
289825862,0,EU,2026-08-05 03:37:45.432403+00,11275
3806791,0,EU,2026-08-05 03:37:45.432406+00,11269
10118,0,EU,2026-08-05 03:37:45.432409+00,11269
181375554,0,EU,2026-08-05 03:37:45.432412+00,11262
2833,0,EU,2026-08-05 03:37:45.432415+00,11247
2788,0,EU,2026-08-05 03:37:45.432418+00,11242
951912,0,EU,2026-08-05 03:37:45.432421+00,11238
38915661,0,EU,2026-08-05 03:37:45.432424+00,11234
8053,0,EU,2026-08-05 03:37:45.432427+00,11218
9741,0,EU,2026-08-05 03:37:45.432431+00,11217
103783301,0,EU,2026-08-05 03:37:45.432434+00,11208
3173688,0,EU,2026-08-05 03:37:45.432437+00,11204
11407081,0,EU,2026-08-05 03:37:45.43244+00,11203
9215,0,EU,2026-08-05 03:37:45.432443+00,11196
76653673,0,EU,2026-08-05 03:37:45.432446+00,11195
3210,0,EU,2026-08-05 03:37:45.432448+00,11193
9796,0,EU,2026-08-05 03:37:46.206963+00,11180
94003232,0,EU,2026-08-05 03:37:46.206986+00,11178
8632,0,EU,2026-08-05 03:37:46.20699+00,11178
97229033,0,EU,2026-08-05 03:37:46.206993+00,11174
126989798,0,EU,2026-08-05 03:37:46.206996+00,11174
31287093,0,EU,2026-08-05 03:37:46.206999+00,11173
403657,0,EU,2026-08-05 03:37:46.207002+00,11165
391321572,0,EU,2026-08-05 03:37:46.207004+00,11158
858863,0,EU,2026-08-05 03:37:46.207007+00,11158
300184030,0,EU,2026-08-05 03:37:46.20701+00,11155
202376673,0,EU,2026-08-05 03:37:46.207013+00,11153
115634997,0,EU,2026-08-05 03:37:46.207016+00,11142
9895,0,EU,2026-08-05 03:37:46.207019+00,11135
404392988,0,EU,2026-08-05 03:37:46.207021+00,11121
208284390,0,EU,2026-08-05 03:37:46.207024+00,11119
9193,0,EU,2026-08-05 03:37:46.207027+00,11119
8240,0,EU,2026-08-05 03:37:46.20703+00,11118
7888,0,EU,2026-08-05 03:37:46.207032+00,11118
263956719,0,EU,2026-08-05 03:37:46.207036+00,11111
9705,0,EU,2026-08-05 03:37:46.207038+00,11108
178981976,0,EU,2026-08-05 03:37:46.207041+00,11101
10334,0,EU,2026-08-05 03:37:46.207045+00,11094
8566,0,EU,2026-08-05 03:37:46.207048+00,11091
72443736,0,EU,2026-08-05 03:37:46.20705+00,11079
48185548,0,EU,2026-08-05 03:37:46.207053+00,11077
8162,0,EU,2026-08-05 03:37:47.311374+00,11070
299475890,0,EU,2026-08-05 03:37:47.311398+00,11068
199798365,0,EU,2026-08-05 03:37:47.311403+00,11065
4876316,0,EU,2026-08-05 03:37:47.311406+00,11058
162507490,0,EU,2026-08-05 03:37:47.311409+00,11056
10225,0,EU,2026-08-05 03:37:47.311413+00,11055
2889,0,EU,2026-08-05 03:37:47.311416+00,11050
3175000,0,EU,2026-08-05 03:37:47.311419+00,11047
14410389,0,EU,2026-08-05 03:37:47.311422+00,11043
10436564,0,EU,2026-08-05 03:37:47.311424+00,11043
282891071,0,EU,2026-08-05 03:37:47.311427+00,11041
276835252,0,EU,2026-08-05 03:37:47.31143+00,11039
63881539,0,EU,2026-08-05 03:37:47.311433+00,11039
163422156,0,EU,2026-08-05 03:37:47.311436+00,11035
105279388,0,EU,2026-08-05 03:37:47.311439+00,11035
92813343,0,EU,2026-08-05 03:37:47.311442+00,11035
101896980,0,EU,2026-08-05 03:37:47.311444+00,11034
10264,0,EU,2026-08-05 03:37:47.311447+00,11033
410262681,0,EU,2026-08-05 03:37:47.31145+00,11029
9459,0,EU,2026-08-05 03:37:47.311452+00,11026
82380828,0,EU,2026-08-05 03:37:47.311455+00,11024
8278,0,EU,2026-08-05 03:37:47.311458+00,11023
8637,0,EU,2026-08-05 03:37:47.31146+00,11020
161825017,0,EU,2026-08-05 03:37:47.311463+00,11017
9515,0,EU,2026-08-05 03:37:47.311466+00,11013
7970,0,EU,2026-08-05 03:37:48.23199+00,11013
3037,0,EU,2026-08-05 03:37:48.232021+00,11011
168570777,0,EU,2026-08-05 03:37:48.232026+00,11007
8165,0,EU,2026-08-05 03:37:48.232029+00,11006
174037769,0,EU,2026-08-05 03:37:48.232032+00,11006
5142193,0,EU,2026-08-05 03:37:48.232035+00,11002
2922,0,EU,2026-08-05 03:37:48.232038+00,11002
428057410,0,EU,2026-08-05 03:37:48.232041+00,11001
151600203,0,EU,2026-08-05 03:37:48.232044+00,11000
252213147,0,EU,2026-08-05 03:37:48.232047+00,11000
316256240,0,EU,2026-08-05 03:37:48.23205+00,10999
160434060,0,EU,2026-08-05 03:37:48.232053+00,10994
354540638,0,EU,2026-08-05 03:37:48.232056+00,10993
8542,0,EU,2026-08-05 03:37:48.23206+00,10992
9879,0,EU,2026-08-05 03:37:48.232064+00,10990
10080,0,EU,2026-08-05 03:37:48.232067+00,10989
180214292,0,EU,2026-08-05 03:37:48.23207+00,10986
22705256,0,EU,2026-08-05 03:37:48.232073+00,10979
242531462,0,EU,2026-08-05 03:37:48.232076+00,10956
11503796,0,EU,2026-08-05 03:37:48.232078+00,10947
246942949,0,EU,2026-08-05 03:37:48.232082+00,10946
7904,0,EU,2026-08-05 03:37:48.232085+00,10946
152039153,0,EU,2026-08-05 03:37:48.232088+00,10944
9425,0,EU,2026-08-05 03:37:48.232092+00,10939
10267,0,EU,2026-08-05 03:37:48.232096+00,10937
110176365,0,EU,2026-08-05 03:37:49.131766+00,10928
2852623,0,EU,2026-08-05 03:37:49.131798+00,10928
398130990,0,EU,2026-08-05 03:37:49.131803+00,10922
298790298,0,EU,2026-08-05 03:37:49.131807+00,10922
9305,0,EU,2026-08-05 03:37:49.13181+00,10916
3173536,0,EU,2026-08-05 03:37:49.131813+00,10912
153676057,0,EU,2026-08-05 03:37:49.131816+00,10911
130866874,0,EU,2026-08-05 03:37:49.13182+00,10910
389443,0,EU,2026-08-05 03:37:49.131826+00,10909
57966512,0,EU,2026-08-05 03:37:49.13183+00,10904
112764322,0,EU,2026-08-05 03:37:49.131833+00,10903
101489097,0,EU,2026-08-05 03:37:49.131837+00,10901
8816,0,EU,2026-08-05 03:37:49.13184+00,10899
402324385,0,EU,2026-08-05 03:37:49.131843+00,10899
157596908,0,EU,2026-08-05 03:37:49.131846+00,10897
65222003,0,EU,2026-08-05 03:37:49.13185+00,10893
10511196,0,EU,2026-08-05 03:37:49.131853+00,10888
9469,0,EU,2026-08-05 03:37:49.131857+00,10880
363732276,0,EU,2026-08-05 03:37:49.13186+00,10872
145179842,0,EU,2026-08-05 03:37:49.131864+00,10867
128162969,0,EU,2026-08-05 03:37:49.131867+00,10864
15356032,0,EU,2026-08-05 03:37:49.131871+00,10863
291692462,0,EU,2026-08-05 03:37:49.131875+00,10862
288699390,0,EU,2026-08-05 03:37:49.131878+00,10856
8497,0,EU,2026-08-05 03:37:49.131882+00,10854
8277,0,EU,2026-08-05 03:37:50.054051+00,10847
3173930,0,EU,2026-08-05 03:37:50.054078+00,10844
30225129,0,EU,2026-08-05 03:37:50.054082+00,10837
301781114,0,EU,2026-08-05 03:37:50.054085+00,10831
10210,0,EU,2026-08-05 03:37:50.054088+00,10830
261377737,0,EU,2026-08-05 03:37:50.05409+00,10829
9651,0,EU,2026-08-05 03:37:50.054093+00,10826
76353427,0,EU,2026-08-05 03:37:50.054096+00,10826
9597,0,EU,2026-08-05 03:37:50.054099+00,10823
33253072,0,EU,2026-08-05 03:37:50.054102+00,10813
348692674,0,EU,2026-08-05 03:37:50.054105+00,10813
8090,0,EU,2026-08-05 03:37:50.054107+00,10809
10585643,0,EU,2026-08-05 03:37:50.05411+00,10808
440189502,0,EU,2026-08-05 03:37:50.054113+00,10805
7006665,0,EU,2026-08-05 03:37:50.054115+00,10801
181992578,0,EU,2026-08-05 03:37:50.054118+00,10798
259714797,0,EU,2026-08-05 03:37:50.054121+00,10789
18016130,0,EU,2026-08-05 03:37:50.054124+00,10783
9490,0,EU,2026-08-05 03:37:50.054126+00,10782
3175078,0,EU,2026-08-05 03:37:50.054129+00,10782
1278899,0,EU,2026-08-05 03:37:50.054132+00,10771
274237073,0,EU,2026-08-05 03:37:50.054135+00,10771
201217899,0,EU,2026-08-05 03:37:50.054137+00,10767
7941,0,EU,2026-08-05 03:37:50.05414+00,10764
25160625,0,EU,2026-08-05 03:37:50.054143+00,10763
298749596,0,EU,2026-08-05 03:37:51.96996+00,10761
295410257,0,EU,2026-08-05 03:37:51.969986+00,10756
2404085,0,EU,2026-08-05 03:37:51.969989+00,10754
1303438,0,EU,2026-08-05 03:37:51.969992+00,10753
297744538,0,EU,2026-08-05 03:37:51.969996+00,10750
426451929,0,EU,2026-08-05 03:37:51.969999+00,10748
422516628,0,EU,2026-08-05 03:37:51.970002+00,10745
160344082,0,EU,2026-08-05 03:37:51.970005+00,10744
372850498,0,EU,2026-08-05 03:37:51.970008+00,10742
6351978,0,EU,2026-08-05 03:37:51.970011+00,10742
8791,0,EU,2026-08-05 03:37:51.970014+00,10741
303915841,0,EU,2026-08-05 03:37:51.970017+00,10740
158740164,0,EU,2026-08-05 03:37:51.97002+00,10740
7862,0,EU,2026-08-05 03:37:51.970023+00,10737
24139924,0,EU,2026-08-05 03:37:51.970026+00,10718
420195110,0,EU,2026-08-05 03:37:51.970029+00,10716
429438066,0,EU,2026-08-05 03:37:51.970032+00,10711
2917,0,EU,2026-08-05 03:37:51.970035+00,10710
8538,0,EU,2026-08-05 03:37:51.970038+00,10708
1938822,0,EU,2026-08-05 03:37:51.970041+00,10703
270468528,0,EU,2026-08-05 03:37:51.970044+00,10701
164774694,0,EU,2026-08-05 03:37:51.970047+00,10700
9528,0,EU,2026-08-05 03:37:51.970051+00,10698
19290301,0,EU,2026-08-05 03:37:51.970054+00,10697
8877,0,EU,2026-08-05 03:37:51.970057+00,10695
98389336,0,EU,2026-08-05 03:37:53.074057+00,10695
80645627,0,EU,2026-08-05 03:37:53.074084+00,10686
3175393,0,EU,2026-08-05 03:37:53.074089+00,10685
8574,0,EU,2026-08-05 03:37:53.074092+00,10685
82805741,0,EU,2026-08-05 03:37:53.074095+00,10684
8991,0,EU,2026-08-05 03:37:53.074098+00,10678
8618,0,EU,2026-08-05 03:37:53.074101+00,10673
276100892,0,EU,2026-08-05 03:37:53.074104+00,10664
9683,0,EU,2026-08-05 03:37:53.074107+00,10662
101330445,0,EU,2026-08-05 03:37:53.074109+00,10657
4070171,0,EU,2026-08-05 03:37:53.074112+00,10655
154030475,0,EU,2026-08-05 03:37:53.074115+00,10655
117391341,0,EU,2026-08-05 03:37:53.074117+00,10655
73714100,0,EU,2026-08-05 03:37:53.07412+00,10647
6533873,0,EU,2026-08-05 03:37:53.074123+00,10645
385092027,0,EU,2026-08-05 03:37:53.074126+00,10642
57723081,0,EU,2026-08-05 03:37:53.074129+00,10633
3174696,0,EU,2026-08-05 03:37:53.074132+00,10633
10108,0,EU,2026-08-05 03:37:53.074135+00,10631
304213097,0,EU,2026-08-05 03:37:53.074138+00,10629
208988667,0,EU,2026-08-05 03:37:53.074141+00,10629
449964950,0,EU,2026-08-05 03:37:53.074145+00,10628
3131,0,EU,2026-08-05 03:37:53.074148+00,10624
9661,0,EU,2026-08-05 03:37:53.074151+00,10623
9314,0,EU,2026-08-05 03:37:53.074153+00,10617
280191815,0,EU,2026-08-05 03:37:53.473417+00,10614
5810999,0,EU,2026-08-05 03:37:53.473443+00,10611
384775772,0,EU,2026-08-05 03:37:53.473447+00,10611
5720695,0,EU,2026-08-05 03:37:53.47345+00,10610
2080382,0,EU,2026-08-05 03:37:53.473453+00,10606
5711131,0,EU,2026-08-05 03:37:53.473456+00,10606
376281715,0,EU,2026-08-05 03:37:53.473459+00,10606
164771540,0,EU,2026-08-05 03:37:53.473462+00,10605
91440065,0,EU,2026-08-05 03:37:53.473465+00,10605
286180398,0,EU,2026-08-05 03:37:53.473469+00,10602
201496627,0,EU,2026-08-05 03:37:53.473472+00,10600
8979,0,EU,2026-08-05 03:37:53.473475+00,10599
9195437,0,EU,2026-08-05 03:37:53.473478+00,10598
147427966,0,EU,2026-08-05 03:37:53.47348+00,10592
230482352,0,EU,2026-08-05 03:37:53.473484+00,10588
439969705,0,EU,2026-08-05 03:37:53.473487+00,10587
9969,0,EU,2026-08-05 03:37:53.47349+00,10583
226416793,0,EU,2026-08-05 03:37:53.473494+00,10575
429543678,0,EU,2026-08-05 03:37:53.473496+00,10573
384055451,0,EU,2026-08-05 03:37:53.4735+00,10572
8704,0,EU,2026-08-05 03:37:53.473502+00,10571
165914475,0,EU,2026-08-05 03:37:53.473505+00,10569
374770688,0,EU,2026-08-05 03:37:53.473508+00,10568
3175759,0,EU,2026-08-05 03:37:53.473511+00,10567
240092165,0,EU,2026-08-05 03:37:53.473514+00,10567
161319149,0,EU,2026-08-05 03:37:55.499531+00,10566
164558309,0,EU,2026-08-05 03:37:55.499554+00,10564
164587824,0,EU,2026-08-05 03:37:55.499559+00,10563
7909,0,EU,2026-08-05 03:37:55.499562+00,10561
295336667,0,EU,2026-08-05 03:37:55.499565+00,10561
9521,0,EU,2026-08-05 03:37:55.499567+00,10558
60670758,0,EU,2026-08-05 03:37:55.49957+00,10557
740657,0,EU,2026-08-05 03:37:55.499573+00,10555
158720130,0,EU,2026-08-05 03:37:55.499576+00,10553
23711104,0,EU,2026-08-05 03:37:55.499579+00,10552
161476244,0,EU,2026-08-05 03:37:55.499582+00,10538
8590,0,EU,2026-08-05 03:37:55.499585+00,10536
9729,0,EU,2026-08-05 03:37:55.499588+00,10535
418191747,0,EU,2026-08-05 03:37:55.499591+00,10533
106405972,0,EU,2026-08-05 03:37:55.499593+00,10533
446092936,0,EU,2026-08-05 03:37:55.499596+00,10532
39416391,0,EU,2026-08-05 03:37:55.499599+00,10530
363799783,0,EU,2026-08-05 03:37:55.499602+00,10530
378289831,0,EU,2026-08-05 03:37:55.499605+00,10529
132674180,0,EU,2026-08-05 03:37:55.499616+00,10524
299930192,0,EU,2026-08-05 03:37:55.499621+00,10523
10185,0,EU,2026-08-05 03:37:55.499624+00,10521
244439330,0,EU,2026-08-05 03:37:55.499627+00,10521
54104514,0,EU,2026-08-05 03:37:55.49963+00,10520
431356584,0,EU,2026-08-05 03:37:55.499633+00,10518
14438075,0,EU,2026-08-05 03:37:56.072772+00,10516
1389487,0,EU,2026-08-05 03:37:56.072805+00,10511
8436,0,EU,2026-08-05 03:37:56.072809+00,10508
427090920,0,EU,2026-08-05 03:37:56.072812+00,10505
9992,0,EU,2026-08-05 03:37:56.072815+00,10505
12830562,0,EU,2026-08-05 03:37:56.072818+00,10504
201820890,0,EU,2026-08-05 03:37:56.072821+00,10501
11197727,0,EU,2026-08-05 03:37:56.072824+00,10500
59321634,0,EU,2026-08-05 03:37:56.072827+00,10497
10215,0,EU,2026-08-05 03:37:56.07283+00,10496
155212842,0,EU,2026-08-05 03:37:56.072833+00,10495
193146198,0,EU,2026-08-05 03:37:56.072838+00,10495
8166,0,EU,2026-08-05 03:37:56.072841+00,10492
8990,0,EU,2026-08-05 03:37:56.072844+00,10491
296643380,0,EU,2026-08-05 03:37:56.072847+00,10491
291766446,0,EU,2026-08-05 03:37:56.07285+00,10488
9990,0,EU,2026-08-05 03:37:56.072853+00,10485
417233451,0,EU,2026-08-05 03:37:56.072856+00,10484
8845,0,EU,2026-08-05 03:37:56.072859+00,10483
178017653,0,EU,2026-08-05 03:37:56.072862+00,10477
72661909,0,EU,2026-08-05 03:37:56.072865+00,10476
157882934,0,EU,2026-08-05 03:37:56.072868+00,10475
791123,0,EU,2026-08-05 03:37:56.072871+00,10475
295952232,0,EU,2026-08-05 03:37:56.072874+00,10474
8293,0,EU,2026-08-05 03:37:56.072877+00,10474
57268923,0,EU,2026-08-05 03:37:57.493251+00,10474
172578774,0,EU,2026-08-05 03:37:57.493277+00,10469
3410197,0,EU,2026-08-05 03:37:57.493283+00,10469
383081745,0,EU,2026-08-05 03:37:57.493286+00,10468
60538579,0,EU,2026-08-05 03:37:57.493289+00,10465
378720793,0,EU,2026-08-05 03:37:57.493292+00,10463
31094741,0,EU,2026-08-05 03:37:57.493295+00,10462
307300875,0,EU,2026-08-05 03:37:57.493297+00,10456
2841,0,EU,2026-08-05 03:37:57.493301+00,10455
151289216,0,EU,2026-08-05 03:37:57.493304+00,10454
3675678,0,EU,2026-08-05 03:37:57.493306+00,10453
180531897,0,EU,2026-08-05 03:37:57.493352+00,10452
8066,0,EU,2026-08-05 03:37:57.493356+00,10449
9310,0,EU,2026-08-05 03:37:57.493359+00,10438
8524,0,EU,2026-08-05 03:37:57.493362+00,10437
297870381,0,EU,2026-08-05 03:37:57.493365+00,10435
92010692,0,EU,2026-08-05 03:37:57.493368+00,10435
188692934,0,EU,2026-08-05 03:37:57.493371+00,10428
277676319,0,EU,2026-08-05 03:37:57.493374+00,10425
54436713,0,EU,2026-08-05 03:37:57.493377+00,10424
9693,0,EU,2026-08-05 03:37:57.49338+00,10420
121610386,0,EU,2026-08-05 03:37:57.493384+00,10418
10780277,0,EU,2026-08-05 03:37:57.493387+00,10417
2918,0,EU,2026-08-05 03:37:57.49339+00,10414
435554972,0,EU,2026-08-05 03:37:57.493393+00,10413
8265,0,EU,2026-08-05 03:37:58.394902+00,10411
31564377,0,EU,2026-08-05 03:37:58.39493+00,10410
302156931,0,EU,2026-08-05 03:37:58.394934+00,10408
303504819,0,EU,2026-08-05 03:37:58.394937+00,10407
9291,0,EU,2026-08-05 03:37:58.394941+00,10406
9952,0,EU,2026-08-05 03:37:58.394944+00,10406
146846419,0,EU,2026-08-05 03:37:58.394947+00,10404
9085,0,EU,2026-08-05 03:37:58.39495+00,10403
439947456,0,EU,2026-08-05 03:37:58.394952+00,10402
355028173,0,EU,2026-08-05 03:37:58.394955+00,10401
464718219,0,EU,2026-08-05 03:37:58.394958+00,10399
16684701,0,EU,2026-08-05 03:37:58.394961+00,10398
345668138,0,EU,2026-08-05 03:37:58.394964+00,10398
74041809,0,EU,2026-08-05 03:37:58.394966+00,10395
155591856,0,EU,2026-08-05 03:37:58.394969+00,10395
8929,0,EU,2026-08-05 03:37:58.394972+00,10395
353938745,0,EU,2026-08-05 03:37:58.394975+00,10391
212630404,0,EU,2026-08-05 03:37:58.394978+00,10390
297785832,0,EU,2026-08-05 03:37:58.394981+00,10388
56446556,0,EU,2026-08-05 03:37:58.394983+00,10388
9890,0,EU,2026-08-05 03:37:58.394986+00,10383
19803344,0,EU,2026-08-05 03:37:58.394989+00,10382
297274177,0,EU,2026-08-05 03:37:58.394991+00,10381
94573832,0,EU,2026-08-05 03:37:58.394994+00,10380
384731592,0,EU,2026-08-05 03:37:58.395001+00,10378
169603448,0,EU,2026-08-05 03:37:59.273965+00,10376
417405751,0,EU,2026-08-05 03:37:59.27399+00,10375
25337677,0,EU,2026-08-05 03:37:59.273994+00,10372
444493796,0,EU,2026-08-05 03:37:59.273997+00,10368
19645562,0,EU,2026-08-05 03:37:59.274+00,10364
154241984,0,EU,2026-08-05 03:37:59.274006+00,10359
25686938,0,EU,2026-08-05 03:37:59.27401+00,10358
217603927,0,EU,2026-08-05 03:37:59.274013+00,10357
22714272,0,EU,2026-08-05 03:37:59.274016+00,10357
378502065,0,EU,2026-08-05 03:37:59.274019+00,10356
25968761,0,EU,2026-08-05 03:37:59.274022+00,10353
8164,0,EU,2026-08-05 03:37:59.274025+00,10351
315714008,0,EU,2026-08-05 03:37:59.274028+00,10350
15257178,0,EU,2026-08-05 03:37:59.27403+00,10345
64508178,0,EU,2026-08-05 03:37:59.274033+00,10342
64835308,0,EU,2026-08-05 03:37:59.274036+00,10341
8950,0,EU,2026-08-05 03:37:59.274039+00,10338
325602656,0,EU,2026-08-05 03:37:59.274042+00,10335
1712145,0,EU,2026-08-05 03:37:59.274045+00,10334
16938004,0,EU,2026-08-05 03:37:59.274048+00,10332
16713838,0,EU,2026-08-05 03:37:59.274051+00,10328
164814432,0,EU,2026-08-05 03:37:59.274054+00,10327
68565337,0,EU,2026-08-05 03:37:59.274057+00,10325
9559,0,EU,2026-08-05 03:37:59.27406+00,10322
415535680,0,EU,2026-08-05 03:37:59.274062+00,10322
8828,0,EU,2026-08-05 03:38:00.159546+00,10321
216216311,0,EU,2026-08-05 03:38:00.159569+00,10321
292840468,0,EU,2026-08-05 03:38:00.159572+00,10318
157221395,0,EU,2026-08-05 03:38:00.159575+00,10318
173359303,0,EU,2026-08-05 03:38:00.159578+00,10317
298909,0,EU,2026-08-05 03:38:00.159582+00,10316
8328,0,EU,2026-08-05 03:38:00.159585+00,10316
372179931,0,EU,2026-08-05 03:38:00.159588+00,10313
381680220,0,EU,2026-08-05 03:38:00.159591+00,10304
10505405,0,EU,2026-08-05 03:38:00.159593+00,10299
70069311,0,EU,2026-08-05 03:38:00.159596+00,10298
160301129,0,EU,2026-08-05 03:38:00.159599+00,10295
9743,0,EU,2026-08-05 03:38:00.159601+00,10294
176902492,0,EU,2026-08-05 03:38:00.159604+00,10291
9066,0,EU,2026-08-05 03:38:00.159607+00,10290
25073338,0,EU,2026-08-05 03:38:00.15961+00,10286
10565453,0,EU,2026-08-05 03:38:00.159613+00,10286
8818,0,EU,2026-08-05 03:38:00.159616+00,10280
291568063,0,EU,2026-08-05 03:38:00.159618+00,10279
21554988,0,EU,2026-08-05 03:38:00.159621+00,10279
183730999,0,EU,2026-08-05 03:38:00.159623+00,10278
286679237,0,EU,2026-08-05 03:38:00.159626+00,10278
22369052,0,EU,2026-08-05 03:38:00.159628+00,10275
55687950,0,EU,2026-08-05 03:38:00.159631+00,10274
177757187,0,EU,2026-08-05 03:38:00.159634+00,10273
73664506,0,EU,2026-08-05 03:38:02.357054+00,10269
9222,0,EU,2026-08-05 03:38:02.357075+00,10269
198895212,0,EU,2026-08-05 03:38:02.35708+00,10263
298769549,0,EU,2026-08-05 03:38:02.357083+00,10260
295776631,0,EU,2026-08-05 03:38:02.357086+00,10259
8824,0,EU,2026-08-05 03:38:02.357089+00,10256
298882887,0,EU,2026-08-05 03:38:02.357091+00,10256
30150901,0,EU,2026-08-05 03:38:02.357094+00,10256
8836,0,EU,2026-08-05 03:38:02.357097+00,10254
9475,0,EU,2026-08-05 03:38:02.357102+00,10254
64726405,0,EU,2026-08-05 03:38:02.357105+00,10253
9868,0,EU,2026-08-05 03:38:02.357108+00,10253
157236871,0,EU,2026-08-05 03:38:02.357111+00,10245
2988148,0,EU,2026-08-05 03:38:02.357113+00,10239
9551,0,EU,2026-08-05 03:38:02.357116+00,10239
244981759,0,EU,2026-08-05 03:38:02.357119+00,10239
125485365,0,EU,2026-08-05 03:38:02.357122+00,10238
398318908,0,EU,2026-08-05 03:38:02.357125+00,10237
250233284,0,EU,2026-08-05 03:38:02.357128+00,10237
76696154,0,EU,2026-08-05 03:38:02.357131+00,10235
182374260,0,EU,2026-08-05 03:38:02.357134+00,10233
312380697,0,EU,2026-08-05 03:38:02.357136+00,10231
1073494,0,EU,2026-08-05 03:38:02.357139+00,10229
168539599,0,EU,2026-08-05 03:38:02.357142+00,10228
352744361,0,EU,2026-08-05 03:38:02.357145+00,10226
8051,0,EU,2026-08-05 03:38:02.794876+00,10225
9893,0,EU,2026-08-05 03:38:02.79492+00,10224
460921803,0,EU,2026-08-05 03:38:02.794923+00,10222
426833549,0,EU,2026-08-05 03:38:02.794926+00,10219
48184147,0,EU,2026-08-05 03:38:02.794929+00,10211
8252,0,EU,2026-08-05 03:38:02.794932+00,10210
316068089,0,EU,2026-08-05 03:38:02.794935+00,10210
301614355,0,EU,2026-08-05 03:38:02.794938+00,10208
94053242,0,EU,2026-08-05 03:38:02.794941+00,10203
281531081,0,EU,2026-08-05 03:38:02.794946+00,10203
97525238,0,EU,2026-08-05 03:38:02.794949+00,10202
3013558,0,EU,2026-08-05 03:38:02.794951+00,10201
357401037,0,EU,2026-08-05 03:38:02.794956+00,10199
151138304,0,EU,2026-08-05 03:38:02.794959+00,10190
30154552,0,EU,2026-08-05 03:38:02.794962+00,10188
128316449,0,EU,2026-08-05 03:38:02.794965+00,10187
375876157,0,EU,2026-08-05 03:38:02.794968+00,10184
236880010,0,EU,2026-08-05 03:38:02.794972+00,10183
9336,0,EU,2026-08-05 03:38:02.794975+00,10182
10189,0,EU,2026-08-05 03:38:02.794978+00,10181
193124675,0,EU,2026-08-05 03:38:02.79498+00,10181
3907714,0,EU,2026-08-05 03:38:02.794983+00,10181
450116100,0,EU,2026-08-05 03:38:02.794986+00,10180
324485642,0,EU,2026-08-05 03:38:02.794989+00,10174
228664135,0,EU,2026-08-05 03:38:02.794991+00,10174
8003,0,EU,2026-08-05 03:38:03.713187+00,10174
9677,0,EU,2026-08-05 03:38:03.713215+00,10170
23664910,0,EU,2026-08-05 03:38:03.713219+00,10170
174512683,0,EU,2026-08-05 03:38:03.713222+00,10170
9249,0,EU,2026-08-05 03:38:03.713225+00,10170
3175464,0,EU,2026-08-05 03:38:03.713228+00,10170
173782185,0,EU,2026-08-05 03:38:03.713231+00,10169
10775781,0,EU,2026-08-05 03:38:03.713234+00,10169
87887851,0,EU,2026-08-05 03:38:03.713237+00,10169
14516579,0,EU,2026-08-05 03:38:03.71324+00,10166
291753828,0,EU,2026-08-05 03:38:03.713243+00,10166
10105729,0,EU,2026-08-05 03:38:03.713246+00,10159
3192692,0,EU,2026-08-05 03:38:03.713248+00,10158
171256636,0,EU,2026-08-05 03:38:03.713251+00,10157
279461660,0,EU,2026-08-05 03:38:03.713254+00,10157
15468476,0,EU,2026-08-05 03:38:03.713257+00,10156
47634840,0,EU,2026-08-05 03:38:03.71326+00,10155
10011,0,EU,2026-08-05 03:38:03.713263+00,10155
209494371,0,EU,2026-08-05 03:38:03.713266+00,10152
12552318,0,EU,2026-08-05 03:38:03.713269+00,10150
29386928,0,EU,2026-08-05 03:38:03.713271+00,10148
303977079,0,EU,2026-08-05 03:38:03.713274+00,10145
7931,0,EU,2026-08-05 03:38:03.713277+00,10144
458641995,0,EU,2026-08-05 03:38:03.71328+00,10144
156678106,0,EU,2026-08-05 03:38:03.713283+00,10142
106252735,0,EU,2026-08-05 03:38:04.473739+00,10140
60831918,0,EU,2026-08-05 03:38:04.473769+00,10139
265388725,0,EU,2026-08-05 03:38:04.473773+00,10137
444496554,0,EU,2026-08-05 03:38:04.473776+00,10136
55875769,0,EU,2026-08-05 03:38:04.473779+00,10135
294429498,0,EU,2026-08-05 03:38:04.473782+00,10132
1853211,0,EU,2026-08-05 03:38:04.473785+00,10132
348168515,0,EU,2026-08-05 03:38:04.473788+00,10130
185956635,0,EU,2026-08-05 03:38:04.473791+00,10129
379109275,0,EU,2026-08-05 03:38:04.473794+00,10125
309807896,0,EU,2026-08-05 03:38:04.473797+00,10123
268114589,0,EU,2026-08-05 03:38:04.4738+00,10123
154891010,0,EU,2026-08-05 03:38:04.473803+00,10118
35120375,0,EU,2026-08-05 03:38:04.473806+00,10116
9590,0,EU,2026-08-05 03:38:04.473809+00,10115
224437082,0,EU,2026-08-05 03:38:04.473812+00,10113
405046023,0,EU,2026-08-05 03:38:04.473815+00,10113
3211,0,EU,2026-08-05 03:38:04.473818+00,10113
116321707,0,EU,2026-08-05 03:38:04.473821+00,10111
308520839,0,EU,2026-08-05 03:38:04.473824+00,10109
118608887,0,EU,2026-08-05 03:38:04.473827+00,10108
432203607,0,EU,2026-08-05 03:38:04.47383+00,10107
250339074,0,EU,2026-08-05 03:38:04.473833+00,10106
349063096,0,EU,2026-08-05 03:38:04.473836+00,10104
48705204,0,EU,2026-08-05 03:38:04.473838+00,10103
146051089,0,EU,2026-08-05 03:38:05.355135+00,10103
8714,0,EU,2026-08-05 03:38:05.355158+00,10102
7968,0,EU,2026-08-05 03:38:05.355162+00,10100
286746667,0,EU,2026-08-05 03:38:05.355164+00,10100
20978050,0,EU,2026-08-05 03:38:05.355167+00,10099
7846,0,EU,2026-08-05 03:38:05.35517+00,10097
393062458,0,EU,2026-08-05 03:38:05.355173+00,10095
33128716,0,EU,2026-08-05 03:38:05.355176+00,10094
19397581,0,EU,2026-08-05 03:38:05.355179+00,10093
20072119,0,EU,2026-08-05 03:38:05.355182+00,10090
52926683,0,EU,2026-08-05 03:38:05.355184+00,10087
161272072,0,EU,2026-08-05 03:38:05.355187+00,10087
380289586,0,EU,2026-08-05 03:38:05.35519+00,10086
466763534,0,EU,2026-08-05 03:38:05.355193+00,10085
327453496,0,EU,2026-08-05 03:38:05.355195+00,10085
395118722,0,EU,2026-08-05 03:38:05.355199+00,10084
161070906,0,EU,2026-08-05 03:38:05.355202+00,10079
8570,0,EU,2026-08-05 03:38:05.355204+00,10078
9090,0,EU,2026-08-05 03:38:05.355207+00,10077
385310710,0,EU,2026-08-05 03:38:05.35521+00,10077
378872260,0,EU,2026-08-05 03:38:05.355213+00,10076
464912236,0,EU,2026-08-05 03:38:05.355216+00,10076
29618477,0,EU,2026-08-05 03:38:05.355219+00,10076
446592128,0,EU,2026-08-05 03:38:05.355222+00,10075
460496381,0,EU,2026-08-05 03:38:05.355225+00,10075
18599890,0,EU,2026-08-05 03:38:06.139521+00,10074
44216149,0,EU,2026-08-05 03:38:06.139548+00,10073
9558,0,EU,2026-08-05 03:38:06.139551+00,10072
223210300,0,EU,2026-08-05 03:38:06.139554+00,10071
15928827,0,EU,2026-08-05 03:38:06.139558+00,10071
25652384,0,EU,2026-08-05 03:38:06.139561+00,10070
6631735,0,EU,2026-08-05 03:38:06.139563+00,10069
242620061,0,EU,2026-08-05 03:38:06.139566+00,10068
2991,0,EU,2026-08-05 03:38:06.139569+00,10067
64680847,0,EU,2026-08-05 03:38:06.139572+00,10067
68492714,0,EU,2026-08-05 03:38:06.139575+00,10066
417547873,0,EU,2026-08-05 03:38:06.139578+00,10066
63211920,0,EU,2026-08-05 03:38:06.139585+00,10066
38244829,0,EU,2026-08-05 03:38:06.139588+00,10063
168092095,0,EU,2026-08-05 03:38:06.13959+00,10063
461986507,0,EU,2026-08-05 03:38:06.139593+00,10062
9581,0,EU,2026-08-05 03:38:06.139595+00,10061
218798461,0,EU,2026-08-05 03:38:06.139598+00,10061
172759139,0,EU,2026-08-05 03:38:06.139601+00,10060
11512679,0,EU,2026-08-05 03:38:06.139604+00,10059
301634448,0,EU,2026-08-05 03:38:06.139607+00,10058
459139097,0,EU,2026-08-05 03:38:06.139609+00,10057
47389816,0,EU,2026-08-05 03:38:06.139613+00,10057
464265749,0,EU,2026-08-05 03:38:06.139615+00,10057
445587321,0,EU,2026-08-05 03:38:06.139618+00,10055
9123,0,EU,2026-08-05 03:38:07.054085+00,10055
420855330,0,EU,2026-08-05 03:38:07.054112+00,10055
8634,0,EU,2026-08-05 03:38:07.054116+00,10054
470549576,0,EU,2026-08-05 03:38:07.054119+00,10054
324965042,0,EU,2026-08-05 03:38:07.054123+00,10053
389569041,0,EU,2026-08-05 03:38:07.054126+00,10053
178937727,0,EU,2026-08-05 03:38:07.054129+00,10052
292645176,0,EU,2026-08-05 03:38:07.054132+00,10051
335241578,0,EU,2026-08-05 03:38:07.054135+00,10050
461742415,0,EU,2026-08-05 03:38:07.054138+00,10050
361051192,0,EU,2026-08-05 03:38:07.054142+00,10050
153340819,0,EU,2026-08-05 03:38:07.054145+00,10048
438522677,0,EU,2026-08-05 03:38:07.054148+00,10048
222158559,0,EU,2026-08-05 03:38:07.054151+00,10046
49953846,0,EU,2026-08-05 03:38:07.054154+00,10046
430549252,0,EU,2026-08-05 03:38:07.054156+00,10045
171268245,0,EU,2026-08-05 03:38:07.054159+00,10044
264480771,0,EU,2026-08-05 03:38:07.054162+00,10043
361616264,0,EU,2026-08-05 03:38:07.054165+00,10042
204930772,0,EU,2026-08-05 03:38:07.054168+00,10042
397584083,0,EU,2026-08-05 03:38:07.054172+00,10042
135148631,0,EU,2026-08-05 03:38:07.054175+00,10040
2006722,0,EU,2026-08-05 03:38:07.054178+00,10039
8313,0,EU,2026-08-05 03:38:07.054181+00,10039
391304765,0,EU,2026-08-05 03:38:07.054184+00,10039
419171836,0,EU,2026-08-05 03:38:07.834592+00,10039
363799545,0,EU,2026-08-05 03:38:07.834618+00,10039
8107372,0,EU,2026-08-05 03:38:07.834622+00,10038
8814,0,EU,2026-08-05 03:38:07.834625+00,10035
224712695,0,EU,2026-08-05 03:38:07.834628+00,10035
12766908,0,EU,2026-08-05 03:38:07.83463+00,10034
2252369,0,EU,2026-08-05 03:38:07.834633+00,10033
332741649,0,EU,2026-08-05 03:38:07.834636+00,10033
8624,0,EU,2026-08-05 03:38:07.834639+00,10033
169466821,0,EU,2026-08-05 03:38:07.834642+00,10030
9287,0,EU,2026-08-05 03:38:07.834645+00,10029
64618359,0,EU,2026-08-05 03:38:07.834648+00,10029
188632983,0,EU,2026-08-05 03:38:07.834651+00,10029
9924,0,EU,2026-08-05 03:38:07.834653+00,10028
31737766,0,EU,2026-08-05 03:38:07.834656+00,10026
9367,0,EU,2026-08-05 03:38:07.834659+00,10025
227787203,0,EU,2026-08-05 03:38:07.834661+00,10025
5733348,0,EU,2026-08-05 03:38:07.834666+00,10024
470532720,0,EU,2026-08-05 03:38:07.834669+00,10024
8431,0,EU,2026-08-05 03:38:07.834671+00,10022
9042,0,EU,2026-08-05 03:38:07.834675+00,10022
192182540,0,EU,2026-08-05 03:38:07.834677+00,10022
1440681,0,EU,2026-08-05 03:38:07.83468+00,10021
252272438,0,EU,2026-08-05 03:38:07.834683+00,10021
210577113,0,EU,2026-08-05 03:38:07.834685+00,10020
130408131,0,EU,2026-08-05 03:38:08.243351+00,10020
200818141,0,EU,2026-08-05 03:38:08.243376+00,10019
8401,0,EU,2026-08-05 03:38:08.24338+00,10018
9157,0,EU,2026-08-05 03:38:08.243382+00,10017
216485100,0,EU,2026-08-05 03:38:08.243385+00,10016
80776897,0,EU,2026-08-05 03:38:08.243388+00,10016
299897343,0,EU,2026-08-05 03:38:08.243391+00,10015
9376,0,EU,2026-08-05 03:38:08.243394+00,10015
449491394,0,EU,2026-08-05 03:38:08.243397+00,10014
173914652,0,EU,2026-08-05 03:38:08.2434+00,10013
9358633,0,EU,2026-08-05 03:38:08.243403+00,10012
8601,0,EU,2026-08-05 03:38:08.243406+00,10012
387187256,0,EU,2026-08-05 03:38:08.243409+00,10011
35916723,0,EU,2026-08-05 03:38:08.243412+00,10010
300464664,0,EU,2026-08-05 03:38:08.243415+00,10010
467146245,0,EU,2026-08-05 03:38:08.243418+00,10009
383918423,0,EU,2026-08-05 03:38:08.243421+00,10009
137831415,0,EU,2026-08-05 03:38:08.243423+00,10008
365555755,0,EU,2026-08-05 03:38:08.243426+00,10008
8227,0,EU,2026-08-05 03:38:08.243429+00,10007
9756,0,EU,2026-08-05 03:38:08.243432+00,10006
9205,0,EU,2026-08-05 03:38:08.243434+00,10005
109388532,0,EU,2026-08-05 03:38:08.243437+00,10005
359907446,0,EU,2026-08-05 03:38:08.24344+00,10005
443432362,0,EU,2026-08-05 03:38:08.243443+00,10004
322908813,0,EU,2026-08-05 03:38:09.051792+00,10003
181524708,0,EU,2026-08-05 03:38:09.051822+00,10002
16446283,0,EU,2026-08-05 03:38:09.051827+00,10002
206224464,0,EU,2026-08-05 03:38:09.051831+00,10002
215550087,0,EU,2026-08-05 03:38:09.051834+00,10002
10092,0,EU,2026-08-05 03:38:09.051838+00,10001
163552887,0,EU,2026-08-05 03:38:09.051842+00,10001
8470,0,EU,2026-08-05 03:38:09.051845+00,9998
4072069,0,EU,2026-08-05 03:38:09.051849+00,9996
9078,0,EU,2026-08-05 03:38:09.051852+00,9996
333192327,0,EU,2026-08-05 03:38:09.051855+00,9995
9430720,0,EU,2026-08-05 03:38:09.051858+00,9995
3297573,0,EU,2026-08-05 03:38:09.051862+00,9993
8719,0,EU,2026-08-05 03:38:09.051865+00,9993
32779658,0,EU,2026-08-05 03:38:09.051868+00,9991
191329007,0,EU,2026-08-05 03:38:09.051872+00,9990
497553,0,EU,2026-08-05 03:38:09.051875+00,9989
3174620,0,EU,2026-08-05 03:38:09.051879+00,9987
3199,0,EU,2026-08-05 03:38:09.051882+00,9985
3240,0,EU,2026-08-05 03:38:09.051886+00,9983
8451254,0,EU,2026-08-05 03:38:09.051889+00,9981
71964560,0,EU,2026-08-05 03:38:09.051894+00,9980
294534668,0,EU,2026-08-05 03:38:09.051897+00,9980
23506754,0,EU,2026-08-05 03:38:09.051901+00,9980
168847511,0,EU,2026-08-05 03:38:09.051907+00,9978
22624485,0,EU,2026-08-05 03:38:09.933258+00,9977
9111880,0,EU,2026-08-05 03:38:09.933283+00,9977
9330,0,EU,2026-08-05 03:38:09.933286+00,9976
308801987,0,EU,2026-08-05 03:38:09.93329+00,9974
154728798,0,EU,2026-08-05 03:38:09.933293+00,9973
14789355,0,EU,2026-08-05 03:38:09.933295+00,9972
469838704,0,EU,2026-08-05 03:38:09.933298+00,9971
94174746,0,EU,2026-08-05 03:38:09.9333+00,9971
348730174,0,EU,2026-08-05 03:38:09.933303+00,9968
36347715,0,EU,2026-08-05 03:38:09.933306+00,9968
51827800,0,EU,2026-08-05 03:38:09.933309+00,9962
94657607,0,EU,2026-08-05 03:38:09.933312+00,9961
59728037,0,EU,2026-08-05 03:38:09.933314+00,9960
118,0,EU,2026-08-05 03:38:09.933317+00,9960
464960396,0,EU,2026-08-05 03:38:09.93332+00,9959
9540,0,EU,2026-08-05 03:38:09.933322+00,9958
345808062,0,EU,2026-08-05 03:38:09.933325+00,9958
27037350,0,EU,2026-08-05 03:38:09.933327+00,9957
424219506,0,EU,2026-08-05 03:38:09.93333+00,9951
9331,0,EU,2026-08-05 03:38:09.933332+00,9949
8122,0,EU,2026-08-05 03:38:09.933335+00,9949
8928,0,EU,2026-08-05 03:38:09.933337+00,9949
158782396,0,EU,2026-08-05 03:38:09.933339+00,9949
9662,0,EU,2026-08-05 03:38:09.933342+00,9946
166818095,0,EU,2026-08-05 03:38:09.933344+00,9945
2796,0,AP,2026-08-05 03:37:32.212893+00,19310
73,0,AP,2026-08-05 03:37:32.21292+00,18804
3298,0,AP,2026-08-05 03:37:32.212924+00,18567
34687448,0,AP,2026-08-05 03:37:32.212929+00,18153
3175042,0,AP,2026-08-05 03:37:32.212932+00,17651
3173332,0,AP,2026-08-05 03:37:32.212935+00,17501
3081,0,AP,2026-08-05 03:37:32.212938+00,17368
3184,0,AP,2026-08-05 03:37:32.212941+00,17026
20,0,AP,2026-08-05 03:37:32.212944+00,17020
2964,0,AP,2026-08-05 03:37:32.212947+00,17008
3242,0,AP,2026-08-05 03:37:32.21295+00,16741
46,0,AP,2026-08-05 03:37:32.212953+00,16614
3481,0,AP,2026-08-05 03:37:32.212957+00,16583
140,0,AP,2026-08-05 03:37:32.21296+00,16318
100,0,AP,2026-08-05 03:37:32.212963+00,16141
78267926,0,AP,2026-08-05 03:37:32.212966+00,16104
10404,0,AP,2026-08-05 03:37:32.21297+00,16064
252913336,0,AP,2026-08-05 03:37:32.212973+00,16029
3332,0,AP,2026-08-05 03:37:32.212976+00,15910
479,0,AP,2026-08-05 03:37:32.212979+00,15762
124,0,AP,2026-08-05 03:37:32.212982+00,15752
3175885,0,AP,2026-08-05 03:37:32.212985+00,15248
11043,0,AP,2026-08-05 03:37:32.212987+00,15179
10286,0,AP,2026-08-05 03:37:32.21299+00,15128
2990,0,AP,2026-08-05 03:37:32.212993+00,15105
3339,0,AP,2026-08-05 03:37:32.631945+00,15052
213948317,0,AP,2026-08-05 03:37:32.631975+00,14921
8841,0,AP,2026-08-05 03:37:32.631979+00,14625
3175361,0,AP,2026-08-05 03:37:32.631983+00,14602
92025637,0,AP,2026-08-05 03:37:32.631986+00,14384
269542614,0,AP,2026-08-05 03:37:32.63199+00,14313
2838,0,AP,2026-08-05 03:37:32.631993+00,14234
325294188,0,AP,2026-08-05 03:37:32.631996+00,14232
2862,0,AP,2026-08-05 03:37:32.632+00,14174
196340831,0,AP,2026-08-05 03:37:32.632003+00,14129
3305,0,AP,2026-08-05 03:37:32.632006+00,14123
2819,0,AP,2026-08-05 03:37:32.632009+00,14121
3576,0,AP,2026-08-05 03:37:32.632012+00,14113
65880110,0,AP,2026-08-05 03:37:32.632015+00,14095
33585405,0,AP,2026-08-05 03:37:32.632018+00,14078
3176191,0,AP,2026-08-05 03:37:32.632021+00,14059
159190273,0,AP,2026-08-05 03:37:32.632024+00,14018
9218,0,AP,2026-08-05 03:37:32.632027+00,14015
10473,0,AP,2026-08-05 03:37:32.63203+00,14013
3353,0,AP,2026-08-05 03:37:32.632034+00,14010
95,0,AP,2026-08-05 03:37:32.632036+00,13895
3045,0,AP,2026-08-05 03:37:32.632039+00,13813
2897,0,AP,2026-08-05 03:37:32.632042+00,13800
3180,0,AP,2026-08-05 03:37:32.632045+00,13780
10849,0,AP,2026-08-05 03:37:32.632047+00,13752
10343,0,AP,2026-08-05 03:37:33.514725+00,13708
3388,0,AP,2026-08-05 03:37:33.514751+00,13707
286871294,0,AP,2026-08-05 03:37:33.514754+00,13690
3102,0,AP,2026-08-05 03:37:33.514759+00,13668
17703951,0,AP,2026-08-05 03:37:33.514762+00,13650
8805,0,AP,2026-08-05 03:37:33.514765+00,13623
2785,0,AP,2026-08-05 03:37:33.514768+00,13544
9278,0,AP,2026-08-05 03:37:33.514771+00,13476
9517,0,AP,2026-08-05 03:37:33.514774+00,13466
74,0,AP,2026-08-05 03:37:33.514777+00,13423
7928,0,AP,2026-08-05 03:37:33.51478+00,13319
10302,0,AP,2026-08-05 03:37:33.514783+00,13288
3347,0,AP,2026-08-05 03:37:33.514786+00,13268
291458909,0,AP,2026-08-05 03:37:33.514788+00,13218
112,0,AP,2026-08-05 03:37:33.514791+00,13201
2904,0,AP,2026-08-05 03:37:33.514794+00,13187
3151,0,AP,2026-08-05 03:37:33.514797+00,13112
220146966,0,AP,2026-08-05 03:37:33.5148+00,13099
10991,0,AP,2026-08-05 03:37:33.514804+00,13070
8284,0,AP,2026-08-05 03:37:33.514807+00,13046
152931565,0,AP,2026-08-05 03:37:33.51481+00,13041
9320,0,AP,2026-08-05 03:37:33.514813+00,13033
9587,0,AP,2026-08-05 03:37:33.514816+00,13017
3331,0,AP,2026-08-05 03:37:33.514818+00,13015
10334,0,AP,2026-08-05 03:37:33.514821+00,12980
3107,0,AP,2026-08-05 03:37:35.710824+00,12938
25526664,0,AP,2026-08-05 03:37:35.710847+00,12933
11160,0,AP,2026-08-05 03:37:35.710854+00,12928
3043,0,AP,2026-08-05 03:37:35.710857+00,12905
226710070,0,AP,2026-08-05 03:37:35.71086+00,12895
6242336,0,AP,2026-08-05 03:37:35.710864+00,12887
3152,0,AP,2026-08-05 03:37:35.710866+00,12864
210149902,0,AP,2026-08-05 03:37:35.71087+00,12841
9061,0,AP,2026-08-05 03:37:35.710872+00,12837
92439487,0,AP,2026-08-05 03:37:35.710875+00,12836
3229,0,AP,2026-08-05 03:37:35.710878+00,12779
153988351,0,AP,2026-08-05 03:37:35.710881+00,12765
9105,0,AP,2026-08-05 03:37:35.710884+00,12742
90558637,0,AP,2026-08-05 03:37:35.710886+00,12695
16,0,AP,2026-08-05 03:37:35.71089+00,12613
9906,0,AP,2026-08-05 03:37:35.710892+00,12606
71734638,0,AP,2026-08-05 03:37:35.710895+00,12580
6712919,0,AP,2026-08-05 03:37:35.710898+00,12569
168590915,0,AP,2026-08-05 03:37:35.710901+00,12552
3176622,0,AP,2026-08-05 03:37:35.710904+00,12551
8649,0,AP,2026-08-05 03:37:35.710907+00,12496
306154493,0,AP,2026-08-05 03:37:35.71091+00,12493
14182099,0,AP,2026-08-05 03:37:35.710913+00,12473
9441,0,AP,2026-08-05 03:37:35.710916+00,12468
3078,0,AP,2026-08-05 03:37:36.574333+00,12468
48395530,0,AP,2026-08-05 03:37:36.574355+00,12441
158965389,0,AP,2026-08-05 03:37:36.57436+00,12424
10749,0,AP,2026-08-05 03:37:36.574363+00,12421
3564,0,AP,2026-08-05 03:37:36.574366+00,12421
9634,0,AP,2026-08-05 03:37:36.574369+00,12378
18228019,0,AP,2026-08-05 03:37:36.574372+00,12344
329498746,0,AP,2026-08-05 03:37:36.574375+00,12310
9211,0,AP,2026-08-05 03:37:36.574378+00,12309
3843166,0,AP,2026-08-05 03:37:36.574381+00,12286
10002767,0,AP,2026-08-05 03:37:36.574387+00,12279
2841,0,AP,2026-08-05 03:37:36.57439+00,12266
3168,0,AP,2026-08-05 03:37:36.574393+00,12226
294258630,0,AP,2026-08-05 03:37:36.574396+00,12220
3063,0,AP,2026-08-05 03:37:36.574399+00,12215
3571,0,AP,2026-08-05 03:37:36.574402+00,12204
9032,0,AP,2026-08-05 03:37:36.574405+00,12201
11023,0,AP,2026-08-05 03:37:36.574408+00,12179
3173982,0,AP,2026-08-05 03:37:36.574411+00,12169
3215,0,AP,2026-08-05 03:37:36.574414+00,12146
116,0,AP,2026-08-05 03:37:36.574417+00,12129
26069778,0,AP,2026-08-05 03:37:36.574419+00,12117
10717,0,AP,2026-08-05 03:37:36.574422+00,12105
3174143,0,AP,2026-08-05 03:37:36.574425+00,12100
5010922,0,AP,2026-08-05 03:37:36.574428+00,12096
10350,0,AP,2026-08-05 03:37:36.974121+00,12095
9010706,0,AP,2026-08-05 03:37:36.974148+00,12089
8712,0,AP,2026-08-05 03:37:36.974152+00,12084
10284,0,AP,2026-08-05 03:37:36.974156+00,12065
10048,0,AP,2026-08-05 03:37:36.974158+00,12065
3334,0,AP,2026-08-05 03:37:36.974163+00,12064
311590709,0,AP,2026-08-05 03:37:36.974166+00,12063
8083883,0,AP,2026-08-05 03:37:36.974169+00,12054
112276308,0,AP,2026-08-05 03:37:36.974173+00,12038
10645,0,AP,2026-08-05 03:37:36.974177+00,12036
225942523,0,AP,2026-08-05 03:37:36.97418+00,12034
357255107,0,AP,2026-08-05 03:37:36.974182+00,12032
56,0,AP,2026-08-05 03:37:36.974185+00,11984
22158210,0,AP,2026-08-05 03:37:36.974188+00,11982
12513898,0,AP,2026-08-05 03:37:36.974191+00,11973
3502,0,AP,2026-08-05 03:37:36.974194+00,11965
2802,0,AP,2026-08-05 03:37:36.974197+00,11929
367661755,0,AP,2026-08-05 03:37:36.9742+00,11923
9927,0,AP,2026-08-05 03:37:36.974203+00,11902
319819252,0,AP,2026-08-05 03:37:36.974206+00,11895
8111,0,AP,2026-08-05 03:37:36.974209+00,11890
3207,0,AP,2026-08-05 03:37:36.974211+00,11888
263582180,0,AP,2026-08-05 03:37:36.974215+00,11878
10138420,0,AP,2026-08-05 03:37:36.974217+00,11873
9959,0,AP,2026-08-05 03:37:36.974221+00,11865
24567760,0,AP,2026-08-05 03:37:37.371507+00,11854
159551901,0,AP,2026-08-05 03:37:37.37153+00,11837
3176026,0,AP,2026-08-05 03:37:37.371534+00,11813
3024,0,AP,2026-08-05 03:37:37.371537+00,11809
7979,0,AP,2026-08-05 03:37:37.371539+00,11805
7725476,0,AP,2026-08-05 03:37:37.371542+00,11795
3351,0,AP,2026-08-05 03:37:37.371546+00,11795
300979812,0,AP,2026-08-05 03:37:37.371549+00,11776
11617639,0,AP,2026-08-05 03:37:37.371551+00,11758
153110384,0,AP,2026-08-05 03:37:37.371554+00,11747
271271101,0,AP,2026-08-05 03:37:37.371557+00,11744
3335,0,AP,2026-08-05 03:37:37.37156+00,11739
3355,0,AP,2026-08-05 03:37:37.371563+00,11736
182058728,0,AP,2026-08-05 03:37:37.371565+00,11727
296153240,0,AP,2026-08-05 03:37:37.371568+00,11726
15217801,0,AP,2026-08-05 03:37:37.371571+00,11677
2193194,0,AP,2026-08-05 03:37:37.371573+00,11637
148602774,0,AP,2026-08-05 03:37:37.371576+00,11636
54225571,0,AP,2026-08-05 03:37:37.371578+00,11630
333198146,0,AP,2026-08-05 03:37:37.37158+00,11630
9576,0,AP,2026-08-05 03:37:37.371583+00,11626
3394,0,AP,2026-08-05 03:37:37.371586+00,11611
99972564,0,AP,2026-08-05 03:37:37.371589+00,11609
21810010,0,AP,2026-08-05 03:37:37.371592+00,11579
10306,0,AP,2026-08-05 03:37:37.371597+00,11552
179134190,0,AP,2026-08-05 03:37:38.272851+00,11545
2895089,0,AP,2026-08-05 03:37:38.272878+00,11537
35810887,0,AP,2026-08-05 03:37:38.272883+00,11505
5011179,0,AP,2026-08-05 03:37:38.272886+00,11499
177128593,0,AP,2026-08-05 03:37:38.272889+00,11497
10308,0,AP,2026-08-05 03:37:38.272892+00,11492
8534,0,AP,2026-08-05 03:37:38.272895+00,11491
74021591,0,AP,2026-08-05 03:37:38.272898+00,11483
6445809,0,AP,2026-08-05 03:37:38.272901+00,11481
320805291,0,AP,2026-08-05 03:37:38.272904+00,11478
10336,0,AP,2026-08-05 03:37:38.272907+00,11466
38978139,0,AP,2026-08-05 03:37:38.272911+00,11464
3096,0,AP,2026-08-05 03:37:38.272914+00,11447
211289226,0,AP,2026-08-05 03:37:38.272917+00,11425
202767601,0,AP,2026-08-05 03:37:38.272921+00,11410
29275969,0,AP,2026-08-05 03:37:38.272924+00,11409
10326,0,AP,2026-08-05 03:37:38.272927+00,11402
10311,0,AP,2026-08-05 03:37:38.27293+00,11386
9309,0,AP,2026-08-05 03:37:38.272933+00,11378
298945979,0,AP,2026-08-05 03:37:38.272936+00,11374
45470862,0,AP,2026-08-05 03:37:38.272939+00,11363
422779217,0,AP,2026-08-05 03:37:38.272942+00,11359
9326,0,AP,2026-08-05 03:37:38.272945+00,11358
22496837,0,AP,2026-08-05 03:37:38.272948+00,11336
9063,0,AP,2026-08-05 03:37:38.272957+00,11325
80063712,0,AP,2026-08-05 03:37:39.131138+00,11300
9573,0,AP,2026-08-05 03:37:39.13116+00,11288
87,0,AP,2026-08-05 03:37:39.131166+00,11282
11155020,0,AP,2026-08-05 03:37:39.13117+00,11262
45733236,0,AP,2026-08-05 03:37:39.131173+00,11260
8158645,0,AP,2026-08-05 03:37:39.131176+00,11259
29038376,0,AP,2026-08-05 03:37:39.131178+00,11254
4227771,0,AP,2026-08-05 03:37:39.131181+00,11249
7587921,0,AP,2026-08-05 03:37:39.131184+00,11247
413956735,0,AP,2026-08-05 03:37:39.131187+00,11241
66,0,AP,2026-08-05 03:37:39.13119+00,11240
337249851,0,AP,2026-08-05 03:37:39.131192+00,11234
293793339,0,AP,2026-08-05 03:37:39.131195+00,11232
3124,0,AP,2026-08-05 03:37:39.131198+00,11228
17700263,0,AP,2026-08-05 03:37:39.131201+00,11220
380309113,0,AP,2026-08-05 03:37:39.131204+00,11218
82784725,0,AP,2026-08-05 03:37:39.131207+00,11215
3173860,0,AP,2026-08-05 03:37:39.131209+00,11205
10374,0,AP,2026-08-05 03:37:39.131212+00,11203
43,0,AP,2026-08-05 03:37:39.131214+00,11202
4566797,0,AP,2026-08-05 03:37:39.131217+00,11195
401769390,0,AP,2026-08-05 03:37:39.13122+00,11186
47297705,0,AP,2026-08-05 03:37:39.131222+00,11160
104015005,0,AP,2026-08-05 03:37:39.131225+00,11160
8999,0,AP,2026-08-05 03:37:39.131228+00,11154
20246792,0,AP,2026-08-05 03:37:39.932695+00,11134
21178181,0,AP,2026-08-05 03:37:39.93274+00,11130
266445371,0,AP,2026-08-05 03:37:39.932745+00,11107
8633,0,AP,2026-08-05 03:37:39.932748+00,11104
9345,0,AP,2026-08-05 03:37:39.932751+00,11076
10373,0,AP,2026-08-05 03:37:39.932754+00,11074
10351,0,AP,2026-08-05 03:37:39.932758+00,11074
186654482,0,AP,2026-08-05 03:37:39.932761+00,11063
7893,0,AP,2026-08-05 03:37:39.932764+00,11056
411526261,0,AP,2026-08-05 03:37:39.932769+00,11055
9923,0,AP,2026-08-05 03:37:39.932772+00,11053
294152249,0,AP,2026-08-05 03:37:39.932775+00,11032
3366,0,AP,2026-08-05 03:37:39.932778+00,11031
327483097,0,AP,2026-08-05 03:37:39.932782+00,11027
8880816,0,AP,2026-08-05 03:37:39.932785+00,11025
8779,0,AP,2026-08-05 03:37:39.932787+00,11024
137839844,0,AP,2026-08-05 03:37:39.93279+00,11019
32446776,0,AP,2026-08-05 03:37:39.932793+00,11015
3122,0,AP,2026-08-05 03:37:39.932796+00,11011
9037,0,AP,2026-08-05 03:37:39.932799+00,11011
5056419,0,AP,2026-08-05 03:37:39.932802+00,11010
10895,0,AP,2026-08-05 03:37:39.932804+00,11007
288749366,0,AP,2026-08-05 03:37:39.932808+00,11004
8437,0,AP,2026-08-05 03:37:39.932811+00,10995
196050298,0,AP,2026-08-05 03:37:39.932813+00,10990
16782660,0,AP,2026-08-05 03:37:42.006289+00,10987
387120811,0,AP,2026-08-05 03:37:42.006311+00,10975
3249,0,AP,2026-08-05 03:37:42.006315+00,10972
9545,0,AP,2026-08-05 03:37:42.006318+00,10968
10356,0,AP,2026-08-05 03:37:42.006321+00,10957
16919298,0,AP,2026-08-05 03:37:42.006324+00,10954
93202084,0,AP,2026-08-05 03:37:42.006327+00,10938
8840,0,AP,2026-08-05 03:37:42.00633+00,10929
176327734,0,AP,2026-08-05 03:37:42.006334+00,10928
9574,0,AP,2026-08-05 03:37:42.006341+00,10924
9921,0,AP,2026-08-05 03:37:42.006344+00,10910
10461,0,AP,2026-08-05 03:37:42.006348+00,10905
11286,0,AP,2026-08-05 03:37:42.006351+00,10903
440330625,0,AP,2026-08-05 03:37:42.006353+00,10901
61316632,0,AP,2026-08-05 03:37:42.006356+00,10898
136600426,0,AP,2026-08-05 03:37:42.006359+00,10892
10316,0,AP,2026-08-05 03:37:42.006362+00,10892
2950,0,AP,2026-08-05 03:37:42.006365+00,10883
10366,0,AP,2026-08-05 03:37:42.006368+00,10875
9481,0,AP,2026-08-05 03:37:42.006371+00,10870
27617083,0,AP,2026-08-05 03:37:42.006375+00,10867
9461,0,AP,2026-08-05 03:37:42.006378+00,10858
9566,0,AP,2026-08-05 03:37:42.00638+00,10850
75320784,0,AP,2026-08-05 03:37:42.006384+00,10849
117770007,0,AP,2026-08-05 03:37:42.006386+00,10847
293460194,0,AP,2026-08-05 03:37:42.773226+00,10835
32614068,0,AP,2026-08-05 03:37:42.773253+00,10823
401121141,0,AP,2026-08-05 03:37:42.773257+00,10806
165866092,0,AP,2026-08-05 03:37:42.773261+00,10794
3175551,0,AP,2026-08-05 03:37:42.773264+00,10791
287405904,0,AP,2026-08-05 03:37:42.773267+00,10789
9282,0,AP,2026-08-05 03:37:42.77327+00,10788
160816816,0,AP,2026-08-05 03:37:42.773272+00,10775
48331942,0,AP,2026-08-05 03:37:42.773276+00,10773
23428711,0,AP,2026-08-05 03:37:42.773279+00,10772
3433,0,AP,2026-08-05 03:37:42.773282+00,10760
9476,0,AP,2026-08-05 03:37:42.773285+00,10760
14864842,0,AP,2026-08-05 03:37:42.773288+00,10757
114857969,0,AP,2026-08-05 03:37:42.77329+00,10753
9958,0,AP,2026-08-05 03:37:42.773293+00,10750
10322,0,AP,2026-08-05 03:37:42.773296+00,10749
269993244,0,AP,2026-08-05 03:37:42.773299+00,10739
42310030,0,AP,2026-08-05 03:37:42.773302+00,10731
10149,0,AP,2026-08-05 03:37:42.773305+00,10728
156699363,0,AP,2026-08-05 03:37:42.773308+00,10723
190407869,0,AP,2026-08-05 03:37:42.773312+00,10721
10315,0,AP,2026-08-05 03:37:42.773315+00,10719
6779033,0,AP,2026-08-05 03:37:42.773318+00,10700
8607,0,AP,2026-08-05 03:37:42.77332+00,10695
6914222,0,AP,2026-08-05 03:37:42.773323+00,10694
63160931,0,AP,2026-08-05 03:37:43.6137+00,10687
8175,0,AP,2026-08-05 03:37:43.613725+00,10682
40969046,0,AP,2026-08-05 03:37:43.613729+00,10678
9561,0,AP,2026-08-05 03:37:43.613732+00,10678
22242989,0,AP,2026-08-05 03:37:43.613735+00,10669
3225,0,AP,2026-08-05 03:37:43.613738+00,10665
11603838,0,AP,2026-08-05 03:37:43.613741+00,10652
4445490,0,AP,2026-08-05 03:37:43.613744+00,10630
15107542,0,AP,2026-08-05 03:37:43.613747+00,10628
2888,0,AP,2026-08-05 03:37:43.61375+00,10623
10481,0,AP,2026-08-05 03:37:43.613755+00,10616
7962,0,AP,2026-08-05 03:37:43.613757+00,10615
14153674,0,AP,2026-08-05 03:37:43.61376+00,10609
18484286,0,AP,2026-08-05 03:37:43.613764+00,10608
8911,0,AP,2026-08-05 03:37:43.613766+00,10608
180859239,0,AP,2026-08-05 03:37:43.613769+00,10602
468210290,0,AP,2026-08-05 03:37:43.613773+00,10602
2982,0,AP,2026-08-05 03:37:43.613776+00,10600
4435202,0,AP,2026-08-05 03:37:43.613779+00,10592
9010,0,AP,2026-08-05 03:37:43.613782+00,10591
328534919,0,AP,2026-08-05 03:37:43.613785+00,10590
186282505,0,AP,2026-08-05 03:37:43.613788+00,10587
11969293,0,AP,2026-08-05 03:37:43.61379+00,10585
9674,0,AP,2026-08-05 03:37:43.613793+00,10571
8588435,0,AP,2026-08-05 03:37:43.613796+00,10571
43405774,0,AP,2026-08-05 03:37:44.013087+00,10570
339878729,0,AP,2026-08-05 03:37:44.013112+00,10565
104047346,0,AP,2026-08-05 03:37:44.013116+00,10565
2983,0,AP,2026-08-05 03:37:44.013119+00,10564
401314289,0,AP,2026-08-05 03:37:44.013122+00,10561
10986,0,AP,2026-08-05 03:37:44.013125+00,10559
35809525,0,AP,2026-08-05 03:37:44.013128+00,10559
3750890,0,AP,2026-08-05 03:37:44.013131+00,10544
299885254,0,AP,2026-08-05 03:37:44.013134+00,10543
19877716,0,AP,2026-08-05 03:37:44.013137+00,10538
20316809,0,AP,2026-08-05 03:37:44.01314+00,10535
3137,0,AP,2026-08-05 03:37:44.013143+00,10531
7811401,0,AP,2026-08-05 03:37:44.013146+00,10524
19200995,0,AP,2026-08-05 03:37:44.013148+00,10522
2786,0,AP,2026-08-05 03:37:44.013151+00,10521
94197747,0,AP,2026-08-05 03:37:44.013154+00,10516
6672922,0,AP,2026-08-05 03:37:44.013157+00,10515
128503723,0,AP,2026-08-05 03:37:44.01316+00,10500
10105,0,AP,2026-08-05 03:37:44.013162+00,10492
81490220,0,AP,2026-08-05 03:37:44.013166+00,10489
238004601,0,AP,2026-08-05 03:37:44.013169+00,10488
413077,0,AP,2026-08-05 03:37:44.013171+00,10488
420485658,0,AP,2026-08-05 03:37:44.013174+00,10480
10292,0,AP,2026-08-05 03:37:44.013177+00,10480
13090020,0,AP,2026-08-05 03:37:44.01318+00,10477
3174449,0,AP,2026-08-05 03:37:44.412825+00,10472
108635957,0,AP,2026-08-05 03:37:44.41285+00,10468
8054,0,AP,2026-08-05 03:37:44.412854+00,10463
22564335,0,AP,2026-08-05 03:37:44.412857+00,10457
191882543,0,AP,2026-08-05 03:37:44.412863+00,10449
226999705,0,AP,2026-08-05 03:37:44.412866+00,10438
171428387,0,AP,2026-08-05 03:37:44.412869+00,10433
216089838,0,AP,2026-08-05 03:37:44.412873+00,10425
11263,0,AP,2026-08-05 03:37:44.412876+00,10418
152663803,0,AP,2026-08-05 03:37:44.41288+00,10418
165619034,0,AP,2026-08-05 03:37:44.412883+00,10402
2961840,0,AP,2026-08-05 03:37:44.412886+00,10386
231576502,0,AP,2026-08-05 03:37:44.412889+00,10386
16276142,0,AP,2026-08-05 03:37:44.412892+00,10385
26704041,0,AP,2026-08-05 03:37:44.412895+00,10379
27594588,0,AP,2026-08-05 03:37:44.412899+00,10368
179832750,0,AP,2026-08-05 03:37:44.412901+00,10365
9535,0,AP,2026-08-05 03:37:44.412905+00,10362
9837,0,AP,2026-08-05 03:37:44.412908+00,10359
23363118,0,AP,2026-08-05 03:37:44.412911+00,10357
206300945,0,AP,2026-08-05 03:37:44.412914+00,10357
10283,0,AP,2026-08-05 03:37:44.412917+00,10354
152517601,0,AP,2026-08-05 03:37:44.41292+00,10354
3574,0,AP,2026-08-05 03:37:44.412923+00,10348
325804448,0,AP,2026-08-05 03:37:44.412925+00,10347
10164,0,AP,2026-08-05 03:37:46.594484+00,10346
3133,0,AP,2026-08-05 03:37:46.594507+00,10338
142,0,AP,2026-08-05 03:37:46.594515+00,10335
369632958,0,AP,2026-08-05 03:37:46.594518+00,10325
111617746,0,AP,2026-08-05 03:37:46.594521+00,10316
146405014,0,AP,2026-08-05 03:37:46.594524+00,10311
300060091,0,AP,2026-08-05 03:37:46.594527+00,10303
232170780,0,AP,2026-08-05 03:37:46.59453+00,10301
60972146,0,AP,2026-08-05 03:37:46.594533+00,10300
3110,0,AP,2026-08-05 03:37:46.594536+00,10297
35370720,0,AP,2026-08-05 03:37:46.594539+00,10295
246407451,0,AP,2026-08-05 03:37:46.594542+00,10295
157994098,0,AP,2026-08-05 03:37:46.594545+00,10293
209760258,0,AP,2026-08-05 03:37:46.594547+00,10285
18393572,0,AP,2026-08-05 03:37:46.59455+00,10283
10337,0,AP,2026-08-05 03:37:46.594553+00,10283
27805806,0,AP,2026-08-05 03:37:46.594556+00,10282
155079701,0,AP,2026-08-05 03:37:46.594559+00,10267
10370,0,AP,2026-08-05 03:37:46.594562+00,10261
240447931,0,AP,2026-08-05 03:37:46.594564+00,10256
11291,0,AP,2026-08-05 03:37:46.594567+00,10247
59530633,0,AP,2026-08-05 03:37:46.59457+00,10242
290884936,0,AP,2026-08-05 03:37:46.594573+00,10241
3358,0,AP,2026-08-05 03:37:46.594576+00,10238
62559946,0,AP,2026-08-05 03:37:46.594579+00,10237
13747684,0,AP,2026-08-05 03:37:47.011413+00,10237
401676267,0,AP,2026-08-05 03:37:47.011434+00,10233
10140,0,AP,2026-08-05 03:37:47.01144+00,10230
2915,0,AP,2026-08-05 03:37:47.011443+00,10227
9107,0,AP,2026-08-05 03:37:47.011446+00,10224
313874022,0,AP,2026-08-05 03:37:47.011449+00,10216
157729700,0,AP,2026-08-05 03:37:47.011452+00,10213
8484,0,AP,2026-08-05 03:37:47.011454+00,10210
101071479,0,AP,2026-08-05 03:37:47.011457+00,10208
10718,0,AP,2026-08-05 03:37:47.011461+00,10207
10329,0,AP,2026-08-05 03:37:47.011463+00,10203
9212,0,AP,2026-08-05 03:37:47.011466+00,10200
343331088,0,AP,2026-08-05 03:37:47.011469+00,10198
34411490,0,AP,2026-08-05 03:37:47.011471+00,10191
467783506,0,AP,2026-08-05 03:37:47.011474+00,10191
23193621,0,AP,2026-08-05 03:37:47.011477+00,10189
1777952,0,AP,2026-08-05 03:37:47.01148+00,10181
45041955,0,AP,2026-08-05 03:37:47.011483+00,10181
85466178,0,AP,2026-08-05 03:37:47.011486+00,10180
48724092,0,AP,2026-08-05 03:37:47.011489+00,10169
12694863,0,AP,2026-08-05 03:37:47.011491+00,10168
10294,0,AP,2026-08-05 03:37:47.011494+00,10167
7871,0,AP,2026-08-05 03:37:47.011497+00,10160
333241555,0,AP,2026-08-05 03:37:47.011499+00,10156
743784,0,AP,2026-08-05 03:37:47.011502+00,10151
386085211,0,AP,2026-08-05 03:37:47.792394+00,10151
10563,0,AP,2026-08-05 03:37:47.792421+00,10150
3330,0,AP,2026-08-05 03:37:47.792425+00,10148
385419946,0,AP,2026-08-05 03:37:47.792428+00,10148
7984772,0,AP,2026-08-05 03:37:47.792431+00,10146
33996434,0,AP,2026-08-05 03:37:47.792434+00,10142
2791760,0,AP,2026-08-05 03:37:47.792437+00,10141
182869469,0,AP,2026-08-05 03:37:47.79244+00,10138
360716784,0,AP,2026-08-05 03:37:47.792443+00,10127
191255134,0,AP,2026-08-05 03:37:47.792446+00,10118
172109726,0,AP,2026-08-05 03:37:47.792448+00,10117
9259,0,AP,2026-08-05 03:37:47.792451+00,10114
117145143,0,AP,2026-08-05 03:37:47.792454+00,10108
9727,0,AP,2026-08-05 03:37:47.792457+00,10107
47772888,0,AP,2026-08-05 03:37:47.792459+00,10107
371833300,0,AP,2026-08-05 03:37:47.792462+00,10102
177677070,0,AP,2026-08-05 03:37:47.792465+00,10101
7872,0,AP,2026-08-05 03:37:47.792468+00,10099
58722486,0,AP,2026-08-05 03:37:47.792471+00,10097
178579814,0,AP,2026-08-05 03:37:47.792474+00,10091
279947638,0,AP,2026-08-05 03:37:47.792476+00,10090
160529396,0,AP,2026-08-05 03:37:47.792479+00,10089
51832279,0,AP,2026-08-05 03:37:47.792482+00,10087
27735855,0,AP,2026-08-05 03:37:47.792485+00,10085
14372473,0,AP,2026-08-05 03:37:47.792487+00,10077
247854972,0,AP,2026-08-05 03:37:48.892155+00,10076
90828123,0,AP,2026-08-05 03:37:48.892182+00,10072
57151691,0,AP,2026-08-05 03:37:48.892186+00,10071
17485158,0,AP,2026-08-05 03:37:48.892189+00,10069
319190769,0,AP,2026-08-05 03:37:48.892192+00,10066
41624488,0,AP,2026-08-05 03:37:48.892195+00,10065
1166954,0,AP,2026-08-05 03:37:48.892197+00,10063
36309974,0,AP,2026-08-05 03:37:48.892201+00,10061
298331683,0,AP,2026-08-05 03:37:48.892207+00,10061
9850,0,AP,2026-08-05 03:37:48.89221+00,10060
173265931,0,AP,2026-08-05 03:37:48.892213+00,10059
407250045,0,AP,2026-08-05 03:37:48.892217+00,10058
2785324,0,AP,2026-08-05 03:37:48.89222+00,10057
9262,0,AP,2026-08-05 03:37:48.892223+00,10056
402366658,0,AP,2026-08-05 03:37:48.892225+00,10056
15149676,0,AP,2026-08-05 03:37:48.892228+00,10055
53699706,0,AP,2026-08-05 03:37:48.892231+00,10055
180664516,0,AP,2026-08-05 03:37:48.892234+00,10055
11509461,0,AP,2026-08-05 03:37:48.892237+00,10053
7917663,0,AP,2026-08-05 03:37:48.89224+00,10052
7717515,0,AP,2026-08-05 03:37:48.892243+00,10051
318666050,0,AP,2026-08-05 03:37:48.892246+00,10048
29146528,0,AP,2026-08-05 03:37:48.892249+00,10048
37224920,0,AP,2026-08-05 03:37:48.892252+00,10044
467284316,0,AP,2026-08-05 03:37:48.892254+00,10044
393151361,0,AP,2026-08-05 03:37:50.094336+00,10040
407874908,0,AP,2026-08-05 03:37:50.094361+00,10039
9070,0,AP,2026-08-05 03:37:50.094365+00,10035
226409955,0,AP,2026-08-05 03:37:50.094368+00,10034
68448898,0,AP,2026-08-05 03:37:50.094371+00,10034
2200410,0,AP,2026-08-05 03:37:50.094375+00,10033
248560565,0,AP,2026-08-05 03:37:50.094377+00,10032
188875556,0,AP,2026-08-05 03:37:50.09438+00,10032
44402,0,AP,2026-08-05 03:37:50.094383+00,10031
8611,0,AP,2026-08-05 03:37:50.094386+00,10031
60467289,0,AP,2026-08-05 03:37:50.094389+00,10030
6735488,0,AP,2026-08-05 03:37:50.094392+00,10029
220796254,0,AP,2026-08-05 03:37:50.094395+00,10028
261542999,0,AP,2026-08-05 03:37:50.094397+00,10026
298062238,0,AP,2026-08-05 03:37:50.0944+00,10024
10972,0,AP,2026-08-05 03:37:50.094404+00,10022
48485952,0,AP,2026-08-05 03:37:50.094407+00,10022
72014812,0,AP,2026-08-05 03:37:50.09441+00,10020
11490949,0,AP,2026-08-05 03:37:50.094413+00,10019
222603583,0,AP,2026-08-05 03:37:50.094416+00,10019
349150066,0,AP,2026-08-05 03:37:50.094419+00,10018
8310,0,AP,2026-08-05 03:37:50.094422+00,10018
6262464,0,AP,2026-08-05 03:37:50.094425+00,10017
380637975,0,AP,2026-08-05 03:37:50.094428+00,10017
3013,0,AP,2026-08-05 03:37:50.094431+00,10012
267592531,0,AP,2026-08-05 03:37:50.85517+00,10011
27377302,0,AP,2026-08-05 03:37:50.855196+00,10009
22204440,0,AP,2026-08-05 03:37:50.8552+00,10007
320318299,0,AP,2026-08-05 03:37:50.855203+00,10007
379752314,0,AP,2026-08-05 03:37:50.855207+00,10007
206426010,0,AP,2026-08-05 03:37:50.85521+00,10007
96296037,0,AP,2026-08-05 03:37:50.855212+00,10007
10075,0,AP,2026-08-05 03:37:50.855215+00,10006
317910804,0,AP,2026-08-05 03:37:50.855218+00,10006
10038236,0,AP,2026-08-05 03:37:50.855221+00,10005
6770627,0,AP,2026-08-05 03:37:50.855224+00,10005
9542,0,AP,2026-08-05 03:37:50.855227+00,10004
381680220,0,AP,2026-08-05 03:37:50.85523+00,10004
84099846,0,AP,2026-08-05 03:37:50.855233+00,10003
180132257,0,AP,2026-08-05 03:37:50.855235+00,10003
448894143,0,AP,2026-08-05 03:37:50.855238+00,10002
322708196,0,AP,2026-08-05 03:37:50.85524+00,10000
287075143,0,AP,2026-08-05 03:37:50.855243+00,10000
13668221,0,AP,2026-08-05 03:37:50.855246+00,9998
124440251,0,AP,2026-08-05 03:37:50.855249+00,9997
306120600,0,AP,2026-08-05 03:37:50.855252+00,9990
19264996,0,AP,2026-08-05 03:37:50.855255+00,9989
29670128,0,AP,2026-08-05 03:37:50.855259+00,9976
302024797,0,AP,2026-08-05 03:37:50.855261+00,9972
332769291,0,AP,2026-08-05 03:37:50.855264+00,9970
8986,0,AP,2026-08-05 03:37:52.553452+00,9969
110443902,0,AP,2026-08-05 03:37:52.553481+00,9963
26609556,0,AP,2026-08-05 03:37:52.553485+00,9949
117555252,0,AP,2026-08-05 03:37:52.553488+00,9942
9440,0,AP,2026-08-05 03:37:52.55349+00,9942
286745368,0,AP,2026-08-05 03:37:52.553496+00,9941
306804331,0,AP,2026-08-05 03:37:52.553499+00,9938
18866991,0,AP,2026-08-05 03:37:52.553501+00,9930
369988058,0,AP,2026-08-05 03:37:52.553505+00,9930
311949589,0,AP,2026-08-05 03:37:52.553508+00,9922
286906810,0,AP,2026-08-05 03:37:52.553511+00,9921
262522706,0,AP,2026-08-05 03:37:52.553514+00,9910
344886741,0,AP,2026-08-05 03:37:52.553517+00,9908
6151308,0,AP,2026-08-05 03:37:52.55352+00,9907
1273132,0,AP,2026-08-05 03:37:52.553523+00,9901
1342769,0,AP,2026-08-05 03:37:52.553526+00,9900
355697078,0,AP,2026-08-05 03:37:52.553529+00,9890
8822896,0,AP,2026-08-05 03:37:52.553532+00,9889
257754769,0,AP,2026-08-05 03:37:52.553535+00,9883
372088269,0,AP,2026-08-05 03:37:52.553537+00,9876
257633488,0,AP,2026-08-05 03:37:52.55354+00,9875
19544981,0,AP,2026-08-05 03:37:52.553543+00,9874
241613006,0,AP,2026-08-05 03:37:52.553546+00,9873
339288717,0,AP,2026-08-05 03:37:52.553549+00,9864
13657705,0,AP,2026-08-05 03:37:52.553552+00,9858
29927944,0,AP,2026-08-05 03:37:53.53912+00,9853
2832130,0,AP,2026-08-05 03:37:53.539146+00,9852
45705509,0,AP,2026-08-05 03:37:53.53915+00,9851
62900588,0,AP,2026-08-05 03:37:53.539153+00,9847
378136467,0,AP,2026-08-05 03:37:53.539156+00,9846
9798,0,AP,2026-08-05 03:37:53.539158+00,9846
8673,0,AP,2026-08-05 03:37:53.539161+00,9845
332402428,0,AP,2026-08-05 03:37:53.539164+00,9834
174579297,0,AP,2026-08-05 03:37:53.539167+00,9829
46008999,0,AP,2026-08-05 03:37:53.53917+00,9824
240924432,0,AP,2026-08-05 03:37:53.539172+00,9817
44435124,0,AP,2026-08-05 03:37:53.539175+00,9814
353167246,0,AP,2026-08-05 03:37:53.539177+00,9813
3348,0,AP,2026-08-05 03:37:53.53918+00,9813
408123286,0,AP,2026-08-05 03:37:53.539183+00,9810
3174646,0,AP,2026-08-05 03:37:53.539186+00,9809
40342909,0,AP,2026-08-05 03:37:53.539189+00,9801
11881501,0,AP,2026-08-05 03:37:53.539192+00,9790
394696847,0,AP,2026-08-05 03:37:53.539195+00,9786
29255486,0,AP,2026-08-05 03:37:53.539198+00,9782
326910303,0,AP,2026-08-05 03:37:53.5392+00,9774
16576327,0,AP,2026-08-05 03:37:53.539203+00,9772
38002643,0,AP,2026-08-05 03:37:53.539206+00,9772
193882111,0,AP,2026-08-05 03:37:53.539209+00,9767
247984526,0,AP,2026-08-05 03:37:53.539212+00,9767
45083144,0,AP,2026-08-05 03:37:53.971049+00,9766
13436310,0,AP,2026-08-05 03:37:53.971074+00,9762
328401165,0,AP,2026-08-05 03:37:53.971079+00,9752
322404067,0,AP,2026-08-05 03:37:53.971081+00,9743
4065517,0,AP,2026-08-05 03:37:53.971085+00,9742
3472,0,AP,2026-08-05 03:37:53.971088+00,9742
9068008,0,AP,2026-08-05 03:37:53.971091+00,9742
406161834,0,AP,2026-08-05 03:37:53.971094+00,9734
332041647,0,AP,2026-08-05 03:37:53.971097+00,9727
54178847,0,AP,2026-08-05 03:37:53.9711+00,9726
4039113,0,AP,2026-08-05 03:37:53.971103+00,9725
197801202,0,AP,2026-08-05 03:37:53.971106+00,9721
45365794,0,AP,2026-08-05 03:37:53.971109+00,9721
45886760,0,AP,2026-08-05 03:37:53.971112+00,9720
4662473,0,AP,2026-08-05 03:37:53.971114+00,9719
400010835,0,AP,2026-08-05 03:37:53.971117+00,9717
7582039,0,AP,2026-08-05 03:37:53.97112+00,9712
35487131,0,AP,2026-08-05 03:37:53.971123+00,9710
197921706,0,AP,2026-08-05 03:37:53.971126+00,9699
15682502,0,AP,2026-08-05 03:37:53.97113+00,9694
11297,0,AP,2026-08-05 03:37:53.971134+00,9691
8943270,0,AP,2026-08-05 03:37:53.971136+00,9688
260091138,0,AP,2026-08-05 03:37:53.971139+00,9686
218839702,0,AP,2026-08-05 03:37:53.971143+00,9685
2758399,0,AP,2026-08-05 03:37:53.971145+00,9685
422290571,0,AP,2026-08-05 03:37:54.373695+00,9684
1704770,0,AP,2026-08-05 03:37:54.37372+00,9675
401833237,0,AP,2026-08-05 03:37:54.373725+00,9670
98608688,0,AP,2026-08-05 03:37:54.373729+00,9669
383129389,0,AP,2026-08-05 03:37:54.373732+00,9668
78034,0,AP,2026-08-05 03:37:54.373734+00,9667
12867064,0,AP,2026-08-05 03:37:54.373737+00,9666
46236340,0,AP,2026-08-05 03:37:54.373741+00,9666
57218061,0,AP,2026-08-05 03:37:54.373744+00,9666
8366386,0,AP,2026-08-05 03:37:54.373747+00,9657
186897886,0,AP,2026-08-05 03:37:54.373749+00,9657
9324,0,AP,2026-08-05 03:37:54.373752+00,9656
5557448,0,AP,2026-08-05 03:37:54.373756+00,9651
367737353,0,AP,2026-08-05 03:37:54.373759+00,9648
8432619,0,AP,2026-08-05 03:37:54.373762+00,9648
42164384,0,AP,2026-08-05 03:37:54.373765+00,9646
448583074,0,AP,2026-08-05 03:37:54.373768+00,9642
139915351,0,AP,2026-08-05 03:37:54.37377+00,9638
22523426,0,AP,2026-08-05 03:37:54.373773+00,9636
418735291,0,AP,2026-08-05 03:37:54.373776+00,9636
139753385,0,AP,2026-08-05 03:37:54.373779+00,9635
106139031,0,AP,2026-08-05 03:37:54.373782+00,9626
11098570,0,AP,2026-08-05 03:37:54.373785+00,9626
184685434,0,AP,2026-08-05 03:37:54.373788+00,9624
190760974,0,AP,2026-08-05 03:37:54.373791+00,9624
217462805,0,AP,2026-08-05 03:37:54.772747+00,9623
8480,0,AP,2026-08-05 03:37:54.772774+00,9619
104468860,0,AP,2026-08-05 03:37:54.772778+00,9617
256044156,0,AP,2026-08-05 03:37:54.772782+00,9613
415507,0,AP,2026-08-05 03:37:54.772785+00,9604
374005940,0,AP,2026-08-05 03:37:54.772788+00,9600
6283055,0,AP,2026-08-05 03:37:54.772791+00,9594
5054860,0,AP,2026-08-05 03:37:54.772794+00,9592
364920146,0,AP,2026-08-05 03:37:54.772797+00,9587
3111,0,AP,2026-08-05 03:37:54.7728+00,9586
11300,0,AP,2026-08-05 03:37:54.772804+00,9586
398865834,0,AP,2026-08-05 03:37:54.772807+00,9586
11292,0,AP,2026-08-05 03:37:54.77281+00,9585
228374221,0,AP,2026-08-05 03:37:54.772813+00,9583
26903575,0,AP,2026-08-05 03:37:54.772816+00,9579
252849874,0,AP,2026-08-05 03:37:54.772819+00,9578
7636280,0,AP,2026-08-05 03:37:54.772822+00,9574
330142207,0,AP,2026-08-05 03:37:54.772825+00,9568
27578812,0,AP,2026-08-05 03:37:54.772828+00,9566
360991770,0,AP,2026-08-05 03:37:54.772831+00,9564
46316926,0,AP,2026-08-05 03:37:54.772834+00,9563
9590,0,AP,2026-08-05 03:37:54.772837+00,9560
418597081,0,AP,2026-08-05 03:37:54.77284+00,9557
8559,0,AP,2026-08-05 03:37:54.772842+00,9553
369162431,0,AP,2026-08-05 03:37:54.772846+00,9553
273174091,0,AP,2026-08-05 03:37:55.646596+00,9549
420677273,0,AP,2026-08-05 03:37:55.64662+00,9548
198321171,0,AP,2026-08-05 03:37:55.646625+00,9548
43431069,0,AP,2026-08-05 03:37:55.646628+00,9547
32482015,0,AP,2026-08-05 03:37:55.64663+00,9545
194057199,0,AP,2026-08-05 03:37:55.646633+00,9544
16755329,0,AP,2026-08-05 03:37:55.646636+00,9540
357783777,0,AP,2026-08-05 03:37:55.646639+00,9539
377130143,0,AP,2026-08-05 03:37:55.646642+00,9539
174995015,0,AP,2026-08-05 03:37:55.646645+00,9533
122288073,0,AP,2026-08-05 03:37:55.646647+00,9528
22979350,0,AP,2026-08-05 03:37:55.64665+00,9524
52223759,0,AP,2026-08-05 03:37:55.646653+00,9521
10340,0,AP,2026-08-05 03:37:55.646656+00,9518
428535176,0,AP,2026-08-05 03:37:55.646658+00,9518
208846629,0,AP,2026-08-05 03:37:55.646661+00,9516
169370375,0,AP,2026-08-05 03:37:55.646664+00,9516
403136142,0,AP,2026-08-05 03:37:55.646666+00,9515
117445730,0,AP,2026-08-05 03:37:55.646669+00,9515
10065,0,AP,2026-08-05 03:37:55.646672+00,9509
18551490,0,AP,2026-08-05 03:37:55.646674+00,9507
30547960,0,AP,2026-08-05 03:37:55.646678+00,9507
271932635,0,AP,2026-08-05 03:37:55.646681+00,9504
363777093,0,AP,2026-08-05 03:37:55.646684+00,9504
9940,0,AP,2026-08-05 03:37:55.646689+00,9502
140656714,0,AP,2026-08-05 03:37:56.774588+00,9500
410419422,0,AP,2026-08-05 03:37:56.774612+00,9493
47067653,0,AP,2026-08-05 03:37:56.774615+00,9492
464541383,0,AP,2026-08-05 03:37:56.774619+00,9491
9321,0,AP,2026-08-05 03:37:56.774622+00,9489
791482,0,AP,2026-08-05 03:37:56.774625+00,9487
292549514,0,AP,2026-08-05 03:37:56.774629+00,9487
429782423,0,AP,2026-08-05 03:37:56.774632+00,9485
3217,0,AP,2026-08-05 03:37:56.774635+00,9484
24552404,0,AP,2026-08-05 03:37:56.774637+00,9483
211184483,0,AP,2026-08-05 03:37:56.77464+00,9477
452710567,0,AP,2026-08-05 03:37:56.774643+00,9477
16215694,0,AP,2026-08-05 03:37:56.774646+00,9474
78730654,0,AP,2026-08-05 03:37:56.774649+00,9473
29139036,0,AP,2026-08-05 03:37:56.774652+00,9473
47118781,0,AP,2026-08-05 03:37:56.774655+00,9460
374167029,0,AP,2026-08-05 03:37:56.774657+00,9458
64398730,0,AP,2026-08-05 03:37:56.77466+00,9457
433163661,0,AP,2026-08-05 03:37:56.774663+00,9457
240683326,0,AP,2026-08-05 03:37:56.774666+00,9454
11149,0,AP,2026-08-05 03:37:56.774669+00,9451
44089547,0,AP,2026-08-05 03:37:56.774671+00,9448
380162067,0,AP,2026-08-05 03:37:56.774674+00,9447
81509103,0,AP,2026-08-05 03:37:56.774677+00,9445
2962,0,AP,2026-08-05 03:37:56.774679+00,9444
790860,0,AP,2026-08-05 03:37:58.452759+00,9442
165149626,0,AP,2026-08-05 03:37:58.452787+00,9442
4385045,0,AP,2026-08-05 03:37:58.452791+00,9442
10469865,0,AP,2026-08-05 03:37:58.452795+00,9441
28661191,0,AP,2026-08-05 03:37:58.452798+00,9438
56037723,0,AP,2026-08-05 03:37:58.452801+00,9435
12801620,0,AP,2026-08-05 03:37:58.452804+00,9434
34808808,0,AP,2026-08-05 03:37:58.452807+00,9432
34642558,0,AP,2026-08-05 03:37:58.45281+00,9431
21176363,0,AP,2026-08-05 03:37:58.452813+00,9431
341374774,0,AP,2026-08-05 03:37:58.452816+00,9431
60722467,0,AP,2026-08-05 03:37:58.452819+00,9428
364646499,0,AP,2026-08-05 03:37:58.452822+00,9427
8894,0,AP,2026-08-05 03:37:58.452825+00,9427
416068916,0,AP,2026-08-05 03:37:58.452828+00,9426
313501262,0,AP,2026-08-05 03:37:58.452831+00,9422
8904,0,AP,2026-08-05 03:37:58.452834+00,9417
25440069,0,AP,2026-08-05 03:37:58.452838+00,9415
227923103,0,AP,2026-08-05 03:37:58.452841+00,9414
294819233,0,AP,2026-08-05 03:37:58.452844+00,9411
55287921,0,AP,2026-08-05 03:37:58.452848+00,9410
13211824,0,AP,2026-08-05 03:37:58.452851+00,9409
5420605,0,AP,2026-08-05 03:37:58.452853+00,9408
284659139,0,AP,2026-08-05 03:37:58.452856+00,9407
111306179,0,AP,2026-08-05 03:37:58.452859+00,9405
3316,0,AP,2026-08-05 03:37:59.573187+00,9402
49066164,0,AP,2026-08-05 03:37:59.573214+00,9401
225917115,0,AP,2026-08-05 03:37:59.573218+00,9398
395231679,0,AP,2026-08-05 03:37:59.573221+00,9397
187418287,0,AP,2026-08-05 03:37:59.573225+00,9395
791998,0,AP,2026-08-05 03:37:59.573228+00,9394
352686456,0,AP,2026-08-05 03:37:59.573231+00,9388
369330779,0,AP,2026-08-05 03:37:59.573234+00,9387
204542776,0,AP,2026-08-05 03:37:59.573238+00,9384
45467248,0,AP,2026-08-05 03:37:59.573241+00,9382
11007,0,AP,2026-08-05 03:37:59.573244+00,9381
429674488,0,AP,2026-08-05 03:37:59.573247+00,9381
14380303,0,AP,2026-08-05 03:37:59.57325+00,9380
444008938,0,AP,2026-08-05 03:37:59.573253+00,9378
361195258,0,AP,2026-08-05 03:37:59.573256+00,9376
18185796,0,AP,2026-08-05 03:37:59.573259+00,9373
3175001,0,AP,2026-08-05 03:37:59.573261+00,9372
78492244,0,AP,2026-08-05 03:37:59.573264+00,9370
346828349,0,AP,2026-08-05 03:37:59.573267+00,9370
6189756,0,AP,2026-08-05 03:37:59.57327+00,9369
64264582,0,AP,2026-08-05 03:37:59.573274+00,9366
48860461,0,AP,2026-08-05 03:37:59.573277+00,9363
353695236,0,AP,2026-08-05 03:37:59.57328+00,9362
204167644,0,AP,2026-08-05 03:37:59.573283+00,9361
207946630,0,AP,2026-08-05 03:37:59.573285+00,9361
50701164,0,AP,2026-08-05 03:38:00.791992+00,9355
108638028,0,AP,2026-08-05 03:38:00.792022+00,9354
10331,0,AP,2026-08-05 03:38:00.792026+00,9344
403724764,0,AP,2026-08-05 03:38:00.79203+00,9343
438923425,0,AP,2026-08-05 03:38:00.792033+00,9340
352230114,0,AP,2026-08-05 03:38:00.792036+00,9338
25323384,0,AP,2026-08-05 03:38:00.792039+00,9338
242284834,0,AP,2026-08-05 03:38:00.792042+00,9338
220589252,0,AP,2026-08-05 03:38:00.792045+00,9338
22546585,0,AP,2026-08-05 03:38:00.792048+00,9337
20353586,0,AP,2026-08-05 03:38:00.792051+00,9336
8927,0,AP,2026-08-05 03:38:00.792054+00,9335
168906850,0,AP,2026-08-05 03:38:00.792059+00,9329
37457080,0,AP,2026-08-05 03:38:00.792062+00,9328
328693803,0,AP,2026-08-05 03:38:00.792065+00,9327
43637559,0,AP,2026-08-05 03:38:00.792068+00,9324
46410527,0,AP,2026-08-05 03:38:00.792071+00,9324
426582870,0,AP,2026-08-05 03:38:00.792074+00,9322
230531621,0,AP,2026-08-05 03:38:00.792077+00,9319
10174,0,AP,2026-08-05 03:38:00.79208+00,9319
10313,0,AP,2026-08-05 03:38:00.792083+00,9318
300604694,0,AP,2026-08-05 03:38:00.792086+00,9318
69996092,0,AP,2026-08-05 03:38:00.792089+00,9317
368979888,0,AP,2026-08-05 03:38:00.792091+00,9316
9765,0,AP,2026-08-05 03:38:00.792094+00,9316
257582397,0,AP,2026-08-05 03:38:01.233773+00,9315
10348,0,AP,2026-08-05 03:38:01.2338+00,9311
220762709,0,AP,2026-08-05 03:38:01.233804+00,9309
269030259,0,AP,2026-08-05 03:38:01.233808+00,9304
243425205,0,AP,2026-08-05 03:38:01.233811+00,9303
411590209,0,AP,2026-08-05 03:38:01.233814+00,9302
106291595,0,AP,2026-08-05 03:38:01.233817+00,9298
47442213,0,AP,2026-08-05 03:38:01.23382+00,9296
300455814,0,AP,2026-08-05 03:38:01.233823+00,9291
25113216,0,AP,2026-08-05 03:38:01.233826+00,9289
33866314,0,AP,2026-08-05 03:38:01.233829+00,9289
55960585,0,AP,2026-08-05 03:38:01.233832+00,9288
27115338,0,AP,2026-08-05 03:38:01.233835+00,9286
396054435,0,AP,2026-08-05 03:38:01.233837+00,9285
379870295,0,AP,2026-08-05 03:38:01.23384+00,9280
97124916,0,AP,2026-08-05 03:38:01.233843+00,9279
312942467,0,AP,2026-08-05 03:38:01.233847+00,9275
302684338,0,AP,2026-08-05 03:38:01.233849+00,9275
9236,0,AP,2026-08-05 03:38:01.233852+00,9275
353571512,0,AP,2026-08-05 03:38:01.233855+00,9274
202491086,0,AP,2026-08-05 03:38:01.233858+00,9269
118947925,0,AP,2026-08-05 03:38:01.233861+00,9268
431347038,0,AP,2026-08-05 03:38:01.233864+00,9267
7894,0,AP,2026-08-05 03:38:01.233867+00,9264
345872689,0,AP,2026-08-05 03:38:01.23387+00,9263
47073982,0,AP,2026-08-05 03:38:01.912961+00,9263
370007132,0,AP,2026-08-05 03:38:01.912994+00,9261
382070723,0,AP,2026-08-05 03:38:01.913+00,9259
45891091,0,AP,2026-08-05 03:38:01.913004+00,9257
146787008,0,AP,2026-08-05 03:38:01.913008+00,9256
227241453,0,AP,2026-08-05 03:38:01.913011+00,9256
30868395,0,AP,2026-08-05 03:38:01.913015+00,9254
239594230,0,AP,2026-08-05 03:38:01.913018+00,9253
327855066,0,AP,2026-08-05 03:38:01.913022+00,9251
70331658,0,AP,2026-08-05 03:38:01.913026+00,9251
130167540,0,AP,2026-08-05 03:38:01.913029+00,9250
12378407,0,AP,2026-08-05 03:38:01.913033+00,9247
47776242,0,AP,2026-08-05 03:38:01.913037+00,9246
2185898,0,AP,2026-08-05 03:38:01.913041+00,9241
41034347,0,AP,2026-08-05 03:38:01.913044+00,9239
261451427,0,AP,2026-08-05 03:38:01.913048+00,9236
6393471,0,AP,2026-08-05 03:38:01.913051+00,9235
5239931,0,AP,2026-08-05 03:38:01.913054+00,9235
208237897,0,AP,2026-08-05 03:38:01.913058+00,9234
32013421,0,AP,2026-08-05 03:38:01.913061+00,9233
17768313,0,AP,2026-08-05 03:38:01.913064+00,9232
88504309,0,AP,2026-08-05 03:38:01.913067+00,9232
111881365,0,AP,2026-08-05 03:38:01.913071+00,9230
60888759,0,AP,2026-08-05 03:38:01.913074+00,9230
316557258,0,AP,2026-08-05 03:38:01.913077+00,9227
9535426,0,AP,2026-08-05 03:38:02.893211+00,9224
10335,0,AP,2026-08-05 03:38:02.893234+00,9224
12149671,0,AP,2026-08-05 03:38:02.893237+00,9224
49354426,0,AP,2026-08-05 03:38:02.893241+00,9223
468379476,0,AP,2026-08-05 03:38:02.893244+00,9222
406925612,0,AP,2026-08-05 03:38:02.893247+00,9217
447000049,0,AP,2026-08-05 03:38:02.89325+00,9217
245248735,0,AP,2026-08-05 03:38:02.893253+00,9214
7540631,0,AP,2026-08-05 03:38:02.893255+00,9204
362856343,0,AP,2026-08-05 03:38:02.893258+00,9199
401932563,0,AP,2026-08-05 03:38:02.893261+00,9198
58343634,0,AP,2026-08-05 03:38:02.893264+00,9198
10287,0,AP,2026-08-05 03:38:02.893267+00,9193
444946410,0,AP,2026-08-05 03:38:02.893269+00,9193
462281064,0,AP,2026-08-05 03:38:02.893272+00,9193
110803886,0,AP,2026-08-05 03:38:02.893276+00,9191
199117762,0,AP,2026-08-05 03:38:02.893278+00,9190
168270386,0,AP,2026-08-05 03:38:02.893281+00,9190
37560757,0,AP,2026-08-05 03:38:02.893284+00,9190
401760058,0,AP,2026-08-05 03:38:02.893286+00,9187
416136499,0,AP,2026-08-05 03:38:02.893289+00,9186
467988083,0,AP,2026-08-05 03:38:02.893292+00,9183
159357706,0,AP,2026-08-05 03:38:02.893295+00,9181
464762345,0,AP,2026-08-05 03:38:02.893297+00,9178
114239138,0,AP,2026-08-05 03:38:03.646978+00,9176
204464142,0,AP,2026-08-05 03:38:03.647005+00,9175
450577434,0,AP,2026-08-05 03:38:03.647009+00,9173
10349,0,AP,2026-08-05 03:38:03.647012+00,9173
7415435,0,AP,2026-08-05 03:38:03.647015+00,9171
52828702,0,AP,2026-08-05 03:38:03.647018+00,9171
167394456,0,AP,2026-08-05 03:38:03.647021+00,9171
39077859,0,AP,2026-08-05 03:38:03.647024+00,9170
18960620,0,AP,2026-08-05 03:38:03.647027+00,9166
393117075,0,AP,2026-08-05 03:38:03.64703+00,9164
337177287,0,AP,2026-08-05 03:38:03.647033+00,9164
4313326,0,AP,2026-08-05 03:38:03.647036+00,9163
39058141,0,AP,2026-08-05 03:38:03.647039+00,9161
11299869,0,AP,2026-08-05 03:38:03.647043+00,9160
156816157,0,AP,2026-08-05 03:38:03.647046+00,9160
121144911,0,AP,2026-08-05 03:38:03.647048+00,9158
413803819,0,AP,2026-08-05 03:38:03.647051+00,9158
302059252,0,AP,2026-08-05 03:38:03.647054+00,9157
191690966,0,AP,2026-08-05 03:38:03.647057+00,9155
12564659,0,AP,2026-08-05 03:38:03.64706+00,9150
40863762,0,AP,2026-08-05 03:38:03.647063+00,9150
438586395,0,AP,2026-08-05 03:38:03.647065+00,9146
9275,0,AP,2026-08-05 03:38:03.647068+00,9145
365625171,0,AP,2026-08-05 03:38:03.647071+00,9143
31252162,0,AP,2026-08-05 03:38:03.647074+00,9141
17096958,0,AP,2026-08-05 03:38:04.414742+00,9139
6804898,0,AP,2026-08-05 03:38:04.41477+00,9139
8232,0,AP,2026-08-05 03:38:04.414774+00,9138
8969,0,AP,2026-08-05 03:38:04.414777+00,9136
244944543,0,AP,2026-08-05 03:38:04.41478+00,9135
343503062,0,AP,2026-08-05 03:38:04.414782+00,9135
345203184,0,AP,2026-08-05 03:38:04.414785+00,9135
263835765,0,AP,2026-08-05 03:38:04.414788+00,9133
8937,0,AP,2026-08-05 03:38:04.414791+00,9132
194751176,0,AP,2026-08-05 03:38:04.414794+00,9131
420036403,0,AP,2026-08-05 03:38:04.414797+00,9129
458929505,0,AP,2026-08-05 03:38:04.4148+00,9126
1661268,0,AP,2026-08-05 03:38:04.414802+00,9124
5009727,0,AP,2026-08-05 03:38:04.414805+00,9123
215406477,0,AP,2026-08-05 03:38:04.414808+00,9120
205415616,0,AP,2026-08-05 03:38:04.414811+00,9120
9899,0,AP,2026-08-05 03:38:04.414813+00,9118
425259749,0,AP,2026-08-05 03:38:04.414816+00,9118
28324914,0,AP,2026-08-05 03:38:04.414819+00,9117
306706859,0,AP,2026-08-05 03:38:04.414822+00,9116
141625503,0,AP,2026-08-05 03:38:04.414824+00,9115
362183536,0,AP,2026-08-05 03:38:04.414827+00,9114
369903750,0,AP,2026-08-05 03:38:04.41483+00,9113
3507,0,AP,2026-08-05 03:38:04.414833+00,9113
206004830,0,AP,2026-08-05 03:38:04.414836+00,9112
296703054,0,AP,2026-08-05 03:38:05.294705+00,9111
143426,0,AP,2026-08-05 03:38:05.294731+00,9111
445778084,0,AP,2026-08-05 03:38:05.294736+00,9106
22492667,0,AP,2026-08-05 03:38:05.294739+00,9106
37817766,0,AP,2026-08-05 03:38:05.294742+00,9105
33151626,0,AP,2026-08-05 03:38:05.294746+00,9105
163919527,0,AP,2026-08-05 03:38:05.294748+00,9103
323177042,0,AP,2026-08-05 03:38:05.294751+00,9103
93512480,0,AP,2026-08-05 03:38:05.294754+00,9102
133700057,0,AP,2026-08-05 03:38:05.294757+00,9101
400066063,0,AP,2026-08-05 03:38:05.29476+00,9100
8600,0,AP,2026-08-05 03:38:05.294763+00,9099
339591390,0,AP,2026-08-05 03:38:05.294765+00,9098
9395,0,AP,2026-08-05 03:38:05.294768+00,9092
202142140,0,AP,2026-08-05 03:38:05.294771+00,9091
390742765,0,AP,2026-08-05 03:38:05.294774+00,9091
461175497,0,AP,2026-08-05 03:38:05.294777+00,9090
4967384,0,AP,2026-08-05 03:38:05.294791+00,9089
91900736,0,AP,2026-08-05 03:38:05.294794+00,9085
10616,0,AP,2026-08-05 03:38:05.294797+00,9084
37839136,0,AP,2026-08-05 03:38:05.2948+00,9082
145268650,0,AP,2026-08-05 03:38:05.294803+00,9082
15440707,0,AP,2026-08-05 03:38:05.294806+00,9082
418378624,0,AP,2026-08-05 03:38:05.294809+00,9081
11294,0,AP,2026-08-05 03:38:05.294812+00,9080
9397,0,AP,2026-08-05 03:38:06.412953+00,9080
368191447,0,AP,2026-08-05 03:38:06.412982+00,9079
8228,0,AP,2026-08-05 03:38:06.412986+00,9077
15031089,0,AP,2026-08-05 03:38:06.41299+00,9075
467747236,0,AP,2026-08-05 03:38:06.412993+00,9073
253835875,0,AP,2026-08-05 03:38:06.412997+00,9072
359465,0,AP,2026-08-05 03:38:06.413+00,9068
23388200,0,AP,2026-08-05 03:38:06.413003+00,9066
405069209,0,AP,2026-08-05 03:38:06.413006+00,9066
39395151,0,AP,2026-08-05 03:38:06.413009+00,9064
470404845,0,AP,2026-08-05 03:38:06.413013+00,9063
14443162,0,AP,2026-08-05 03:38:06.413015+00,9062
461231778,0,AP,2026-08-05 03:38:06.413018+00,9062
19748087,0,AP,2026-08-05 03:38:06.413021+00,9061
187325782,0,AP,2026-08-05 03:38:06.413024+00,9061
81299828,0,AP,2026-08-05 03:38:06.413027+00,9061
9578,0,AP,2026-08-05 03:38:06.41303+00,9060
468461462,0,AP,2026-08-05 03:38:06.413034+00,9057
417065524,0,AP,2026-08-05 03:38:06.413036+00,9056
5010554,0,AP,2026-08-05 03:38:06.413039+00,9054
6026974,0,AP,2026-08-05 03:38:06.413043+00,9053
386191522,0,AP,2026-08-05 03:38:06.413046+00,9053
98463732,0,AP,2026-08-05 03:38:06.413049+00,9052
3807120,0,AP,2026-08-05 03:38:06.413052+00,9047
94642687,0,AP,2026-08-05 03:38:06.413055+00,9045
28212322,0,AP,2026-08-05 03:38:07.173817+00,9043
83417611,0,AP,2026-08-05 03:38:07.173845+00,9043
11281,0,AP,2026-08-05 03:38:07.173849+00,9042
259147576,0,AP,2026-08-05 03:38:07.173853+00,9042
16799354,0,AP,2026-08-05 03:38:07.173856+00,9041
49878817,0,AP,2026-08-05 03:38:07.173859+00,9040
40886713,0,AP,2026-08-05 03:38:07.173862+00,9039
50178944,0,AP,2026-08-05 03:38:07.173865+00,9037
189830365,0,AP,2026-08-05 03:38:07.173868+00,9034
251281087,0,AP,2026-08-05 03:38:07.173871+00,9032
358816699,0,AP,2026-08-05 03:38:07.173874+00,9031
389350101,0,AP,2026-08-05 03:38:07.173877+00,9031
551408,0,AP,2026-08-05 03:38:07.173881+00,9029
436946702,0,AP,2026-08-05 03:38:07.173885+00,9029
354596217,0,AP,2026-08-05 03:38:07.173888+00,9026
438920351,0,AP,2026-08-05 03:38:07.17389+00,9026
8152,0,AP,2026-08-05 03:38:07.173893+00,9025
162182169,0,AP,2026-08-05 03:38:07.173896+00,9024
9897742,0,AP,2026-08-05 03:38:07.173899+00,9022
23565653,0,AP,2026-08-05 03:38:07.173902+00,9021
467788882,0,AP,2026-08-05 03:38:07.173905+00,9018
101004561,0,AP,2026-08-05 03:38:07.173907+00,9018
8859,0,AP,2026-08-05 03:38:07.17391+00,9017
16144345,0,AP,2026-08-05 03:38:07.173913+00,9015
39956374,0,AP,2026-08-05 03:38:07.173916+00,9015
179498230,0,AP,2026-08-05 03:38:08.293266+00,9012
405765736,0,AP,2026-08-05 03:38:08.293295+00,9011
464164545,0,AP,2026-08-05 03:38:08.2933+00,9006
427542788,0,AP,2026-08-05 03:38:08.293303+00,9006
94281652,0,AP,2026-08-05 03:38:08.293306+00,9005
325149952,0,AP,2026-08-05 03:38:08.29331+00,9004
383091422,0,AP,2026-08-05 03:38:08.293313+00,9003
130806079,0,AP,2026-08-05 03:38:08.293316+00,9003
383285274,0,AP,2026-08-05 03:38:08.293318+00,9002
41661652,0,AP,2026-08-05 03:38:08.293321+00,9001
14758356,0,AP,2026-08-05 03:38:08.293324+00,9001
390809517,0,AP,2026-08-05 03:38:08.293327+00,9001
269480577,0,AP,2026-08-05 03:38:08.29333+00,9001
179333482,0,AP,2026-08-05 03:38:08.293333+00,9000
11071,0,AP,2026-08-05 03:38:08.293336+00,8997
13794405,0,AP,2026-08-05 03:38:08.293339+00,8996
174132813,0,AP,2026-08-05 03:38:08.293342+00,8995
33633671,0,AP,2026-08-05 03:38:08.293345+00,8995
328518531,0,AP,2026-08-05 03:38:08.293348+00,8993
370275689,0,AP,2026-08-05 03:38:08.293351+00,8993
11270,0,AP,2026-08-05 03:38:08.293355+00,8992
459936608,0,AP,2026-08-05 03:38:08.293358+00,8988
8722,0,AP,2026-08-05 03:38:08.29336+00,8984
443404978,0,AP,2026-08-05 03:38:08.293363+00,8984
64302922,0,AP,2026-08-05 03:38:08.293366+00,8980
94185586,1,NA,2026-08-05 03:37:31.291874+00,28566
3162,1,NA,2026-08-05 03:37:31.291898+00,22905
3138,1,NA,2026-08-05 03:37:31.291902+00,22567
2935,1,NA,2026-08-05 03:37:31.291906+00,22369
53,1,NA,2026-08-05 03:37:31.291909+00,22246
3306,1,NA,2026-08-05 03:37:31.291913+00,22132
334960542,1,NA,2026-08-05 03:37:31.291916+00,21861
19146192,1,NA,2026-08-05 03:37:31.291919+00,21352
7943,1,NA,2026-08-05 03:37:31.291922+00,21094
2846,1,NA,2026-08-05 03:37:31.291926+00,20627
2916,1,NA,2026-08-05 03:37:31.291929+00,20147
3294,1,NA,2026-08-05 03:37:31.291932+00,19227
2896,1,NA,2026-08-05 03:37:31.291935+00,18830
91153725,1,NA,2026-08-05 03:37:31.291938+00,18293
45275099,1,NA,2026-08-05 03:37:31.291942+00,17821
65032750,1,NA,2026-08-05 03:37:31.291945+00,17798
17,1,NA,2026-08-05 03:37:31.291949+00,17729
3113,1,NA,2026-08-05 03:37:31.291952+00,16662
3226,1,NA,2026-08-05 03:37:31.291955+00,16662
137831106,1,NA,2026-08-05 03:37:31.291959+00,16659
3139,1,NA,2026-08-05 03:37:31.291961+00,16563
90799146,1,NA,2026-08-05 03:37:31.291964+00,16557
3279,1,NA,2026-08-05 03:37:31.291967+00,16441
3086,1,NA,2026-08-05 03:37:31.29197+00,16433
291120697,1,NA,2026-08-05 03:37:31.291973+00,16430
3260,1,NA,2026-08-05 03:37:33.352401+00,16364
73299939,1,NA,2026-08-05 03:37:33.352428+00,16358
8192639,1,NA,2026-08-05 03:37:33.352432+00,16096
2808,1,NA,2026-08-05 03:37:33.352435+00,15296
8708,1,NA,2026-08-05 03:37:33.352439+00,15266
3029,1,NA,2026-08-05 03:37:33.352442+00,15233
9913,1,NA,2026-08-05 03:37:33.352445+00,14709
3055,1,NA,2026-08-05 03:37:33.352449+00,14669
51071099,1,NA,2026-08-05 03:37:33.352454+00,14501
8087,1,NA,2026-08-05 03:37:33.352457+00,14397
41209338,1,NA,2026-08-05 03:37:33.35246+00,14376
78083282,1,NA,2026-08-05 03:37:33.352463+00,14358
9393,1,NA,2026-08-05 03:37:33.352466+00,14355
25,1,NA,2026-08-05 03:37:33.352469+00,14230
2929,1,NA,2026-08-05 03:37:33.352472+00,14182
165408714,1,NA,2026-08-05 03:37:33.352475+00,14150
1385410,1,NA,2026-08-05 03:37:33.352478+00,14106
2803,1,NA,2026-08-05 03:37:33.352481+00,13847
75422530,1,NA,2026-08-05 03:37:33.352485+00,13834
2925,1,NA,2026-08-05 03:37:33.352488+00,13822
83695207,1,NA,2026-08-05 03:37:33.352491+00,13784
245061204,1,NA,2026-08-05 03:37:33.352494+00,13774
9026,1,NA,2026-08-05 03:37:33.352497+00,13627
48386473,1,NA,2026-08-05 03:37:33.3525+00,13600
1141879,1,NA,2026-08-05 03:37:33.352502+00,13577
9806,1,NA,2026-08-05 03:37:35.634791+00,13573
3211,1,NA,2026-08-05 03:37:35.634821+00,13571
130421519,1,NA,2026-08-05 03:37:35.634824+00,13537
8440,1,NA,2026-08-05 03:37:35.634828+00,13528
16280566,1,NA,2026-08-05 03:37:35.634831+00,13522
43532200,1,NA,2026-08-05 03:37:35.634834+00,13520
136165289,1,NA,2026-08-05 03:37:35.634837+00,13466
3276,1,NA,2026-08-05 03:37:35.63484+00,13442
2871,1,NA,2026-08-05 03:37:35.634843+00,13413
206112057,1,NA,2026-08-05 03:37:35.634846+00,13370
822039,1,NA,2026-08-05 03:37:35.634849+00,13325
8975,1,NA,2026-08-05 03:37:35.634852+00,13245
30450749,1,NA,2026-08-05 03:37:35.634855+00,13240
8642,1,NA,2026-08-05 03:37:35.634857+00,13184
359531261,1,NA,2026-08-05 03:37:35.63486+00,13127
16990580,1,NA,2026-08-05 03:37:35.634866+00,13127
3147,1,NA,2026-08-05 03:37:35.634869+00,13123
9205318,1,NA,2026-08-05 03:37:35.634871+00,13100
85854458,1,NA,2026-08-05 03:37:35.634874+00,13099
316301749,1,NA,2026-08-05 03:37:35.634878+00,13032
231951109,1,NA,2026-08-05 03:37:35.634881+00,13031
3178,1,NA,2026-08-05 03:37:35.634884+00,13017
42355403,1,NA,2026-08-05 03:37:35.634887+00,12935
76156893,1,NA,2026-08-05 03:37:35.63489+00,12935
75916303,1,NA,2026-08-05 03:37:35.634892+00,12852
178130545,1,NA,2026-08-05 03:37:37.766603+00,12767
42342982,1,NA,2026-08-05 03:37:37.766626+00,12757
24739428,1,NA,2026-08-05 03:37:37.76663+00,12573
7851503,1,NA,2026-08-05 03:37:37.766633+00,12538
10123743,1,NA,2026-08-05 03:37:37.766636+00,12536
2844,1,NA,2026-08-05 03:37:37.766639+00,12304
3120,1,NA,2026-08-05 03:37:37.766641+00,12304
9835,1,NA,2026-08-05 03:37:37.766644+00,12226
5450720,1,NA,2026-08-05 03:37:37.766646+00,12216
5450699,1,NA,2026-08-05 03:37:37.766649+00,12208
9194,1,NA,2026-08-05 03:37:37.766652+00,12206
9131,1,NA,2026-08-05 03:37:37.766654+00,12196
9881,1,NA,2026-08-05 03:37:37.766656+00,12176
3173953,1,NA,2026-08-05 03:37:37.766659+00,12165
3175643,1,NA,2026-08-05 03:37:37.766661+00,12164
9299,1,NA,2026-08-05 03:37:37.766664+00,12141
5786327,1,NA,2026-08-05 03:37:37.766666+00,12133
72492901,1,NA,2026-08-05 03:37:37.766669+00,12110
9064,1,NA,2026-08-05 03:37:37.766674+00,12032
196111357,1,NA,2026-08-05 03:37:37.766676+00,12020
278667878,1,NA,2026-08-05 03:37:37.766679+00,12012
14917599,1,NA,2026-08-05 03:37:37.766681+00,11998
14919398,1,NA,2026-08-05 03:37:37.766684+00,11975
311429346,1,NA,2026-08-05 03:37:37.766686+00,11968
34635533,1,NA,2026-08-05 03:37:37.766689+00,11967
2917,1,EU,2026-08-05 03:37:31.186551+00,26006
3175575,1,EU,2026-08-05 03:37:31.186573+00,23573
9141,1,EU,2026-08-05 03:37:31.186578+00,22223
71964560,1,EU,2026-08-05 03:37:31.186582+00,22222
2931,1,EU,2026-08-05 03:37:31.186585+00,21093
739983,1,EU,2026-08-05 03:37:31.186588+00,21030
2927,1,EU,2026-08-05 03:37:31.186592+00,20992
8229,1,EU,2026-08-05 03:37:31.186595+00,20314
8703,1,EU,2026-08-05 03:37:31.186598+00,20295
94489083,1,EU,2026-08-05 03:37:31.186601+00,20067
266126055,1,EU,2026-08-05 03:37:31.186604+00,20061
291120697,1,EU,2026-08-05 03:37:31.186607+00,19184
115495642,1,EU,2026-08-05 03:37:31.18661+00,19167
3318,1,EU,2026-08-05 03:37:31.186612+00,19117
9314,1,EU,2026-08-05 03:37:31.186615+00,19000
2984,1,EU,2026-08-05 03:37:31.186618+00,18654
274705151,1,EU,2026-08-05 03:37:31.186621+00,18360
3176,1,EU,2026-08-05 03:37:31.186624+00,18349
2833,1,EU,2026-08-05 03:37:31.186628+00,17936
3011,1,EU,2026-08-05 03:37:31.186631+00,17685
287845755,1,EU,2026-08-05 03:37:31.186634+00,17645
8860,1,EU,2026-08-05 03:37:31.186636+00,17550
118,1,EU,2026-08-05 03:37:31.186639+00,17412
31110911,1,EU,2026-08-05 03:37:31.186642+00,16897
2806,1,EU,2026-08-05 03:37:31.186645+00,16879
2994,1,EU,2026-08-05 03:37:33.154469+00,16811
3103,1,EU,2026-08-05 03:37:33.154493+00,16405
383625311,1,EU,2026-08-05 03:37:33.154497+00,16355
463586584,1,EU,2026-08-05 03:37:33.1545+00,15888
5025748,1,EU,2026-08-05 03:37:33.154504+00,15720
3199,1,EU,2026-08-05 03:37:33.154507+00,15677
91153725,1,EU,2026-08-05 03:37:33.154509+00,15673
334960542,1,EU,2026-08-05 03:37:33.154512+00,15516
277601397,1,EU,2026-08-05 03:37:33.154516+00,15451
3145,1,EU,2026-08-05 03:37:33.154519+00,15357
3322,1,EU,2026-08-05 03:37:33.154522+00,15318
2882,1,EU,2026-08-05 03:37:33.154525+00,15287
2919,1,EU,2026-08-05 03:37:33.154527+00,15238
47958344,1,EU,2026-08-05 03:37:33.15453+00,15218
2869,1,EU,2026-08-05 03:37:33.154532+00,15181
456482471,1,EU,2026-08-05 03:37:33.154535+00,15111
284152775,1,EU,2026-08-05 03:37:33.154539+00,15027
3282,1,EU,2026-08-05 03:37:33.154541+00,15017
9753,1,EU,2026-08-05 03:37:33.154544+00,14913
241503134,1,EU,2026-08-05 03:37:33.154547+00,14903
2967,1,EU,2026-08-05 03:37:33.15455+00,14831
36039226,1,EU,2026-08-05 03:37:33.154553+00,14783
45132189,1,EU,2026-08-05 03:37:33.154555+00,14638
218956057,1,EU,2026-08-05 03:37:33.154559+00,14567
9732,1,EU,2026-08-05 03:37:33.154562+00,14450
2889,1,EU,2026-08-05 03:37:35.392407+00,14404
3053,1,EU,2026-08-05 03:37:35.392433+00,14355
34472294,1,EU,2026-08-05 03:37:35.392437+00,14219
9239,1,EU,2026-08-05 03:37:35.39244+00,14216
9771,1,EU,2026-08-05 03:37:35.392443+00,14216
9245,1,EU,2026-08-05 03:37:35.392447+00,14213
3181,1,EU,2026-08-05 03:37:35.392449+00,14211
2954,1,EU,2026-08-05 03:37:35.392452+00,14077
380192488,1,EU,2026-08-05 03:37:35.392455+00,14061
10266,1,EU,2026-08-05 03:37:35.39246+00,13967
3221,1,EU,2026-08-05 03:37:35.392463+00,13960
3879734,1,EU,2026-08-05 03:37:35.392466+00,13944
7863,1,EU,2026-08-05 03:37:35.392469+00,13866
392099075,1,EU,2026-08-05 03:37:35.392472+00,13836
4623578,1,EU,2026-08-05 03:37:35.392474+00,13776
19820339,1,EU,2026-08-05 03:37:35.39248+00,13623
3157,1,EU,2026-08-05 03:37:35.392483+00,13618
3239,1,EU,2026-08-05 03:37:35.392485+00,13611
10278,1,EU,2026-08-05 03:37:35.392489+00,13548
341554071,1,EU,2026-08-05 03:37:35.392491+00,13526
277255599,1,EU,2026-08-05 03:37:35.392494+00,13516
9325,1,EU,2026-08-05 03:37:35.392498+00,13484
8583,1,EU,2026-08-05 03:37:35.3925+00,13457
2942,1,EU,2026-08-05 03:37:35.392504+00,13453
280538159,1,EU,2026-08-05 03:37:35.392507+00,13381
4079039,1,EU,2026-08-05 03:37:36.432916+00,13365
345808062,1,EU,2026-08-05 03:37:36.432943+00,13363
277315092,1,EU,2026-08-05 03:37:36.432948+00,13337
9984,1,EU,2026-08-05 03:37:36.432952+00,13313
34169985,1,EU,2026-08-05 03:37:36.432955+00,13306
8379,1,EU,2026-08-05 03:37:36.432958+00,13300
61437749,1,EU,2026-08-05 03:37:36.432962+00,13286
11552085,1,EU,2026-08-05 03:37:36.432965+00,13239
416915417,1,EU,2026-08-05 03:37:36.432968+00,13238
123868124,1,EU,2026-08-05 03:37:36.432971+00,13171
3240,1,EU,2026-08-05 03:37:36.432974+00,13133
8556,1,EU,2026-08-05 03:37:36.432977+00,13132
19800698,1,EU,2026-08-05 03:37:36.43298+00,13118
365994712,1,EU,2026-08-05 03:37:36.432983+00,13115
8004,1,EU,2026-08-05 03:37:36.432985+00,13112
2963,1,EU,2026-08-05 03:37:36.432988+00,13097
28721872,1,EU,2026-08-05 03:37:36.432991+00,13054
339417733,1,EU,2026-08-05 03:37:36.432995+00,13023
404775683,1,EU,2026-08-05 03:37:36.433001+00,13015
47382826,1,EU,2026-08-05 03:37:36.433005+00,13014
339415817,1,EU,2026-08-05 03:37:36.433007+00,12967
456035174,1,EU,2026-08-05 03:37:36.433011+00,12965
28720629,1,EU,2026-08-05 03:37:36.433014+00,12956
67443626,1,EU,2026-08-05 03:37:36.433016+00,12942
404836058,1,EU,2026-08-05 03:37:36.433019+00,12935
274898659,1,AP,2026-08-05 03:37:32.246799+00,21694
468337570,1,AP,2026-08-05 03:37:32.246821+00,21294
2869,1,AP,2026-08-05 03:37:32.246825+00,21286
47958344,1,AP,2026-08-05 03:37:32.246828+00,21133
17,1,AP,2026-08-05 03:37:32.246831+00,20016
73299939,1,AP,2026-08-05 03:37:32.246834+00,18841
112357635,1,AP,2026-08-05 03:37:32.246836+00,18493
110507703,1,AP,2026-08-05 03:37:32.246839+00,18385
226710070,1,AP,2026-08-05 03:37:32.246844+00,18375
12,1,AP,2026-08-05 03:37:32.246847+00,18308
35810887,1,AP,2026-08-05 03:37:32.24685+00,17378
3976364,1,AP,2026-08-05 03:37:32.246853+00,17254
3451934,1,AP,2026-08-05 03:37:32.246855+00,16403
142,1,AP,2026-08-05 03:37:32.246858+00,16262
280417920,1,AP,2026-08-05 03:37:32.24686+00,16072
87,1,AP,2026-08-05 03:37:32.246863+00,16062
68,1,AP,2026-08-05 03:37:32.246865+00,14894
134,1,AP,2026-08-05 03:37:32.246899+00,14871
69,1,AP,2026-08-05 03:37:32.246901+00,14742
386771268,1,AP,2026-08-05 03:37:32.246904+00,14654
3502,1,AP,2026-08-05 03:37:32.246906+00,14634
2,1,AP,2026-08-05 03:37:32.246909+00,14480
26,1,AP,2026-08-05 03:37:32.246911+00,14451
136,1,AP,2026-08-05 03:37:32.246914+00,14420
19,1,AP,2026-08-05 03:37:32.246916+00,14355
3209,1,AP,2026-08-05 03:37:32.963223+00,14245
256814742,1,AP,2026-08-05 03:37:32.963247+00,14124
195696350,1,AP,2026-08-05 03:37:32.963251+00,14122
400305478,1,AP,2026-08-05 03:37:32.963254+00,13931
400354449,1,AP,2026-08-05 03:37:32.963257+00,13697
40786540,1,AP,2026-08-05 03:37:32.963261+00,13382
3509,1,AP,2026-08-05 03:37:32.963264+00,13376
276093938,1,AP,2026-08-05 03:37:32.963267+00,13364
226409955,1,AP,2026-08-05 03:37:32.963271+00,13190
204167644,1,AP,2026-08-05 03:37:32.963274+00,12924
204187238,1,AP,2026-08-05 03:37:32.963277+00,12909
234348434,1,AP,2026-08-05 03:37:32.96328+00,12740
32446776,1,AP,2026-08-05 03:37:32.963283+00,12640
95,1,AP,2026-08-05 03:37:32.963286+00,12568
9452,1,AP,2026-08-05 03:37:32.963288+00,12541
4228585,1,AP,2026-08-05 03:37:32.963291+00,12469
8114,1,AP,2026-08-05 03:37:32.963294+00,12416
73664506,1,AP,2026-08-05 03:37:32.963297+00,12385
4702876,1,AP,2026-08-05 03:37:32.9633+00,12329
3394,1,AP,2026-08-05 03:37:32.963303+00,12325
294298119,1,AP,2026-08-05 03:37:32.963306+00,12303
5010935,1,AP,2026-08-05 03:37:32.963309+00,12213
406524237,1,AP,2026-08-05 03:37:32.963312+00,12187
45037219,1,AP,2026-08-05 03:37:32.963315+00,12182
9727,1,AP,2026-08-05 03:37:32.963318+00,12160
3375,1,AP,2026-08-05 03:37:35.093853+00,12127
3059,1,AP,2026-08-05 03:37:35.09388+00,12123
2940,1,AP,2026-08-05 03:37:35.093884+00,12103
406416369,1,AP,2026-08-05 03:37:35.093888+00,12098
391957259,1,AP,2026-08-05 03:37:35.093891+00,12097
5563348,1,AP,2026-08-05 03:37:35.093895+00,12026
3257,1,AP,2026-08-05 03:37:35.093898+00,12025
394020350,1,AP,2026-08-05 03:37:35.093901+00,12021
115344,1,AP,2026-08-05 03:37:35.093905+00,11999
46974038,1,AP,2026-08-05 03:37:35.093907+00,11993
35543753,1,AP,2026-08-05 03:37:35.09391+00,11983
103898811,1,AP,2026-08-05 03:37:35.093913+00,11977
66808194,1,AP,2026-08-05 03:37:35.093916+00,11961
9979,1,AP,2026-08-05 03:37:35.093919+00,11960
105619607,1,AP,2026-08-05 03:37:35.093922+00,11944
5652904,1,AP,2026-08-05 03:37:35.093925+00,11927
3489,1,AP,2026-08-05 03:37:35.093928+00,11916
3253,1,AP,2026-08-05 03:37:35.093931+00,11859
2976,1,AP,2026-08-05 03:37:35.093934+00,11807
286321260,1,AP,2026-08-05 03:37:35.093936+00,11793
50,1,AP,2026-08-05 03:37:35.093939+00,11781
3127,1,AP,2026-08-05 03:37:35.093942+00,11677
3039,1,AP,2026-08-05 03:37:35.093945+00,11648
5677685,1,AP,2026-08-05 03:37:35.093948+00,11635
86987680,1,AP,2026-08-05 03:37:35.093951+00,11620
132610789,1,AP,2026-08-05 03:37:37.053729+00,11576
2946,1,AP,2026-08-05 03:37:37.053757+00,11538
132609724,1,AP,2026-08-05 03:37:37.053764+00,11501
62527539,1,AP,2026-08-05 03:37:37.053768+00,11498
102370009,1,AP,2026-08-05 03:37:37.053773+00,11496
82634565,1,AP,2026-08-05 03:37:37.053776+00,11361
4392458,1,AP,2026-08-05 03:37:37.053779+00,11240
73737992,1,AP,2026-08-05 03:37:37.053782+00,11238
19140393,1,AP,2026-08-05 03:37:37.053785+00,11220
4393978,1,AP,2026-08-05 03:37:37.053788+00,11204
60722467,1,AP,2026-08-05 03:37:37.053791+00,11155
459721344,1,AP,2026-08-05 03:37:37.053794+00,11153
9283,1,AP,2026-08-05 03:37:37.053797+00,11111
116074633,1,AP,2026-08-05 03:37:37.0538+00,11106
464244675,1,AP,2026-08-05 03:37:37.053803+00,11105
19141610,1,AP,2026-08-05 03:37:37.053806+00,11095
80193519,1,AP,2026-08-05 03:37:37.053809+00,11089
9235,1,AP,2026-08-05 03:37:37.053812+00,11077
107541316,1,AP,2026-08-05 03:37:37.053816+00,11048
10336,1,AP,2026-08-05 03:37:37.053819+00,11042
58979944,1,AP,2026-08-05 03:37:37.053822+00,11022
107540860,1,AP,2026-08-05 03:37:37.053825+00,10969
243370962,1,AP,2026-08-05 03:37:37.053828+00,10931
3124,1,AP,2026-08-05 03:37:37.053831+00,10910
10293,1,AP,2026-08-05 03:37:37.053834+00,10862
3554,0,CN,2026-08-05 03:38:11.140158+00,20034
85636211,0,CN,2026-08-05 03:38:11.140174+00,19269
57795011,0,CN,2026-08-05 03:38:11.140178+00,19167
3423,0,CN,2026-08-05 03:38:11.140181+00,19117
451641749,0,CN,2026-08-05 03:38:11.140185+00,19059
2893,0,CN,2026-08-05 03:38:11.140188+00,19011
3469,0,CN,2026-08-05 03:38:11.140191+00,18861
3453,0,CN,2026-08-05 03:38:11.140194+00,18512
196326796,0,CN,2026-08-05 03:38:11.140197+00,18431
6,0,CN,2026-08-05 03:38:11.1402+00,18425
165004030,0,CN,2026-08-05 03:38:11.140203+00,18124
3448,0,CN,2026-08-05 03:38:11.140206+00,17912
150797025,0,CN,2026-08-05 03:38:11.140209+00,17694
176299875,0,CN,2026-08-05 03:38:11.140212+00,17653
3531,0,CN,2026-08-05 03:38:11.140216+00,17624
3465,0,CN,2026-08-05 03:38:11.140219+00,17622
3529,0,CN,2026-08-05 03:38:11.140222+00,17620
3389,0,CN,2026-08-05 03:38:11.140225+00,17606
401392264,0,CN,2026-08-05 03:38:11.140228+00,17473
3551,0,CN,2026-08-05 03:38:11.140249+00,17431
404369331,0,CN,2026-08-05 03:38:11.140253+00,17371
63201543,0,CN,2026-08-05 03:38:11.140255+00,17369
2859,0,CN,2026-08-05 03:38:11.140258+00,17279
279776688,0,CN,2026-08-05 03:38:11.140261+00,17264
101218490,0,CN,2026-08-05 03:38:11.140264+00,17127
2384907,0,CN,2026-08-05 03:38:12.039328+00,17041
295581311,0,CN,2026-08-05 03:38:12.039347+00,17037
2827,0,CN,2026-08-05 03:38:12.03935+00,17026
4608840,0,CN,2026-08-05 03:38:12.039354+00,17021
151837754,0,CN,2026-08-05 03:38:12.039382+00,17012
261459684,0,CN,2026-08-05 03:38:12.039386+00,17003
245436189,0,CN,2026-08-05 03:38:12.039389+00,17002
361803744,0,CN,2026-08-05 03:38:12.039393+00,16800
10927,0,CN,2026-08-05 03:38:12.039397+00,16705
3449,0,CN,2026-08-05 03:38:12.0394+00,16684
3398,0,CN,2026-08-05 03:38:12.039403+00,16675
210849521,0,CN,2026-08-05 03:38:12.039406+00,16639
3405,0,CN,2026-08-05 03:38:12.039409+00,16563
2835,0,CN,2026-08-05 03:38:12.039412+00,16529
5011564,0,CN,2026-08-05 03:38:12.039415+00,16458
280513765,0,CN,2026-08-05 03:38:12.039418+00,16392
274106553,0,CN,2026-08-05 03:38:12.039421+00,16358
197218055,0,CN,2026-08-05 03:38:12.039424+00,16350
3417,0,CN,2026-08-05 03:38:12.039426+00,16312
36348924,0,CN,2026-08-05 03:38:12.039429+00,16206
10758,0,CN,2026-08-05 03:38:12.039432+00,16132
350254098,0,CN,2026-08-05 03:38:12.039434+00,16117
3444,0,CN,2026-08-05 03:38:12.039437+00,16115
9570,0,CN,2026-08-05 03:38:12.039439+00,16104
10498,0,CN,2026-08-05 03:38:12.039442+00,16087
229276662,0,CN,2026-08-05 03:38:12.927275+00,16062
277463363,0,CN,2026-08-05 03:38:12.927285+00,16043
157690350,0,CN,2026-08-05 03:38:12.927288+00,16038
275551817,0,CN,2026-08-05 03:38:12.927291+00,16025
3451,0,CN,2026-08-05 03:38:12.927293+00,16015
5009214,0,CN,2026-08-05 03:38:12.927296+00,16009
225037226,0,CN,2026-08-05 03:38:12.927299+00,16000
10740,0,CN,2026-08-05 03:38:12.927301+00,15818
3386,0,CN,2026-08-05 03:38:12.927304+00,15764
3466,0,CN,2026-08-05 03:38:12.927307+00,15748
3435,0,CN,2026-08-05 03:38:12.927309+00,15745
441650969,0,CN,2026-08-05 03:38:12.927312+00,15741
159566202,0,CN,2026-08-05 03:38:12.927314+00,15737
10905,0,CN,2026-08-05 03:38:12.927317+00,15606
10522,0,CN,2026-08-05 03:38:12.927319+00,15601
11085,0,CN,2026-08-05 03:38:12.927322+00,15583
209356746,0,CN,2026-08-05 03:38:12.927325+00,15577
295445394,0,CN,2026-08-05 03:38:12.927328+00,15556
8982,0,CN,2026-08-05 03:38:12.92733+00,15551
224038090,0,CN,2026-08-05 03:38:12.927333+00,15550
110273765,0,CN,2026-08-05 03:38:12.927335+00,15546
330728996,0,CN,2026-08-05 03:38:12.927338+00,15510
280752112,0,CN,2026-08-05 03:38:12.92734+00,15500
341814023,0,CN,2026-08-05 03:38:12.927343+00,15494
153295807,0,CN,2026-08-05 03:38:12.927345+00,15430
437249240,0,CN,2026-08-05 03:38:13.81627+00,15430
3528,0,CN,2026-08-05 03:38:13.816296+00,15409
3456,0,CN,2026-08-05 03:38:13.816302+00,15407
361569519,0,CN,2026-08-05 03:38:13.816305+00,15388
163185912,0,CN,2026-08-05 03:38:13.816308+00,15388
3416,0,CN,2026-08-05 03:38:13.816311+00,15386
52707649,0,CN,2026-08-05 03:38:13.816313+00,15384
4741455,0,CN,2026-08-05 03:38:13.816316+00,15367
154621920,0,CN,2026-08-05 03:38:13.816318+00,15339
5009328,0,CN,2026-08-05 03:38:13.816321+00,15309
195106456,0,CN,2026-08-05 03:38:13.816323+00,15293
208964831,0,CN,2026-08-05 03:38:13.816326+00,15269
23163054,0,CN,2026-08-05 03:38:13.816328+00,15240
3477,0,CN,2026-08-05 03:38:13.816331+00,15240
131614399,0,CN,2026-08-05 03:38:13.816333+00,15210
10774,0,CN,2026-08-05 03:38:13.816336+00,15189
95648722,0,CN,2026-08-05 03:38:13.816338+00,15176
108834868,0,CN,2026-08-05 03:38:13.81634+00,15166
5011139,0,CN,2026-08-05 03:38:13.816344+00,15158
395375827,0,CN,2026-08-05 03:38:13.816346+00,15139
5006357,0,CN,2026-08-05 03:38:13.816349+00,15109
301317904,0,CN,2026-08-05 03:38:13.816351+00,15097
10945,0,CN,2026-08-05 03:38:13.816353+00,15093
10867,0,CN,2026-08-05 03:38:13.816356+00,15059
8134,0,CN,2026-08-05 03:38:13.816358+00,15050
52736332,0,CN,2026-08-05 03:38:14.693809+00,15047
3370,0,CN,2026-08-05 03:38:14.693826+00,15032
8352,0,CN,2026-08-05 03:38:14.69383+00,15025
3418,0,CN,2026-08-05 03:38:14.693832+00,15024
10576,0,CN,2026-08-05 03:38:14.693835+00,15023
8169,0,CN,2026-08-05 03:38:14.693838+00,15022
151342573,0,CN,2026-08-05 03:38:14.693841+00,15021
279663549,0,CN,2026-08-05 03:38:14.693843+00,15017
283055310,0,CN,2026-08-05 03:38:14.693845+00,15014
272032562,0,CN,2026-08-05 03:38:14.693849+00,15010
355002902,0,CN,2026-08-05 03:38:14.693851+00,15008
228790488,0,CN,2026-08-05 03:38:14.693854+00,15003
151837544,0,CN,2026-08-05 03:38:14.693856+00,15002
317604188,0,CN,2026-08-05 03:38:14.693859+00,15000
274542304,0,CN,2026-08-05 03:38:14.693861+00,15000
240081003,0,CN,2026-08-05 03:38:14.693864+00,14927
209300145,0,CN,2026-08-05 03:38:14.693867+00,14923
281685664,0,CN,2026-08-05 03:38:14.693869+00,14913
157885679,0,CN,2026-08-05 03:38:14.693872+00,14887
13990437,0,CN,2026-08-05 03:38:14.693874+00,14835
451641750,0,CN,2026-08-05 03:38:14.693877+00,14826
171365554,0,CN,2026-08-05 03:38:14.693879+00,14826
96401179,0,CN,2026-08-05 03:38:14.693882+00,14787
5333143,0,CN,2026-08-05 03:38:14.693885+00,14777
5006336,0,CN,2026-08-05 03:38:14.693887+00,14764
106887864,0,CN,2026-08-05 03:38:15.580095+00,14763
250060324,0,CN,2026-08-05 03:38:15.580112+00,14746
274852276,0,CN,2026-08-05 03:38:15.580116+00,14742
8044,0,CN,2026-08-05 03:38:15.580119+00,14698
5011040,0,CN,2026-08-05 03:38:15.580122+00,14669
3479,0,CN,2026-08-05 03:38:15.580125+00,14666
167276402,0,CN,2026-08-05 03:38:15.580128+00,14642
10756,0,CN,2026-08-05 03:38:15.58013+00,14626
9177694,0,CN,2026-08-05 03:38:15.580133+00,14620
245849890,0,CN,2026-08-05 03:38:15.580135+00,14594
414906190,0,CN,2026-08-05 03:38:15.580137+00,14585
298808344,0,CN,2026-08-05 03:38:15.58014+00,14584
151503877,0,CN,2026-08-05 03:38:15.580142+00,14567
10845,0,CN,2026-08-05 03:38:15.580144+00,14530
163226544,0,CN,2026-08-05 03:38:15.580147+00,14525
386574383,0,CN,2026-08-05 03:38:15.58015+00,14522
3034,0,CN,2026-08-05 03:38:15.580152+00,14514
235099834,0,CN,2026-08-05 03:38:15.580155+00,14482
277238672,0,CN,2026-08-05 03:38:15.580158+00,14482
10658,0,CN,2026-08-05 03:38:15.580161+00,14479
164625687,0,CN,2026-08-05 03:38:15.580163+00,14435
11071,0,CN,2026-08-05 03:38:15.580166+00,14421
157683805,0,CN,2026-08-05 03:38:15.580169+00,14407
388551599,0,CN,2026-08-05 03:38:15.580172+00,14406
10765,0,CN,2026-08-05 03:38:15.580175+00,14402
53771507,0,CN,2026-08-05 03:38:16.454201+00,14378
71418390,0,CN,2026-08-05 03:38:16.454219+00,14364
5011016,0,CN,2026-08-05 03:38:16.454222+00,14355
10655,0,CN,2026-08-05 03:38:16.454225+00,14341
5005977,0,CN,2026-08-05 03:38:16.454228+00,14336
414757858,0,CN,2026-08-05 03:38:16.454231+00,14297
10224,0,CN,2026-08-05 03:38:16.454233+00,14286
202491086,0,CN,2026-08-05 03:38:16.454236+00,14279
10912,0,CN,2026-08-05 03:38:16.454238+00,14275
10693,0,CN,2026-08-05 03:38:16.454241+00,14254
287655170,0,CN,2026-08-05 03:38:16.454244+00,14245
5007997,0,CN,2026-08-05 03:38:16.454246+00,14242
170269358,0,CN,2026-08-05 03:38:16.454249+00,14239
275622858,0,CN,2026-08-05 03:38:16.454252+00,14233
46850818,0,CN,2026-08-05 03:38:16.454254+00,14213
284836518,0,CN,2026-08-05 03:38:16.454257+00,14209
11130,0,CN,2026-08-05 03:38:16.454259+00,14205
210399068,0,CN,2026-08-05 03:38:16.454262+00,14204
8686,0,CN,2026-08-05 03:38:16.454264+00,14182
10608217,0,CN,2026-08-05 03:38:16.454267+00,14176
292326019,0,CN,2026-08-05 03:38:16.45427+00,14171
414876025,0,CN,2026-08-05 03:38:16.454273+00,14156
5011047,0,CN,2026-08-05 03:38:16.454275+00,14152
343070434,0,CN,2026-08-05 03:38:16.454279+00,14139
284509047,0,CN,2026-08-05 03:38:16.454282+00,14139
151029248,0,CN,2026-08-05 03:38:17.344641+00,14131
2972,0,CN,2026-08-05 03:38:17.344664+00,14131
4702047,0,CN,2026-08-05 03:38:17.344668+00,14126
1717742,0,CN,2026-08-05 03:38:17.344671+00,14120
235579605,0,CN,2026-08-05 03:38:17.344673+00,14120
52348356,0,CN,2026-08-05 03:38:17.344676+00,14098
267315465,0,CN,2026-08-05 03:38:17.344679+00,14097
151978534,0,CN,2026-08-05 03:38:17.344682+00,14096
11012,0,CN,2026-08-05 03:38:17.344684+00,14095
5005996,0,CN,2026-08-05 03:38:17.344687+00,14094
313188,0,CN,2026-08-05 03:38:17.34469+00,14092
3427,0,CN,2026-08-05 03:38:17.344693+00,14073
11475240,0,CN,2026-08-05 03:38:17.344696+00,14073
167829094,0,CN,2026-08-05 03:38:17.344699+00,14073
274814623,0,CN,2026-08-05 03:38:17.344702+00,14067
913813,0,CN,2026-08-05 03:38:17.344704+00,14058
377325206,0,CN,2026-08-05 03:38:17.344707+00,14056
10687,0,CN,2026-08-05 03:38:17.34471+00,14056
5010392,0,CN,2026-08-05 03:38:17.344712+00,14056
275390837,0,CN,2026-08-05 03:38:17.344715+00,14054
384970106,0,CN,2026-08-05 03:38:17.344718+00,14053
146913647,0,CN,2026-08-05 03:38:17.344721+00,14051
145913266,0,CN,2026-08-05 03:38:17.344723+00,14038
263899577,0,CN,2026-08-05 03:38:17.344727+00,14032
9072,0,CN,2026-08-05 03:38:17.34473+00,14030
81719216,0,CN,2026-08-05 03:38:18.223383+00,14029
10471,0,CN,2026-08-05 03:38:18.223401+00,14023
203842452,0,CN,2026-08-05 03:38:18.223405+00,14008
443697494,0,CN,2026-08-05 03:38:18.223408+00,14007
139599,0,CN,2026-08-05 03:38:18.22341+00,14007
338601646,0,CN,2026-08-05 03:38:18.223413+00,14005
7838,0,CN,2026-08-05 03:38:18.223415+00,14002
80614242,0,CN,2026-08-05 03:38:18.223418+00,14002
232587334,0,CN,2026-08-05 03:38:18.22342+00,14001
441887489,0,CN,2026-08-05 03:38:18.223422+00,14000
10654,0,CN,2026-08-05 03:38:18.223425+00,13975
5010469,0,CN,2026-08-05 03:38:18.223427+00,13973
212066917,0,CN,2026-08-05 03:38:18.22343+00,13967
275797080,0,CN,2026-08-05 03:38:18.223432+00,13958
428890061,0,CN,2026-08-05 03:38:18.223435+00,13936
25448541,0,CN,2026-08-05 03:38:18.223437+00,13922
3878284,0,CN,2026-08-05 03:38:18.22344+00,13912
230619028,0,CN,2026-08-05 03:38:18.223443+00,13909
18270292,0,CN,2026-08-05 03:38:18.223445+00,13897
316626,0,CN,2026-08-05 03:38:18.223448+00,13896
5008186,0,CN,2026-08-05 03:38:18.22345+00,13892
262506641,0,CN,2026-08-05 03:38:18.223453+00,13892
436144421,0,CN,2026-08-05 03:38:18.223455+00,13889
359857654,0,CN,2026-08-05 03:38:18.223457+00,13889
5005210,0,CN,2026-08-05 03:38:18.22346+00,13881
10381,0,CN,2026-08-05 03:38:19.113461+00,13879
163310148,0,CN,2026-08-05 03:38:19.113478+00,13870
355541604,0,CN,2026-08-05 03:38:19.113482+00,13857
434761201,0,CN,2026-08-05 03:38:19.113494+00,13826
2012348,0,CN,2026-08-05 03:38:19.1135+00,13817
5006483,0,CN,2026-08-05 03:38:19.113502+00,13816
3208,0,CN,2026-08-05 03:38:19.113504+00,13803
274722254,0,CN,2026-08-05 03:38:19.113507+00,13786
3301,0,CN,2026-08-05 03:38:19.113511+00,13771
224241090,0,CN,2026-08-05 03:38:19.113514+00,13767
242209411,0,CN,2026-08-05 03:38:19.113517+00,13766
308337967,0,CN,2026-08-05 03:38:19.113519+00,13756
282316769,0,CN,2026-08-05 03:38:19.113521+00,13753
3726291,0,CN,2026-08-05 03:38:19.113524+00,13717
10768,0,CN,2026-08-05 03:38:19.113527+00,13716
11126,0,CN,2026-08-05 03:38:19.113529+00,13712
362398353,0,CN,2026-08-05 03:38:19.113532+00,13694
179225650,0,CN,2026-08-05 03:38:19.113534+00,13687
301418793,0,CN,2026-08-05 03:38:19.113537+00,13667
421686391,0,CN,2026-08-05 03:38:19.113539+00,13664
9277,0,CN,2026-08-05 03:38:19.113542+00,13663
274316181,0,CN,2026-08-05 03:38:19.113544+00,13655
166763020,0,CN,2026-08-05 03:38:19.113547+00,13644
350030568,0,CN,2026-08-05 03:38:19.113549+00,13644
334543728,0,CN,2026-08-05 03:38:19.113551+00,13642
275368431,0,CN,2026-08-05 03:38:19.998042+00,13636
5006430,0,CN,2026-08-05 03:38:19.99806+00,13633
328201691,0,CN,2026-08-05 03:38:19.998064+00,13616
455551214,0,CN,2026-08-05 03:38:19.998066+00,13613
205759541,0,CN,2026-08-05 03:38:19.998069+00,13609
380584449,0,CN,2026-08-05 03:38:19.998071+00,13601
5011290,0,CN,2026-08-05 03:38:19.998074+00,13595
151262977,0,CN,2026-08-05 03:38:19.998076+00,13592
423156728,0,CN,2026-08-05 03:38:19.998079+00,13587
362761372,0,CN,2026-08-05 03:38:19.998082+00,13577
3493,0,CN,2026-08-05 03:38:19.998084+00,13558
3505422,0,CN,2026-08-05 03:38:19.998087+00,13556
335310788,0,CN,2026-08-05 03:38:19.998089+00,13546
5011761,0,CN,2026-08-05 03:38:19.998091+00,13538
161205850,0,CN,2026-08-05 03:38:19.998094+00,13534
5008431,0,CN,2026-08-05 03:38:19.998096+00,13531
10426,0,CN,2026-08-05 03:38:19.998098+00,13528
3384,0,CN,2026-08-05 03:38:19.998101+00,13521
275893914,0,CN,2026-08-05 03:38:19.998103+00,13521
200441968,0,CN,2026-08-05 03:38:19.998107+00,13518
204571168,0,CN,2026-08-05 03:38:19.998109+00,13509
3558,0,CN,2026-08-05 03:38:19.998112+00,13506
26358661,0,CN,2026-08-05 03:38:19.998114+00,13505
256885152,0,CN,2026-08-05 03:38:19.998116+00,13501
5523362,0,CN,2026-08-05 03:38:19.998119+00,13501
266730651,0,CN,2026-08-05 03:38:20.875625+00,13501
59589334,0,CN,2026-08-05 03:38:20.875642+00,13499
11178,0,CN,2026-08-05 03:38:20.875646+00,13498
29585159,0,CN,2026-08-05 03:38:20.875648+00,13491
289075459,0,CN,2026-08-05 03:38:20.875651+00,13491
22488316,0,CN,2026-08-05 03:38:20.875653+00,13490
431244711,0,CN,2026-08-05 03:38:20.875656+00,13489
57609031,0,CN,2026-08-05 03:38:20.875659+00,13473
262374055,0,CN,2026-08-05 03:38:20.875661+00,13469
370353274,0,CN,2026-08-05 03:38:20.875689+00,13449
360681158,0,CN,2026-08-05 03:38:20.875692+00,13445
90971082,0,CN,2026-08-05 03:38:20.875695+00,13428
153848837,0,CN,2026-08-05 03:38:20.875697+00,13422
224420518,0,CN,2026-08-05 03:38:20.8757+00,13415
231689718,0,CN,2026-08-05 03:38:20.875702+00,13409
151312258,0,CN,2026-08-05 03:38:20.875705+00,13407
8934,0,CN,2026-08-05 03:38:20.875707+00,13406
5011120,0,CN,2026-08-05 03:38:20.87571+00,13401
5009553,0,CN,2026-08-05 03:38:20.875712+00,13392
153313650,0,CN,2026-08-05 03:38:20.875715+00,13388
912194,0,CN,2026-08-05 03:38:20.875717+00,13375
319230332,0,CN,2026-08-05 03:38:20.875719+00,13372
227232688,0,CN,2026-08-05 03:38:20.875722+00,13372
5005478,0,CN,2026-08-05 03:38:20.875725+00,13361
247372249,0,CN,2026-08-05 03:38:20.875727+00,13360
281810315,0,CN,2026-08-05 03:38:21.757361+00,13355
10764,0,CN,2026-08-05 03:38:21.75738+00,13352
9947,0,CN,2026-08-05 03:38:21.757383+00,13347
281935097,0,CN,2026-08-05 03:38:21.757386+00,13341
132445293,0,CN,2026-08-05 03:38:21.757389+00,13335
73662436,0,CN,2026-08-05 03:38:21.757391+00,13331
109213801,0,CN,2026-08-05 03:38:21.757394+00,13324
433071874,0,CN,2026-08-05 03:38:21.757396+00,13315
151458661,0,CN,2026-08-05 03:38:21.757399+00,13313
104402,0,CN,2026-08-05 03:38:21.757403+00,13309
18850893,0,CN,2026-08-05 03:38:21.757405+00,13303
267270853,0,CN,2026-08-05 03:38:21.757408+00,13303
163453627,0,CN,2026-08-05 03:38:21.757411+00,13301
447387885,0,CN,2026-08-05 03:38:21.757413+00,13299
443334904,0,CN,2026-08-05 03:38:21.757416+00,13286
11248,0,CN,2026-08-05 03:38:21.757418+00,13278
298272470,0,CN,2026-08-05 03:38:21.757421+00,13278
3482,0,CN,2026-08-05 03:38:21.757424+00,13278
3524,0,CN,2026-08-05 03:38:21.757426+00,13271
401885261,0,CN,2026-08-05 03:38:21.757428+00,13267
217379065,0,CN,2026-08-05 03:38:21.757431+00,13262
381727761,0,CN,2026-08-05 03:38:21.757434+00,13262
8874,0,CN,2026-08-05 03:38:21.757436+00,13261
5428295,0,CN,2026-08-05 03:38:21.757438+00,13254
196372455,0,CN,2026-08-05 03:38:21.757441+00,13254
48251273,0,CN,2026-08-05 03:38:22.667971+00,13251
5008490,0,CN,2026-08-05 03:38:22.667988+00,13247
170755493,0,CN,2026-08-05 03:38:22.667991+00,13244
5010554,0,CN,2026-08-05 03:38:22.667994+00,13243
32941304,0,CN,2026-08-05 03:38:22.667996+00,13242
94211331,0,CN,2026-08-05 03:38:22.667999+00,13241
368099106,0,CN,2026-08-05 03:38:22.668002+00,13234
8029,0,CN,2026-08-05 03:38:22.668004+00,13228
9675049,0,CN,2026-08-05 03:38:22.668006+00,13226
174173708,0,CN,2026-08-05 03:38:22.668009+00,13223
7016785,0,CN,2026-08-05 03:38:22.668011+00,13221
83919800,0,CN,2026-08-05 03:38:22.668014+00,13221
155418902,0,CN,2026-08-05 03:38:22.668017+00,13219
8243,0,CN,2026-08-05 03:38:22.668019+00,13214
10491,0,CN,2026-08-05 03:38:22.668022+00,13209
10762,0,CN,2026-08-05 03:38:22.668024+00,13206
280434704,0,CN,2026-08-05 03:38:22.668026+00,13203
10992,0,CN,2026-08-05 03:38:22.668029+00,13197
159046851,0,CN,2026-08-05 03:38:22.668031+00,13194
5007628,0,CN,2026-08-05 03:38:22.668034+00,13192
216350187,0,CN,2026-08-05 03:38:22.668036+00,13190
366740504,0,CN,2026-08-05 03:38:22.668039+00,13185
429342051,0,CN,2026-08-05 03:38:22.668041+00,13183
253595834,0,CN,2026-08-05 03:38:22.668043+00,13181
420236332,0,CN,2026-08-05 03:38:22.668046+00,13180
5007282,0,CN,2026-08-05 03:38:23.554232+00,13179
8829,0,CN,2026-08-05 03:38:23.554248+00,13176
463917927,0,CN,2026-08-05 03:38:23.554251+00,13167
8803,0,CN,2026-08-05 03:38:23.554255+00,13166
45592259,0,CN,2026-08-05 03:38:23.554258+00,13164
10772,0,CN,2026-08-05 03:38:23.554261+00,13161
222170076,0,CN,2026-08-05 03:38:23.554263+00,13158
444503326,0,CN,2026-08-05 03:38:23.554265+00,13158
389728656,0,CN,2026-08-05 03:38:23.554268+00,13155
316073001,0,CN,2026-08-05 03:38:23.55427+00,13153
274394612,0,CN,2026-08-05 03:38:23.554272+00,13148
10400,0,CN,2026-08-05 03:38:23.554275+00,13147
10411,0,CN,2026-08-05 03:38:23.554277+00,13147
91125710,0,CN,2026-08-05 03:38:23.55428+00,13145
11088,0,CN,2026-08-05 03:38:23.554282+00,13145
5007856,0,CN,2026-08-05 03:38:23.554285+00,13144
10489,0,CN,2026-08-05 03:38:23.554287+00,13135
5011158,0,CN,2026-08-05 03:38:23.554289+00,13131
11037,0,CN,2026-08-05 03:38:23.554292+00,13128
10753,0,CN,2026-08-05 03:38:23.554294+00,13128
5006411,0,CN,2026-08-05 03:38:23.554297+00,13126
3472,0,CN,2026-08-05 03:38:23.554299+00,13126
271044044,0,CN,2026-08-05 03:38:23.554302+00,13124
153926378,0,CN,2026-08-05 03:38:23.554304+00,13123
461398422,0,CN,2026-08-05 03:38:23.554307+00,13109
274782989,0,CN,2026-08-05 03:38:24.439131+00,13108
276896613,0,CN,2026-08-05 03:38:24.439149+00,13106
282748675,0,CN,2026-08-05 03:38:24.439152+00,13105
10787,0,CN,2026-08-05 03:38:24.439155+00,13103
5011405,0,CN,2026-08-05 03:38:24.439157+00,13100
593888,0,CN,2026-08-05 03:38:24.43916+00,13096
157482380,0,CN,2026-08-05 03:38:24.439162+00,13095
274114421,0,CN,2026-08-05 03:38:24.439165+00,13094
13037856,0,CN,2026-08-05 03:38:24.439167+00,13089
223381179,0,CN,2026-08-05 03:38:24.439169+00,13088
151085729,0,CN,2026-08-05 03:38:24.439172+00,13087
270308930,0,CN,2026-08-05 03:38:24.439174+00,13087
366204358,0,CN,2026-08-05 03:38:24.439177+00,13083
455284280,0,CN,2026-08-05 03:38:24.439179+00,13082
463735679,0,CN,2026-08-05 03:38:24.439181+00,13076
247414082,0,CN,2026-08-05 03:38:24.439184+00,13075
275999371,0,CN,2026-08-05 03:38:24.439186+00,13069
449467913,0,CN,2026-08-05 03:38:24.439188+00,13068
336917678,0,CN,2026-08-05 03:38:24.439191+00,13067
13770955,0,CN,2026-08-05 03:38:24.439193+00,13065
283680301,0,CN,2026-08-05 03:38:24.439196+00,13059
233753811,0,CN,2026-08-05 03:38:24.439198+00,13058
10916,0,CN,2026-08-05 03:38:24.439201+00,13056
10695,0,CN,2026-08-05 03:38:24.439203+00,13056
461491102,0,CN,2026-08-05 03:38:24.439205+00,13054
29618477,0,CN,2026-08-05 03:38:25.31539+00,13053
5011242,0,CN,2026-08-05 03:38:25.315408+00,13051
361225467,0,CN,2026-08-05 03:38:25.315411+00,13045
12739119,0,CN,2026-08-05 03:38:25.315414+00,13044
5005763,0,CN,2026-08-05 03:38:25.315416+00,13044
11098,0,CN,2026-08-05 03:38:25.315419+00,13042
151513146,0,CN,2026-08-05 03:38:25.315421+00,13039
124303890,0,CN,2026-08-05 03:38:25.315424+00,13039
3308,0,CN,2026-08-05 03:38:25.315426+00,13038
5007835,0,CN,2026-08-05 03:38:25.315428+00,13038
10698,0,CN,2026-08-05 03:38:25.315431+00,13031
360408842,0,CN,2026-08-05 03:38:25.315433+00,13027
401120994,0,CN,2026-08-05 03:38:25.315435+00,13025
1132644,0,CN,2026-08-05 03:38:25.315438+00,13023
218141249,0,CN,2026-08-05 03:38:25.31544+00,13023
10668,0,CN,2026-08-05 03:38:25.315443+00,13022
385965528,0,CN,2026-08-05 03:38:25.315445+00,13021
272393123,0,CN,2026-08-05 03:38:25.315448+00,13020
5011046,0,CN,2026-08-05 03:38:25.31545+00,13020
457082998,0,CN,2026-08-05 03:38:25.315452+00,13020
10603,0,CN,2026-08-05 03:38:25.315455+00,13018
5006640,0,CN,2026-08-05 03:38:25.315457+00,13018
335248269,0,CN,2026-08-05 03:38:25.315459+00,13013
7845,0,CN,2026-08-05 03:38:25.315461+00,13013
463467184,0,CN,2026-08-05 03:38:25.315464+00,13012
9751,0,CN,2026-08-05 03:38:26.208176+00,13011
10671,0,CN,2026-08-05 03:38:26.208192+00,13007
467494155,0,CN,2026-08-05 03:38:26.208195+00,13002
430973439,0,CN,2026-08-05 03:38:26.208198+00,13002
111981812,0,CN,2026-08-05 03:38:26.2082+00,13001
351935232,0,CN,2026-08-05 03:38:26.208203+00,13000
38636415,0,CN,2026-08-05 03:38:26.208206+00,13000
5009566,0,CN,2026-08-05 03:38:26.208209+00,12997
9141,0,CN,2026-08-05 03:38:26.208211+00,12990
249561907,0,CN,2026-08-05 03:38:26.208214+00,12989
276536389,0,CN,2026-08-05 03:38:26.208216+00,12982
259987801,0,CN,2026-08-05 03:38:26.208218+00,12979
5010271,0,CN,2026-08-05 03:38:26.208221+00,12974
268125407,0,CN,2026-08-05 03:38:26.208223+00,12967
10399,0,CN,2026-08-05 03:38:26.208226+00,12966
343519937,0,CN,2026-08-05 03:38:26.208228+00,12966
107259334,0,CN,2026-08-05 03:38:26.208231+00,12964
165739132,0,CN,2026-08-05 03:38:26.208233+00,12960
10588,0,CN,2026-08-05 03:38:26.208236+00,12951
165074146,0,CN,2026-08-05 03:38:26.208238+00,12948
433342700,0,CN,2026-08-05 03:38:26.20824+00,12944
9432,0,CN,2026-08-05 03:38:26.208242+00,12935
274181913,0,CN,2026-08-05 03:38:26.208245+00,12934
453595498,0,CN,2026-08-05 03:38:26.208247+00,12930
151124965,0,CN,2026-08-05 03:38:26.20825+00,12924
275504871,0,CN,2026-08-05 03:38:27.094395+00,12918
324661481,0,CN,2026-08-05 03:38:27.094411+00,12916
392303516,0,CN,2026-08-05 03:38:27.094414+00,12911
429071275,0,CN,2026-08-05 03:38:27.094416+00,12908
384883590,0,CN,2026-08-05 03:38:27.094419+00,12907
145526665,0,CN,2026-08-05 03:38:27.094421+00,12906
373697993,0,CN,2026-08-05 03:38:27.094424+00,12892
455282883,0,CN,2026-08-05 03:38:27.094427+00,12892
158912031,0,CN,2026-08-05 03:38:27.094429+00,12889
239246454,0,CN,2026-08-05 03:38:27.094431+00,12888
467673682,0,CN,2026-08-05 03:38:27.094434+00,12886
180138938,0,CN,2026-08-05 03:38:27.094436+00,12885
76269547,0,CN,2026-08-05 03:38:27.094438+00,12883
423878319,0,CN,2026-08-05 03:38:27.094441+00,12883
427346969,0,CN,2026-08-05 03:38:27.094443+00,12882
8246,0,CN,2026-08-05 03:38:27.094446+00,12882
5008726,0,CN,2026-08-05 03:38:27.094448+00,12874
10814,0,CN,2026-08-05 03:38:27.094451+00,12873
342887724,0,CN,2026-08-05 03:38:27.094453+00,12870
16222174,0,CN,2026-08-05 03:38:27.094455+00,12866
157062286,0,CN,2026-08-05 03:38:27.094458+00,12865
10863,0,CN,2026-08-05 03:38:27.09446+00,12865
437304429,0,CN,2026-08-05 03:38:27.094462+00,12863
322799965,0,CN,2026-08-05 03:38:27.094465+00,12863
239020900,0,CN,2026-08-05 03:38:27.094467+00,12862
256890727,0,CN,2026-08-05 03:38:27.977824+00,12859
340741614,0,CN,2026-08-05 03:38:27.977841+00,12857
5011089,0,CN,2026-08-05 03:38:27.977845+00,12850
258407615,0,CN,2026-08-05 03:38:27.977848+00,12849
464816866,0,CN,2026-08-05 03:38:27.97785+00,12848
362032663,0,CN,2026-08-05 03:38:27.977853+00,12845
386755373,0,CN,2026-08-05 03:38:27.977855+00,12844
80614041,0,CN,2026-08-05 03:38:27.977858+00,12834
28309771,0,CN,2026-08-05 03:38:27.97786+00,12834
5011813,0,CN,2026-08-05 03:38:27.977863+00,12832
152097226,0,CN,2026-08-05 03:38:27.977866+00,12830
422886438,0,CN,2026-08-05 03:38:27.977868+00,12828
7954044,0,CN,2026-08-05 03:38:27.977871+00,12825
407729048,0,CN,2026-08-05 03:38:27.977874+00,12821
456902223,0,CN,2026-08-05 03:38:27.977877+00,12821
22551475,0,CN,2026-08-05 03:38:27.977879+00,12818
153965277,0,CN,2026-08-05 03:38:27.977882+00,12818
232366352,0,CN,2026-08-05 03:38:27.977884+00,12815
3518,0,CN,2026-08-05 03:38:27.977887+00,12815
5009983,0,CN,2026-08-05 03:38:27.977889+00,12809
449991586,0,CN,2026-08-05 03:38:27.977892+00,12809
5011148,0,CN,2026-08-05 03:38:27.977894+00,12809
261248100,0,CN,2026-08-05 03:38:27.977896+00,12805
5007513,0,CN,2026-08-05 03:38:27.977899+00,12801
470811908,0,CN,2026-08-05 03:38:27.977901+00,12794
227540596,1,CN,2026-08-05 03:38:11.148521+00,27754
9215458,1,CN,2026-08-05 03:38:11.148538+00,24625
5005596,1,CN,2026-08-05 03:38:11.148542+00,23677
151172211,1,CN,2026-08-05 03:38:11.148544+00,23524
3461,1,CN,2026-08-05 03:38:11.148547+00,23501
3517,1,CN,2026-08-05 03:38:11.14855+00,23328
17596563,1,CN,2026-08-05 03:38:11.148553+00,23189
283011039,1,CN,2026-08-05 03:38:11.148556+00,22000
220637240,1,CN,2026-08-05 03:38:11.148558+00,21358
5008133,1,CN,2026-08-05 03:38:11.148561+00,21011
52277544,1,CN,2026-08-05 03:38:11.148564+00,20773
276361855,1,CN,2026-08-05 03:38:11.148566+00,20730
3065,1,CN,2026-08-05 03:38:11.148569+00,20572
172787650,1,CN,2026-08-05 03:38:11.148573+00,20428
241044596,1,CN,2026-08-05 03:38:11.148576+00,20366
11240,1,CN,2026-08-05 03:38:11.148578+00,20342
263179246,1,CN,2026-08-05 03:38:11.148581+00,20109
257414879,1,CN,2026-08-05 03:38:11.148584+00,19815
151283681,1,CN,2026-08-05 03:38:11.148587+00,19770
3030,1,CN,2026-08-05 03:38:11.148589+00,19649
3399,1,CN,2026-08-05 03:38:11.148592+00,19351
11030,1,CN,2026-08-05 03:38:11.148594+00,18987
393475576,1,CN,2026-08-05 03:38:11.148597+00,18565
3468,1,CN,2026-08-05 03:38:11.148599+00,18318
151058942,1,CN,2026-08-05 03:38:11.148602+00,18187
1096060,1,CN,2026-08-05 03:38:12.036743+00,18132
26797206,1,CN,2026-08-05 03:38:12.03676+00,18077
151304489,1,CN,2026-08-05 03:38:12.036764+00,17921
224331870,1,CN,2026-08-05 03:38:12.036766+00,17919
276219699,1,CN,2026-08-05 03:38:12.036769+00,17910
336392166,1,CN,2026-08-05 03:38:12.036771+00,17822
3400,1,CN,2026-08-05 03:38:12.036774+00,17813
3523,1,CN,2026-08-05 03:38:12.036776+00,17726
107759595,1,CN,2026-08-05 03:38:12.03678+00,17585
11151,1,CN,2026-08-05 03:38:12.036782+00,17310
5011046,1,CN,2026-08-05 03:38:12.036785+00,17308
283011016,1,CN,2026-08-05 03:38:12.036787+00,17283
163538661,1,CN,2026-08-05 03:38:12.03679+00,17050
3031,1,CN,2026-08-05 03:38:12.036792+00,16998
274494035,1,CN,2026-08-05 03:38:12.036795+00,16959
3431,1,CN,2026-08-05 03:38:12.036797+00,16820
3376,1,CN,2026-08-05 03:38:12.0368+00,16748
275304198,1,CN,2026-08-05 03:38:12.036803+00,16746
11074,1,CN,2026-08-05 03:38:12.036806+00,16727
10810,1,CN,2026-08-05 03:38:12.036808+00,16691
3409,1,CN,2026-08-05 03:38:12.036811+00,16379
277430821,1,CN,2026-08-05 03:38:12.036814+00,16283
274235623,1,CN,2026-08-05 03:38:12.036816+00,16178
277495879,1,CN,2026-08-05 03:38:12.036819+00,16028
279035093,1,CN,2026-08-05 03:38:12.036821+00,16021
1018030,1,CN,2026-08-05 03:38:12.926584+00,16016
3382,1,CN,2026-08-05 03:38:12.926602+00,15948
169923503,1,CN,2026-08-05 03:38:12.926605+00,15837
3543,1,CN,2026-08-05 03:38:12.926609+00,15719
742310,1,CN,2026-08-05 03:38:12.926612+00,15703
9673,1,CN,2026-08-05 03:38:12.926614+00,15698
3441,1,CN,2026-08-05 03:38:12.926617+00,15444
231287602,1,CN,2026-08-05 03:38:12.92662+00,15421
5006449,1,CN,2026-08-05 03:38:12.926623+00,15342
352389280,1,CN,2026-08-05 03:38:12.926625+00,15325
11087,1,CN,2026-08-05 03:38:12.926628+00,15202
290110526,1,CN,2026-08-05 03:38:12.92663+00,15184
5008861,1,CN,2026-08-05 03:38:12.926633+00,15101
3429,1,CN,2026-08-05 03:38:12.926636+00,15096
443065708,1,CN,2026-08-05 03:38:12.926639+00,15003
347591270,1,CN,2026-08-05 03:38:12.926643+00,14998
421233214,1,CN,2026-08-05 03:38:12.926646+00,14942
274181913,1,CN,2026-08-05 03:38:12.926648+00,14858
152014652,1,CN,2026-08-05 03:38:12.926651+00,14856
297496878,1,CN,2026-08-05 03:38:12.926655+00,14837
282835649,1,CN,2026-08-05 03:38:12.926658+00,14704
10677,1,CN,2026-08-05 03:38:12.926661+00,14699
152069373,1,CN,2026-08-05 03:38:12.926664+00,14599
276362148,1,CN,2026-08-05 03:38:12.926666+00,14597
2949,1,CN,2026-08-05 03:38:12.926669+00,14587
276362108,1,CN,2026-08-05 03:38:13.807245+00,14557
347412168,1,CN,2026-08-05 03:38:13.807262+00,14510
140666579,1,CN,2026-08-05 03:38:13.807267+00,14488
39169751,1,CN,2026-08-05 03:38:13.80727+00,14351
3377,1,CN,2026-08-05 03:38:13.807273+00,14203
135376764,1,CN,2026-08-05 03:38:13.807275+00,14198
126117882,1,CN,2026-08-05 03:38:13.807279+00,14193
29778505,1,CN,2026-08-05 03:38:13.807282+00,14176
446146396,1,CN,2026-08-05 03:38:13.807285+00,14130
3365,1,CN,2026-08-05 03:38:13.807287+00,14111
9843,1,CN,2026-08-05 03:38:13.807289+00,14103
23581624,1,CN,2026-08-05 03:38:13.807292+00,14095
233173484,1,CN,2026-08-05 03:38:13.807295+00,14047
3512,1,CN,2026-08-05 03:38:13.807297+00,14025
66141656,1,CN,2026-08-05 03:38:13.8073+00,14018
469467427,1,CN,2026-08-05 03:38:13.807302+00,13902
3870980,1,CN,2026-08-05 03:38:13.807305+00,13876
96799060,1,CN,2026-08-05 03:38:13.807307+00,13874
11114,1,CN,2026-08-05 03:38:13.807311+00,13852
10493,1,CN,2026-08-05 03:38:13.807313+00,13760
151194635,1,CN,2026-08-05 03:38:13.807316+00,13759
10519,1,CN,2026-08-05 03:38:13.807318+00,13700
10956,1,CN,2026-08-05 03:38:13.807321+00,13671
133658834,1,CN,2026-08-05 03:38:13.807324+00,13654
391309212,1,CN,2026-08-05 03:38:13.807327+00,13652
